solid OpenSCAD_Model
  facet normal 0 -0.32143787370455856 0.9469306697685382
    outer loop
      vertex -47 -2.070551872253418 -34.2725944519043
      vertex -33 -3.061467170715332 -34.60896301269531
      vertex -33 -2.070551872253418 -34.2725944519043
    endloop
  endfacet
  facet normal 0 -0.32143787370455856 0.9469306697685382
    outer loop
      vertex -33 -3.061467170715332 -34.60896301269531
      vertex -47 -2.070551872253418 -34.2725944519043
      vertex -47 -3.061467170715332 -34.60896301269531
    endloop
  endfacet
  facet normal 0 0.06540521601482088 -0.9978587864613181
    outer loop
      vertex -47 0 -50
      vertex -33 1.0442094802856445 -49.931556701660156
      vertex -33 0 -50
    endloop
  endfacet
  facet normal 0 0.06540521601482088 -0.9978587864613181
    outer loop
      vertex -33 1.0442094802856445 -49.931556701660156
      vertex -47 0 -50
      vertex -47 1.0442094802856445 -49.931556701660156
    endloop
  endfacet
  facet normal 0 0.9978589015191364 0.0654034606043319
    outer loop
      vertex -33 8 -42
      vertex -47 7.931558609008789 -40.95579147338867
      vertex -33 7.931558609008789 -40.95579147338867
    endloop
  endfacet
  facet normal 0 0.9978589015191364 0.0654034606043319
    outer loop
      vertex -47 7.931558609008789 -40.95579147338867
      vertex -33 8 -42
      vertex -47 8 -42
    endloop
  endfacet
  facet normal 0 -0.06540521601482088 -0.9978587864613181
    outer loop
      vertex -47 -1.0442094802856445 -49.931556701660156
      vertex -33 0 -50
      vertex -33 -1.0442094802856445 -49.931556701660156
    endloop
  endfacet
  facet normal 0 -0.06540521601482088 -0.9978587864613181
    outer loop
      vertex -33 0 -50
      vertex -47 -1.0442094802856445 -49.931556701660156
      vertex -47 0 -50
    endloop
  endfacet
  facet normal 0 0.659345341464262 -0.751840222846168
    outer loop
      vertex -47 4.870090484619141 -48.346824645996094
      vertex -33 5.656853675842285 -47.65685272216797
      vertex -33 4.870090484619141 -48.346824645996094
    endloop
  endfacet
  facet normal 0 0.659345341464262 -0.751840222846168
    outer loop
      vertex -33 5.656853675842285 -47.65685272216797
      vertex -47 4.870090484619141 -48.346824645996094
      vertex -47 5.656853675842285 -47.65685272216797
    endloop
  endfacet
  facet normal 0 0.75183937487901 -0.6593463083854639
    outer loop
      vertex -33 5.656853675842285 -47.65685272216797
      vertex -47 6.346826553344727 -46.87009048461914
      vertex -33 6.346826553344727 -46.87009048461914
    endloop
  endfacet
  facet normal 0 0.75183937487901 -0.6593463083854639
    outer loop
      vertex -47 6.346826553344727 -46.87009048461914
      vertex -33 5.656853675842285 -47.65685272216797
      vertex -47 5.656853675842285 -47.65685272216797
    endloop
  endfacet
  facet normal 0 0.659345341464262 0.751840222846168
    outer loop
      vertex -47 5.656853675842285 -36.34314727783203
      vertex -33 4.870090484619141 -35.653175354003906
      vertex -33 5.656853675842285 -36.34314727783203
    endloop
  endfacet
  facet normal 0 0.659345341464262 0.751840222846168
    outer loop
      vertex -33 4.870090484619141 -35.653175354003906
      vertex -47 5.656853675842285 -36.34314727783203
      vertex -47 4.870090484619141 -35.653175354003906
    endloop
  endfacet
  facet normal 0 0.8968728316376392 -0.44228850750418897
    outer loop
      vertex -33 6.9282026290893555 -46
      vertex -47 7.391036033630371 -45.061466217041016
      vertex -33 7.391036033630371 -45.061466217041016
    endloop
  endfacet
  facet normal 0 0.8968728316376392 -0.44228850750418897
    outer loop
      vertex -47 7.391036033630371 -45.061466217041016
      vertex -33 6.9282026290893555 -46
      vertex -47 6.9282026290893555 -46
    endloop
  endfacet
  facet normal 0 0.06540521601482088 0.9978587864613181
    outer loop
      vertex -47 1.0442094802856445 -34.068443298339844
      vertex -33 0 -34
      vertex -33 1.0442094802856445 -34.068443298339844
    endloop
  endfacet
  facet normal 0 0.06540521601482088 0.9978587864613181
    outer loop
      vertex -33 0 -34
      vertex -47 1.0442094802856445 -34.068443298339844
      vertex -47 0 -34
    endloop
  endfacet
  facet normal 0 0.1950893647510419 0.9807854708146093
    outer loop
      vertex -47 2.070551872253418 -34.2725944519043
      vertex -33 1.0442094802856445 -34.068443298339844
      vertex -33 2.070551872253418 -34.2725944519043
    endloop
  endfacet
  facet normal 0 0.1950893647510419 0.9807854708146093
    outer loop
      vertex -33 1.0442094802856445 -34.068443298339844
      vertex -47 2.070551872253418 -34.2725944519043
      vertex -47 1.0442094802856445 -34.068443298339844
    endloop
  endfacet
  facet normal 0 -0.8314695236334722 0.5555703657222251
    outer loop
      vertex -47 -6.9282026290893555 -38
      vertex -33 -6.346826553344727 -37.12990951538086
      vertex -47 -6.346826553344727 -37.12990951538086
    endloop
  endfacet
  facet normal 0 -0.8314695236334722 0.5555703657222251
    outer loop
      vertex -33 -6.346826553344727 -37.12990951538086
      vertex -47 -6.9282026290893555 -38
      vertex -33 -6.9282026290893555 -38
    endloop
  endfacet
  facet normal 0 -0.75183937487901 -0.6593463083854639
    outer loop
      vertex -47 -5.656853675842285 -47.65685272216797
      vertex -33 -6.346826553344727 -46.87009048461914
      vertex -47 -6.346826553344727 -46.87009048461914
    endloop
  endfacet
  facet normal 0 -0.75183937487901 -0.6593463083854639
    outer loop
      vertex -33 -6.346826553344727 -46.87009048461914
      vertex -47 -5.656853675842285 -47.65685272216797
      vertex -33 -5.656853675842285 -47.65685272216797
    endloop
  endfacet
  facet normal 0 -0.1950893647510419 -0.9807854708146093
    outer loop
      vertex -47 -2.070551872253418 -49.7274055480957
      vertex -33 -1.0442094802856445 -49.931556701660156
      vertex -33 -2.070551872253418 -49.7274055480957
    endloop
  endfacet
  facet normal 0 -0.1950893647510419 -0.9807854708146093
    outer loop
      vertex -33 -1.0442094802856445 -49.931556701660156
      vertex -47 -2.070551872253418 -49.7274055480957
      vertex -47 -1.0442094802856445 -49.931556701660156
    endloop
  endfacet
  facet normal 0 0.555572255866429 -0.8314682606759485
    outer loop
      vertex -47 4 -48.92820358276367
      vertex -33 4.870090484619141 -48.346824645996094
      vertex -33 4 -48.92820358276367
    endloop
  endfacet
  facet normal 0 0.555572255866429 -0.8314682606759485
    outer loop
      vertex -33 4.870090484619141 -48.346824645996094
      vertex -47 4 -48.92820358276367
      vertex -47 4.870090484619141 -48.346824645996094
    endloop
  endfacet
  facet normal 0 0.9807853658087408 0.19508989265314192
    outer loop
      vertex -33 7.931558609008789 -40.95579147338867
      vertex -47 7.7274065017700195 -39.929447174072266
      vertex -33 7.7274065017700195 -39.929447174072266
    endloop
  endfacet
  facet normal 0 0.9807853658087408 0.19508989265314192
    outer loop
      vertex -47 7.7274065017700195 -39.929447174072266
      vertex -33 7.931558609008789 -40.95579147338867
      vertex -47 7.931558609008789 -40.95579147338867
    endloop
  endfacet
  facet normal 0 -0.32143787370455856 -0.9469306697685382
    outer loop
      vertex -47 -3.061467170715332 -49.39103698730469
      vertex -33 -2.070551872253418 -49.7274055480957
      vertex -33 -3.061467170715332 -49.39103698730469
    endloop
  endfacet
  facet normal 0 -0.32143787370455856 -0.9469306697685382
    outer loop
      vertex -33 -2.070551872253418 -49.7274055480957
      vertex -47 -3.061467170715332 -49.39103698730469
      vertex -47 -2.070551872253418 -49.7274055480957
    endloop
  endfacet
  facet normal 0 -0.75183937487901 0.6593463083854639
    outer loop
      vertex -47 -6.346826553344727 -37.12990951538086
      vertex -33 -5.656853675842285 -36.34314727783203
      vertex -47 -5.656853675842285 -36.34314727783203
    endloop
  endfacet
  facet normal 0 -0.75183937487901 0.6593463083854639
    outer loop
      vertex -33 -5.656853675842285 -36.34314727783203
      vertex -47 -6.346826553344727 -37.12990951538086
      vertex -33 -6.346826553344727 -37.12990951538086
    endloop
  endfacet
  facet normal 0 0.9807853658087408 -0.19508989265314192
    outer loop
      vertex -33 7.7274065017700195 -44.070552825927734
      vertex -47 7.931558609008789 -43.04420852661133
      vertex -33 7.931558609008789 -43.04420852661133
    endloop
  endfacet
  facet normal 0 0.9807853658087408 -0.19508989265314192
    outer loop
      vertex -47 7.931558609008789 -43.04420852661133
      vertex -33 7.7274065017700195 -44.070552825927734
      vertex -47 7.7274065017700195 -44.070552825927734
    endloop
  endfacet
  facet normal 0 -0.555572255866429 -0.8314682606759485
    outer loop
      vertex -47 -4.870090484619141 -48.346824645996094
      vertex -33 -4 -48.92820358276367
      vertex -33 -4.870090484619141 -48.346824645996094
    endloop
  endfacet
  facet normal 0 -0.555572255866429 -0.8314682606759485
    outer loop
      vertex -33 -4 -48.92820358276367
      vertex -47 -4.870090484619141 -48.346824645996094
      vertex -47 -4 -48.92820358276367
    endloop
  endfacet
  facet normal 0 0.8314695236334722 -0.5555703657222251
    outer loop
      vertex -33 6.346826553344727 -46.87009048461914
      vertex -47 6.9282026290893555 -46
      vertex -33 6.9282026290893555 -46
    endloop
  endfacet
  facet normal 0 0.8314695236334722 -0.5555703657222251
    outer loop
      vertex -47 6.9282026290893555 -46
      vertex -33 6.346826553344727 -46.87009048461914
      vertex -47 6.346826553344727 -46.87009048461914
    endloop
  endfacet
  facet normal 0 -0.659345341464262 0.751840222846168
    outer loop
      vertex -47 -4.870090484619141 -35.653175354003906
      vertex -33 -5.656853675842285 -36.34314727783203
      vertex -33 -4.870090484619141 -35.653175354003906
    endloop
  endfacet
  facet normal 0 -0.659345341464262 0.751840222846168
    outer loop
      vertex -33 -5.656853675842285 -36.34314727783203
      vertex -47 -4.870090484619141 -35.653175354003906
      vertex -47 -5.656853675842285 -36.34314727783203
    endloop
  endfacet
  facet normal 0 -0.4422888690121622 -0.8968726533616367
    outer loop
      vertex -47 -4 -48.92820358276367
      vertex -33 -3.061467170715332 -49.39103698730469
      vertex -33 -4 -48.92820358276367
    endloop
  endfacet
  facet normal 0 -0.4422888690121622 -0.8968726533616367
    outer loop
      vertex -33 -3.061467170715332 -49.39103698730469
      vertex -47 -4 -48.92820358276367
      vertex -47 -3.061467170715332 -49.39103698730469
    endloop
  endfacet
  facet normal 0 -0.06540521601482088 0.9978587864613181
    outer loop
      vertex -47 0 -34
      vertex -33 -1.0442094802856445 -34.068443298339844
      vertex -33 0 -34
    endloop
  endfacet
  facet normal 0 -0.06540521601482088 0.9978587864613181
    outer loop
      vertex -33 -1.0442094802856445 -34.068443298339844
      vertex -47 0 -34
      vertex -47 -1.0442094802856445 -34.068443298339844
    endloop
  endfacet
  facet normal 0 0.8968728316376392 0.44228850750418897
    outer loop
      vertex -33 7.391036033630371 -38.938533782958984
      vertex -47 6.9282026290893555 -38
      vertex -33 6.9282026290893555 -38
    endloop
  endfacet
  facet normal 0 0.8968728316376392 0.44228850750418897
    outer loop
      vertex -47 6.9282026290893555 -38
      vertex -33 7.391036033630371 -38.938533782958984
      vertex -47 7.391036033630371 -38.938533782958984
    endloop
  endfacet
  facet normal 0 -0.659345341464262 -0.751840222846168
    outer loop
      vertex -47 -5.656853675842285 -47.65685272216797
      vertex -33 -4.870090484619141 -48.346824645996094
      vertex -33 -5.656853675842285 -47.65685272216797
    endloop
  endfacet
  facet normal 0 -0.659345341464262 -0.751840222846168
    outer loop
      vertex -33 -4.870090484619141 -48.346824645996094
      vertex -47 -5.656853675842285 -47.65685272216797
      vertex -47 -4.870090484619141 -48.346824645996094
    endloop
  endfacet
  facet normal 0 -0.9469299266532175 0.3214400628554757
    outer loop
      vertex -47 -7.7274065017700195 -39.929447174072266
      vertex -33 -7.391036033630371 -38.938533782958984
      vertex -47 -7.391036033630371 -38.938533782958984
    endloop
  endfacet
  facet normal 0 -0.9469299266532175 0.3214400628554757
    outer loop
      vertex -33 -7.391036033630371 -38.938533782958984
      vertex -47 -7.7274065017700195 -39.929447174072266
      vertex -33 -7.7274065017700195 -39.929447174072266
    endloop
  endfacet
  facet normal 0 0.9469299266532175 0.3214400628554757
    outer loop
      vertex -33 7.7274065017700195 -39.929447174072266
      vertex -47 7.391036033630371 -38.938533782958984
      vertex -33 7.391036033630371 -38.938533782958984
    endloop
  endfacet
  facet normal 0 0.9469299266532175 0.3214400628554757
    outer loop
      vertex -47 7.391036033630371 -38.938533782958984
      vertex -33 7.7274065017700195 -39.929447174072266
      vertex -47 7.7274065017700195 -39.929447174072266
    endloop
  endfacet
  facet normal 0 -0.9469299266532175 -0.3214400628554757
    outer loop
      vertex -47 -7.391036033630371 -45.061466217041016
      vertex -33 -7.7274065017700195 -44.070552825927734
      vertex -47 -7.7274065017700195 -44.070552825927734
    endloop
  endfacet
  facet normal 0 -0.9469299266532175 -0.3214400628554757
    outer loop
      vertex -33 -7.7274065017700195 -44.070552825927734
      vertex -47 -7.391036033630371 -45.061466217041016
      vertex -33 -7.391036033630371 -45.061466217041016
    endloop
  endfacet
  facet normal 0 -0.9978589015191364 0.0654034606043319
    outer loop
      vertex -47 -8 -42
      vertex -33 -7.931558609008789 -40.95579147338867
      vertex -47 -7.931558609008789 -40.95579147338867
    endloop
  endfacet
  facet normal 0 -0.9978589015191364 0.0654034606043319
    outer loop
      vertex -33 -7.931558609008789 -40.95579147338867
      vertex -47 -8 -42
      vertex -33 -8 -42
    endloop
  endfacet
  facet normal 0 0.4422888690121622 -0.8968726533616367
    outer loop
      vertex -47 3.061467170715332 -49.39103698730469
      vertex -33 4 -48.92820358276367
      vertex -33 3.061467170715332 -49.39103698730469
    endloop
  endfacet
  facet normal 0 0.4422888690121622 -0.8968726533616367
    outer loop
      vertex -33 4 -48.92820358276367
      vertex -47 3.061467170715332 -49.39103698730469
      vertex -47 4 -48.92820358276367
    endloop
  endfacet
  facet normal 0 0.9978589015191364 -0.0654034606043319
    outer loop
      vertex -33 7.931558609008789 -43.04420852661133
      vertex -47 8 -42
      vertex -33 8 -42
    endloop
  endfacet
  facet normal 0 0.9978589015191364 -0.0654034606043319
    outer loop
      vertex -47 8 -42
      vertex -33 7.931558609008789 -43.04420852661133
      vertex -47 7.931558609008789 -43.04420852661133
    endloop
  endfacet
  facet normal 0 0.9469299266532175 -0.3214400628554757
    outer loop
      vertex -33 7.391036033630371 -45.061466217041016
      vertex -47 7.7274065017700195 -44.070552825927734
      vertex -33 7.7274065017700195 -44.070552825927734
    endloop
  endfacet
  facet normal 0 0.9469299266532175 -0.3214400628554757
    outer loop
      vertex -47 7.7274065017700195 -44.070552825927734
      vertex -33 7.391036033630371 -45.061466217041016
      vertex -47 7.391036033630371 -45.061466217041016
    endloop
  endfacet
  facet normal 0 -0.9978589015191364 -0.0654034606043319
    outer loop
      vertex -47 -7.931558609008789 -43.04420852661133
      vertex -33 -8 -42
      vertex -47 -8 -42
    endloop
  endfacet
  facet normal 0 -0.9978589015191364 -0.0654034606043319
    outer loop
      vertex -33 -8 -42
      vertex -47 -7.931558609008789 -43.04420852661133
      vertex -33 -7.931558609008789 -43.04420852661133
    endloop
  endfacet
  facet normal 0 -0.8968728316376392 -0.44228850750418897
    outer loop
      vertex -47 -6.9282026290893555 -46
      vertex -33 -7.391036033630371 -45.061466217041016
      vertex -47 -7.391036033630371 -45.061466217041016
    endloop
  endfacet
  facet normal 0 -0.8968728316376392 -0.44228850750418897
    outer loop
      vertex -33 -7.391036033630371 -45.061466217041016
      vertex -47 -6.9282026290893555 -46
      vertex -33 -6.9282026290893555 -46
    endloop
  endfacet
  facet normal 0 0.555572255866429 0.8314682606759485
    outer loop
      vertex -47 4.870090484619141 -35.653175354003906
      vertex -33 4 -35.07179641723633
      vertex -33 4.870090484619141 -35.653175354003906
    endloop
  endfacet
  facet normal 0 0.555572255866429 0.8314682606759485
    outer loop
      vertex -33 4 -35.07179641723633
      vertex -47 4.870090484619141 -35.653175354003906
      vertex -47 4 -35.07179641723633
    endloop
  endfacet
  facet normal 0 -0.4422888690121622 0.8968726533616367
    outer loop
      vertex -47 -3.061467170715332 -34.60896301269531
      vertex -33 -4 -35.07179641723633
      vertex -33 -3.061467170715332 -34.60896301269531
    endloop
  endfacet
  facet normal 0 -0.4422888690121622 0.8968726533616367
    outer loop
      vertex -33 -4 -35.07179641723633
      vertex -47 -3.061467170715332 -34.60896301269531
      vertex -47 -4 -35.07179641723633
    endloop
  endfacet
  facet normal 0 -0.1950893647510419 0.9807854708146093
    outer loop
      vertex -47 -1.0442094802856445 -34.068443298339844
      vertex -33 -2.070551872253418 -34.2725944519043
      vertex -33 -1.0442094802856445 -34.068443298339844
    endloop
  endfacet
  facet normal 0 -0.1950893647510419 0.9807854708146093
    outer loop
      vertex -33 -2.070551872253418 -34.2725944519043
      vertex -47 -1.0442094802856445 -34.068443298339844
      vertex -47 -2.070551872253418 -34.2725944519043
    endloop
  endfacet
  facet normal 0 -0.8314695236334722 -0.5555703657222251
    outer loop
      vertex -47 -6.346826553344727 -46.87009048461914
      vertex -33 -6.9282026290893555 -46
      vertex -47 -6.9282026290893555 -46
    endloop
  endfacet
  facet normal 0 -0.8314695236334722 -0.5555703657222251
    outer loop
      vertex -33 -6.9282026290893555 -46
      vertex -47 -6.346826553344727 -46.87009048461914
      vertex -33 -6.346826553344727 -46.87009048461914
    endloop
  endfacet
  facet normal 0 -0.8968728316376392 0.44228850750418897
    outer loop
      vertex -47 -7.391036033630371 -38.938533782958984
      vertex -33 -6.9282026290893555 -38
      vertex -47 -6.9282026290893555 -38
    endloop
  endfacet
  facet normal 0 -0.8968728316376392 0.44228850750418897
    outer loop
      vertex -33 -6.9282026290893555 -38
      vertex -47 -7.391036033630371 -38.938533782958984
      vertex -33 -7.391036033630371 -38.938533782958984
    endloop
  endfacet
  facet normal 0 0.32143787370455856 -0.9469306697685382
    outer loop
      vertex -47 2.070551872253418 -49.7274055480957
      vertex -33 3.061467170715332 -49.39103698730469
      vertex -33 2.070551872253418 -49.7274055480957
    endloop
  endfacet
  facet normal 0 0.32143787370455856 -0.9469306697685382
    outer loop
      vertex -33 3.061467170715332 -49.39103698730469
      vertex -47 2.070551872253418 -49.7274055480957
      vertex -47 3.061467170715332 -49.39103698730469
    endloop
  endfacet
  facet normal 0 0.4422888690121622 0.8968726533616367
    outer loop
      vertex -47 4 -35.07179641723633
      vertex -33 3.061467170715332 -34.60896301269531
      vertex -33 4 -35.07179641723633
    endloop
  endfacet
  facet normal 0 0.4422888690121622 0.8968726533616367
    outer loop
      vertex -33 3.061467170715332 -34.60896301269531
      vertex -47 4 -35.07179641723633
      vertex -47 3.061467170715332 -34.60896301269531
    endloop
  endfacet
  facet normal 0 -0.555572255866429 0.8314682606759485
    outer loop
      vertex -47 -4 -35.07179641723633
      vertex -33 -4.870090484619141 -35.653175354003906
      vertex -33 -4 -35.07179641723633
    endloop
  endfacet
  facet normal 0 -0.555572255866429 0.8314682606759485
    outer loop
      vertex -33 -4.870090484619141 -35.653175354003906
      vertex -47 -4 -35.07179641723633
      vertex -47 -4.870090484619141 -35.653175354003906
    endloop
  endfacet
  facet normal 0 -0.9807853658087408 -0.19508989265314192
    outer loop
      vertex -47 -7.7274065017700195 -44.070552825927734
      vertex -33 -7.931558609008789 -43.04420852661133
      vertex -47 -7.931558609008789 -43.04420852661133
    endloop
  endfacet
  facet normal 0 -0.9807853658087408 -0.19508989265314192
    outer loop
      vertex -33 -7.931558609008789 -43.04420852661133
      vertex -47 -7.7274065017700195 -44.070552825927734
      vertex -33 -7.7274065017700195 -44.070552825927734
    endloop
  endfacet
  facet normal 0 0.32143787370455856 0.9469306697685382
    outer loop
      vertex -47 3.061467170715332 -34.60896301269531
      vertex -33 2.070551872253418 -34.2725944519043
      vertex -33 3.061467170715332 -34.60896301269531
    endloop
  endfacet
  facet normal 0 0.32143787370455856 0.9469306697685382
    outer loop
      vertex -33 2.070551872253418 -34.2725944519043
      vertex -47 3.061467170715332 -34.60896301269531
      vertex -47 2.070551872253418 -34.2725944519043
    endloop
  endfacet
  facet normal 0 0.1950893647510419 -0.9807854708146093
    outer loop
      vertex -47 1.0442094802856445 -49.931556701660156
      vertex -33 2.070551872253418 -49.7274055480957
      vertex -33 1.0442094802856445 -49.931556701660156
    endloop
  endfacet
  facet normal 0 0.1950893647510419 -0.9807854708146093
    outer loop
      vertex -33 2.070551872253418 -49.7274055480957
      vertex -47 1.0442094802856445 -49.931556701660156
      vertex -47 2.070551872253418 -49.7274055480957
    endloop
  endfacet
  facet normal 0 0.75183937487901 0.6593463083854639
    outer loop
      vertex -33 6.346826553344727 -37.12990951538086
      vertex -47 5.656853675842285 -36.34314727783203
      vertex -33 5.656853675842285 -36.34314727783203
    endloop
  endfacet
  facet normal 0 0.75183937487901 0.6593463083854639
    outer loop
      vertex -47 5.656853675842285 -36.34314727783203
      vertex -33 6.346826553344727 -37.12990951538086
      vertex -47 6.346826553344727 -37.12990951538086
    endloop
  endfacet
  facet normal 0 0.8314695236334722 0.5555703657222251
    outer loop
      vertex -33 6.9282026290893555 -38
      vertex -47 6.346826553344727 -37.12990951538086
      vertex -33 6.346826553344727 -37.12990951538086
    endloop
  endfacet
  facet normal 0 0.8314695236334722 0.5555703657222251
    outer loop
      vertex -47 6.346826553344727 -37.12990951538086
      vertex -33 6.9282026290893555 -38
      vertex -47 6.9282026290893555 -38
    endloop
  endfacet
  facet normal 0 -0.9807853658087408 0.19508989265314192
    outer loop
      vertex -47 -7.931558609008789 -40.95579147338867
      vertex -33 -7.7274065017700195 -39.929447174072266
      vertex -47 -7.7274065017700195 -39.929447174072266
    endloop
  endfacet
  facet normal 0 -0.9807853658087408 0.19508989265314192
    outer loop
      vertex -33 -7.7274065017700195 -39.929447174072266
      vertex -47 -7.931558609008789 -40.95579147338867
      vertex -33 -7.931558609008789 -40.95579147338867
    endloop
  endfacet
  facet normal -1 0 0
    outer loop
      vertex -47 5 -42
      vertex -47 8 -42
      vertex -47 7.931558609008789 -43.04420852661133
    endloop
  endfacet
  facet normal -1 0 0
    outer loop
      vertex -47 4.957223892211914 -42.65262985229492
      vertex -47 7.931558609008789 -43.04420852661133
      vertex -47 7.7274065017700195 -44.070552825927734
    endloop
  endfacet
  facet normal -1 0 0
    outer loop
      vertex -47 8 -42
      vertex -47 5 -42
      vertex -47 7.931558609008789 -40.95579147338867
    endloop
  endfacet
  facet normal -1 0 0
    outer loop
      vertex -47 4.829628944396973 -43.29409408569336
      vertex -47 7.7274065017700195 -44.070552825927734
      vertex -47 7.391036033630371 -45.061466217041016
    endloop
  endfacet
  facet normal -1 0 0
    outer loop
      vertex -47 4.957223892211914 -41.34737014770508
      vertex -47 7.931558609008789 -40.95579147338867
      vertex -47 5 -42
    endloop
  endfacet
  facet normal -1 0 0
    outer loop
      vertex -47 4.619397163391113 -43.91341781616211
      vertex -47 7.391036033630371 -45.061466217041016
      vertex -47 6.9282026290893555 -46
    endloop
  endfacet
  facet normal -1 0 0
    outer loop
      vertex -47 7.931558609008789 -40.95579147338867
      vertex -47 4.957223892211914 -41.34737014770508
      vertex -47 7.7274065017700195 -39.929447174072266
    endloop
  endfacet
  facet normal -1 0 0
    outer loop
      vertex -47 4.330126762390137 -44.5
      vertex -47 6.9282026290893555 -46
      vertex -47 6.346826553344727 -46.87009048461914
    endloop
  endfacet
  facet normal -1 0 0
    outer loop
      vertex -47 4.829628944396973 -40.70590591430664
      vertex -47 7.7274065017700195 -39.929447174072266
      vertex -47 4.957223892211914 -41.34737014770508
    endloop
  endfacet
  facet normal -1 0 0
    outer loop
      vertex -47 3.966766357421875 -45.04380798339844
      vertex -47 6.346826553344727 -46.87009048461914
      vertex -47 5.656853675842285 -47.65685272216797
    endloop
  endfacet
  facet normal -1 0 0
    outer loop
      vertex -47 7.7274065017700195 -39.929447174072266
      vertex -47 4.829628944396973 -40.70590591430664
      vertex -47 7.391036033630371 -38.938533782958984
    endloop
  endfacet
  facet normal -1 0 0
    outer loop
      vertex -47 4.619397163391113 -40.08658218383789
      vertex -47 7.391036033630371 -38.938533782958984
      vertex -47 4.829628944396973 -40.70590591430664
    endloop
  endfacet
  facet normal -1 0 0
    outer loop
      vertex -47 7.931558609008789 -43.04420852661133
      vertex -47 4.957223892211914 -42.65262985229492
      vertex -47 5 -42
    endloop
  endfacet
  facet normal -1 0 0
    outer loop
      vertex -47 3.535533905029297 -45.5355339050293
      vertex -47 5.656853675842285 -47.65685272216797
      vertex -47 4.870090484619141 -48.346824645996094
    endloop
  endfacet
  facet normal -1 0 0
    outer loop
      vertex -47 7.7274065017700195 -44.070552825927734
      vertex -47 4.829628944396973 -43.29409408569336
      vertex -47 4.957223892211914 -42.65262985229492
    endloop
  endfacet
  facet normal -1 0 0
    outer loop
      vertex -47 7.391036033630371 -45.061466217041016
      vertex -47 4.619397163391113 -43.91341781616211
      vertex -47 4.829628944396973 -43.29409408569336
    endloop
  endfacet
  facet normal -1 0 0
    outer loop
      vertex -47 6.9282026290893555 -46
      vertex -47 4.330126762390137 -44.5
      vertex -47 4.619397163391113 -43.91341781616211
    endloop
  endfacet
  facet normal -1 0 0
    outer loop
      vertex -47 3.043807029724121 -45.966766357421875
      vertex -47 4.870090484619141 -48.346824645996094
      vertex -47 4 -48.92820358276367
    endloop
  endfacet
  facet normal -1 0 0
    outer loop
      vertex -47 6.346826553344727 -46.87009048461914
      vertex -47 3.966766357421875 -45.04380798339844
      vertex -47 4.330126762390137 -44.5
    endloop
  endfacet
  facet normal -1 0 0
    outer loop
      vertex -47 5.656853675842285 -47.65685272216797
      vertex -47 3.535533905029297 -45.5355339050293
      vertex -47 3.966766357421875 -45.04380798339844
    endloop
  endfacet
  facet normal -1 0 0
    outer loop
      vertex -47 2.5 -46.33012771606445
      vertex -47 4 -48.92820358276367
      vertex -47 3.061467170715332 -49.39103698730469
    endloop
  endfacet
  facet normal -1 0 0
    outer loop
      vertex -47 4.870090484619141 -48.346824645996094
      vertex -47 3.043807029724121 -45.966766357421875
      vertex -47 3.535533905029297 -45.5355339050293
    endloop
  endfacet
  facet normal -1 0 0
    outer loop
      vertex -47 4 -48.92820358276367
      vertex -47 2.5 -46.33012771606445
      vertex -47 3.043807029724121 -45.966766357421875
    endloop
  endfacet
  facet normal -1 0 0
    outer loop
      vertex -47 1.913416862487793 -46.6193962097168
      vertex -47 3.061467170715332 -49.39103698730469
      vertex -47 2.070551872253418 -49.7274055480957
    endloop
  endfacet
  facet normal -1 0 0
    outer loop
      vertex -47 3.061467170715332 -49.39103698730469
      vertex -47 1.913416862487793 -46.6193962097168
      vertex -47 2.5 -46.33012771606445
    endloop
  endfacet
  facet normal -1 0 0
    outer loop
      vertex -47 2.070551872253418 -49.7274055480957
      vertex -47 1.2940950393676758 -46.829627990722656
      vertex -47 1.913416862487793 -46.6193962097168
    endloop
  endfacet
  facet normal -1 0 0
    outer loop
      vertex -47 1.0442094802856445 -49.931556701660156
      vertex -47 1.2940950393676758 -46.829627990722656
      vertex -47 2.070551872253418 -49.7274055480957
    endloop
  endfacet
  facet normal -1 0 0
    outer loop
      vertex -47 1.0442094802856445 -49.931556701660156
      vertex -47 0.6526308059692383 -46.95722198486328
      vertex -47 1.2940950393676758 -46.829627990722656
    endloop
  endfacet
  facet normal -1 0 0
    outer loop
      vertex -47 0 -50
      vertex -47 0.6526308059692383 -46.95722198486328
      vertex -47 1.0442094802856445 -49.931556701660156
    endloop
  endfacet
  facet normal -1 0 0
    outer loop
      vertex -47 0 -50
      vertex -47 0 -47
      vertex -47 0.6526308059692383 -46.95722198486328
    endloop
  endfacet
  facet normal -1 0 0
    outer loop
      vertex -47 0 -50
      vertex -47 -0.6526308059692383 -46.95722198486328
      vertex -47 0 -47
    endloop
  endfacet
  facet normal -1 0 0
    outer loop
      vertex -47 -1.0442094802856445 -49.931556701660156
      vertex -47 -0.6526308059692383 -46.95722198486328
      vertex -47 0 -50
    endloop
  endfacet
  facet normal -1 0 0
    outer loop
      vertex -47 -1.0442094802856445 -49.931556701660156
      vertex -47 -1.2940950393676758 -46.829627990722656
      vertex -47 -0.6526308059692383 -46.95722198486328
    endloop
  endfacet
  facet normal -1 0 0
    outer loop
      vertex -47 -2.070551872253418 -49.7274055480957
      vertex -47 -1.2940950393676758 -46.829627990722656
      vertex -47 -1.0442094802856445 -49.931556701660156
    endloop
  endfacet
  facet normal -1 0 0
    outer loop
      vertex -47 -1.2940950393676758 -46.829627990722656
      vertex -47 -2.070551872253418 -49.7274055480957
      vertex -47 -1.913416862487793 -46.6193962097168
    endloop
  endfacet
  facet normal -1 0 0
    outer loop
      vertex -47 -3.061467170715332 -49.39103698730469
      vertex -47 -1.913416862487793 -46.6193962097168
      vertex -47 -2.070551872253418 -49.7274055480957
    endloop
  endfacet
  facet normal -1 0 0
    outer loop
      vertex -47 -1.913416862487793 -46.6193962097168
      vertex -47 -3.061467170715332 -49.39103698730469
      vertex -47 -2.5 -46.33012771606445
    endloop
  endfacet
  facet normal -1 0 0
    outer loop
      vertex -47 -4 -48.92820358276367
      vertex -47 -2.5 -46.33012771606445
      vertex -47 -3.061467170715332 -49.39103698730469
    endloop
  endfacet
  facet normal -1 0 0
    outer loop
      vertex -47 -2.5 -46.33012771606445
      vertex -47 -4 -48.92820358276367
      vertex -47 -3.043807029724121 -45.966766357421875
    endloop
  endfacet
  facet normal -1 0 0
    outer loop
      vertex -47 -4.870090484619141 -48.346824645996094
      vertex -47 -3.043807029724121 -45.966766357421875
      vertex -47 -4 -48.92820358276367
    endloop
  endfacet
  facet normal -1 0 0
    outer loop
      vertex -47 -3.043807029724121 -45.966766357421875
      vertex -47 -4.870090484619141 -48.346824645996094
      vertex -47 -3.535533905029297 -45.5355339050293
    endloop
  endfacet
  facet normal -1 0 0
    outer loop
      vertex -47 -5.656853675842285 -47.65685272216797
      vertex -47 -3.535533905029297 -45.5355339050293
      vertex -47 -4.870090484619141 -48.346824645996094
    endloop
  endfacet
  facet normal -1 0 0
    outer loop
      vertex -47 -3.535533905029297 -45.5355339050293
      vertex -47 -5.656853675842285 -47.65685272216797
      vertex -47 -3.966766357421875 -45.04380798339844
    endloop
  endfacet
  facet normal -1 0 0
    outer loop
      vertex -47 -6.346826553344727 -46.87009048461914
      vertex -47 -3.966766357421875 -45.04380798339844
      vertex -47 -5.656853675842285 -47.65685272216797
    endloop
  endfacet
  facet normal -1 0 0
    outer loop
      vertex -47 -3.966766357421875 -45.04380798339844
      vertex -47 -6.346826553344727 -46.87009048461914
      vertex -47 -4.330126762390137 -44.5
    endloop
  endfacet
  facet normal -1 0 0
    outer loop
      vertex -47 -6.9282026290893555 -46
      vertex -47 -4.330126762390137 -44.5
      vertex -47 -6.346826553344727 -46.87009048461914
    endloop
  endfacet
  facet normal -1 0 0
    outer loop
      vertex -47 -4.330126762390137 -44.5
      vertex -47 -6.9282026290893555 -46
      vertex -47 -4.619397163391113 -43.91341781616211
    endloop
  endfacet
  facet normal -1 0 0
    outer loop
      vertex -47 -7.391036033630371 -45.061466217041016
      vertex -47 -4.619397163391113 -43.91341781616211
      vertex -47 -6.9282026290893555 -46
    endloop
  endfacet
  facet normal -1 0 0
    outer loop
      vertex -47 7.391036033630371 -38.938533782958984
      vertex -47 4.619397163391113 -40.08658218383789
      vertex -47 6.9282026290893555 -38
    endloop
  endfacet
  facet normal -1 0 0
    outer loop
      vertex -47 4.330126762390137 -39.5
      vertex -47 6.9282026290893555 -38
      vertex -47 4.619397163391113 -40.08658218383789
    endloop
  endfacet
  facet normal -1 0 0
    outer loop
      vertex -47 6.9282026290893555 -38
      vertex -47 4.330126762390137 -39.5
      vertex -47 6.346826553344727 -37.12990951538086
    endloop
  endfacet
  facet normal -1 0 0
    outer loop
      vertex -47 3.966766357421875 -38.95619201660156
      vertex -47 6.346826553344727 -37.12990951538086
      vertex -47 4.330126762390137 -39.5
    endloop
  endfacet
  facet normal -1 0 0
    outer loop
      vertex -47 6.346826553344727 -37.12990951538086
      vertex -47 3.966766357421875 -38.95619201660156
      vertex -47 5.656853675842285 -36.34314727783203
    endloop
  endfacet
  facet normal -1 0 0
    outer loop
      vertex -47 3.535533905029297 -38.4644660949707
      vertex -47 5.656853675842285 -36.34314727783203
      vertex -47 3.966766357421875 -38.95619201660156
    endloop
  endfacet
  facet normal -1 0 0
    outer loop
      vertex -47 5.656853675842285 -36.34314727783203
      vertex -47 3.535533905029297 -38.4644660949707
      vertex -47 4.870090484619141 -35.653175354003906
    endloop
  endfacet
  facet normal -1 0 0
    outer loop
      vertex -47 3.043807029724121 -38.033233642578125
      vertex -47 4.870090484619141 -35.653175354003906
      vertex -47 3.535533905029297 -38.4644660949707
    endloop
  endfacet
  facet normal -1 0 0
    outer loop
      vertex -47 4.870090484619141 -35.653175354003906
      vertex -47 3.043807029724121 -38.033233642578125
      vertex -47 4 -35.07179641723633
    endloop
  endfacet
  facet normal -1 0 0
    outer loop
      vertex -47 2.5 -37.66987228393555
      vertex -47 4 -35.07179641723633
      vertex -47 3.043807029724121 -38.033233642578125
    endloop
  endfacet
  facet normal -1 0 0
    outer loop
      vertex -47 4 -35.07179641723633
      vertex -47 2.5 -37.66987228393555
      vertex -47 3.061467170715332 -34.60896301269531
    endloop
  endfacet
  facet normal -1 0 0
    outer loop
      vertex -47 1.913416862487793 -37.3806037902832
      vertex -47 3.061467170715332 -34.60896301269531
      vertex -47 2.5 -37.66987228393555
    endloop
  endfacet
  facet normal -1 0 0
    outer loop
      vertex -47 3.061467170715332 -34.60896301269531
      vertex -47 1.913416862487793 -37.3806037902832
      vertex -47 2.070551872253418 -34.2725944519043
    endloop
  endfacet
  facet normal -1 0 0
    outer loop
      vertex -47 1.2940950393676758 -37.170372009277344
      vertex -47 2.070551872253418 -34.2725944519043
      vertex -47 1.913416862487793 -37.3806037902832
    endloop
  endfacet
  facet normal -1 0 0
    outer loop
      vertex -47 1.2940950393676758 -37.170372009277344
      vertex -47 1.0442094802856445 -34.068443298339844
      vertex -47 2.070551872253418 -34.2725944519043
    endloop
  endfacet
  facet normal -1 0 0
    outer loop
      vertex -47 0.6526308059692383 -37.04277801513672
      vertex -47 1.0442094802856445 -34.068443298339844
      vertex -47 1.2940950393676758 -37.170372009277344
    endloop
  endfacet
  facet normal -1 0 0
    outer loop
      vertex -47 0 -37
      vertex -47 1.0442094802856445 -34.068443298339844
      vertex -47 0.6526308059692383 -37.04277801513672
    endloop
  endfacet
  facet normal -1 0 0
    outer loop
      vertex -47 0 -37
      vertex -47 0 -34
      vertex -47 1.0442094802856445 -34.068443298339844
    endloop
  endfacet
  facet normal -1 0 0
    outer loop
      vertex -47 -0.6526308059692383 -37.04277801513672
      vertex -47 0 -34
      vertex -47 0 -37
    endloop
  endfacet
  facet normal -1 0 0
    outer loop
      vertex -47 -0.6526308059692383 -37.04277801513672
      vertex -47 -1.0442094802856445 -34.068443298339844
      vertex -47 0 -34
    endloop
  endfacet
  facet normal -1 0 0
    outer loop
      vertex -47 -1.2940950393676758 -37.170372009277344
      vertex -47 -1.0442094802856445 -34.068443298339844
      vertex -47 -0.6526308059692383 -37.04277801513672
    endloop
  endfacet
  facet normal -1 0 0
    outer loop
      vertex -47 -2.070551872253418 -34.2725944519043
      vertex -47 -1.2940950393676758 -37.170372009277344
      vertex -47 -1.913416862487793 -37.3806037902832
    endloop
  endfacet
  facet normal -1 0 0
    outer loop
      vertex -47 -1.2940950393676758 -37.170372009277344
      vertex -47 -2.070551872253418 -34.2725944519043
      vertex -47 -1.0442094802856445 -34.068443298339844
    endloop
  endfacet
  facet normal -1 0 0
    outer loop
      vertex -47 -3.061467170715332 -34.60896301269531
      vertex -47 -1.913416862487793 -37.3806037902832
      vertex -47 -2.5 -37.66987228393555
    endloop
  endfacet
  facet normal -1 0 0
    outer loop
      vertex -47 -4 -35.07179641723633
      vertex -47 -2.5 -37.66987228393555
      vertex -47 -3.043807029724121 -38.033233642578125
    endloop
  endfacet
  facet normal -1 0 0
    outer loop
      vertex -47 -1.913416862487793 -37.3806037902832
      vertex -47 -3.061467170715332 -34.60896301269531
      vertex -47 -2.070551872253418 -34.2725944519043
    endloop
  endfacet
  facet normal -1 0 0
    outer loop
      vertex -47 -4.870090484619141 -35.653175354003906
      vertex -47 -3.043807029724121 -38.033233642578125
      vertex -47 -3.535533905029297 -38.4644660949707
    endloop
  endfacet
  facet normal -1 0 0
    outer loop
      vertex -47 -5.656853675842285 -36.34314727783203
      vertex -47 -3.535533905029297 -38.4644660949707
      vertex -47 -3.966766357421875 -38.95619201660156
    endloop
  endfacet
  facet normal -1 0 0
    outer loop
      vertex -47 -2.5 -37.66987228393555
      vertex -47 -4 -35.07179641723633
      vertex -47 -3.061467170715332 -34.60896301269531
    endloop
  endfacet
  facet normal -1 0 0
    outer loop
      vertex -47 -6.346826553344727 -37.12990951538086
      vertex -47 -3.966766357421875 -38.95619201660156
      vertex -47 -4.330126762390137 -39.5
    endloop
  endfacet
  facet normal -1 0 0
    outer loop
      vertex -47 -6.9282026290893555 -38
      vertex -47 -4.330126762390137 -39.5
      vertex -47 -4.619397163391113 -40.08658218383789
    endloop
  endfacet
  facet normal -1 0 0
    outer loop
      vertex -47 -7.391036033630371 -38.938533782958984
      vertex -47 -4.619397163391113 -40.08658218383789
      vertex -47 -4.829628944396973 -40.70590591430664
    endloop
  endfacet
  facet normal -1 0 0
    outer loop
      vertex -47 -3.043807029724121 -38.033233642578125
      vertex -47 -4.870090484619141 -35.653175354003906
      vertex -47 -4 -35.07179641723633
    endloop
  endfacet
  facet normal -1 0 0
    outer loop
      vertex -47 -7.7274065017700195 -39.929447174072266
      vertex -47 -4.829628944396973 -40.70590591430664
      vertex -47 -4.957223892211914 -41.34737014770508
    endloop
  endfacet
  facet normal -1 0 0
    outer loop
      vertex -47 -7.931558609008789 -40.95579147338867
      vertex -47 -4.957223892211914 -41.34737014770508
      vertex -47 -5 -42
    endloop
  endfacet
  facet normal -1 0 0
    outer loop
      vertex -47 -4.619397163391113 -43.91341781616211
      vertex -47 -7.391036033630371 -45.061466217041016
      vertex -47 -4.829628944396973 -43.29409408569336
    endloop
  endfacet
  facet normal -1 0 0
    outer loop
      vertex -47 -3.535533905029297 -38.4644660949707
      vertex -47 -5.656853675842285 -36.34314727783203
      vertex -47 -4.870090484619141 -35.653175354003906
    endloop
  endfacet
  facet normal -1 0 0
    outer loop
      vertex -47 -7.7274065017700195 -44.070552825927734
      vertex -47 -4.829628944396973 -43.29409408569336
      vertex -47 -7.391036033630371 -45.061466217041016
    endloop
  endfacet
  facet normal -1 0 0
    outer loop
      vertex -47 -3.966766357421875 -38.95619201660156
      vertex -47 -6.346826553344727 -37.12990951538086
      vertex -47 -5.656853675842285 -36.34314727783203
    endloop
  endfacet
  facet normal -1 0 0
    outer loop
      vertex -47 -4.829628944396973 -43.29409408569336
      vertex -47 -7.7274065017700195 -44.070552825927734
      vertex -47 -4.957223892211914 -42.65262985229492
    endloop
  endfacet
  facet normal -1 0 0
    outer loop
      vertex -47 -4.330126762390137 -39.5
      vertex -47 -6.9282026290893555 -38
      vertex -47 -6.346826553344727 -37.12990951538086
    endloop
  endfacet
  facet normal -1 0 0
    outer loop
      vertex -47 -7.931558609008789 -43.04420852661133
      vertex -47 -4.957223892211914 -42.65262985229492
      vertex -47 -7.7274065017700195 -44.070552825927734
    endloop
  endfacet
  facet normal -1 0 0
    outer loop
      vertex -47 -4.619397163391113 -40.08658218383789
      vertex -47 -7.391036033630371 -38.938533782958984
      vertex -47 -6.9282026290893555 -38
    endloop
  endfacet
  facet normal -1 0 0
    outer loop
      vertex -47 -4.957223892211914 -42.65262985229492
      vertex -47 -7.931558609008789 -43.04420852661133
      vertex -47 -5 -42
    endloop
  endfacet
  facet normal -1 0 0
    outer loop
      vertex -47 -4.829628944396973 -40.70590591430664
      vertex -47 -7.7274065017700195 -39.929447174072266
      vertex -47 -7.391036033630371 -38.938533782958984
    endloop
  endfacet
  facet normal -1 0 0
    outer loop
      vertex -47 -8 -42
      vertex -47 -5 -42
      vertex -47 -7.931558609008789 -43.04420852661133
    endloop
  endfacet
  facet normal -1 0 0
    outer loop
      vertex -47 -4.957223892211914 -41.34737014770508
      vertex -47 -7.931558609008789 -40.95579147338867
      vertex -47 -7.7274065017700195 -39.929447174072266
    endloop
  endfacet
  facet normal -1 0 0
    outer loop
      vertex -47 -5 -42
      vertex -47 -8 -42
      vertex -47 -7.931558609008789 -40.95579147338867
    endloop
  endfacet
  facet normal 0 0.6593454318188356 0.7518401436074248
    outer loop
      vertex -47 -3.043807029724121 -45.966766357421875
      vertex -33 -3.535533905029297 -45.5355339050293
      vertex -33 -3.043807029724121 -45.966766357421875
    endloop
  endfacet
  facet normal 0 0.6593454318188356 0.7518401436074248
    outer loop
      vertex -33 -3.535533905029297 -45.5355339050293
      vertex -47 -3.043807029724121 -45.966766357421875
      vertex -47 -3.535533905029297 -45.5355339050293
    endloop
  endfacet
  facet normal 0 -0.1950885936744065 0.9807856241901908
    outer loop
      vertex -47 1.2940950393676758 -46.829627990722656
      vertex -33 0.6526308059692383 -46.95722198486328
      vertex -33 1.2940950393676758 -46.829627990722656
    endloop
  endfacet
  facet normal 0 -0.1950885936744065 0.9807856241901908
    outer loop
      vertex -33 0.6526308059692383 -46.95722198486328
      vertex -47 1.2940950393676758 -46.829627990722656
      vertex -47 0.6526308059692383 -46.95722198486328
    endloop
  endfacet
  facet normal 0 -0.06540667982065419 0.9978586905142622
    outer loop
      vertex -47 0.6526308059692383 -46.95722198486328
      vertex -33 0 -47
      vertex -33 0.6526308059692383 -46.95722198486328
    endloop
  endfacet
  facet normal 0 -0.06540667982065419 0.9978586905142622
    outer loop
      vertex -33 0 -47
      vertex -47 0.6526308059692383 -46.95722198486328
      vertex -47 0 -47
    endloop
  endfacet
  facet normal 0 0.9807853451870197 0.19508999632574353
    outer loop
      vertex -33 -4.829628944396973 -43.29409408569336
      vertex -47 -4.957223892211914 -42.65262985229492
      vertex -33 -4.957223892211914 -42.65262985229492
    endloop
  endfacet
  facet normal 0 0.9807853451870197 0.19508999632574353
    outer loop
      vertex -47 -4.957223892211914 -42.65262985229492
      vertex -33 -4.829628944396973 -43.29409408569336
      vertex -47 -4.829628944396973 -43.29409408569336
    endloop
  endfacet
  facet normal 0 0.7518395096963059 0.6593461546559731
    outer loop
      vertex -33 -3.535533905029297 -45.5355339050293
      vertex -47 -3.966766357421875 -45.04380798339844
      vertex -33 -3.966766357421875 -45.04380798339844
    endloop
  endfacet
  facet normal 0 0.7518395096963059 0.6593461546559731
    outer loop
      vertex -47 -3.966766357421875 -45.04380798339844
      vertex -33 -3.535533905029297 -45.5355339050293
      vertex -47 -3.535533905029297 -45.5355339050293
    endloop
  endfacet
  facet normal 0 0.06540667982065419 0.9978586905142622
    outer loop
      vertex -47 0 -47
      vertex -33 -0.6526308059692383 -46.95722198486328
      vertex -33 0 -47
    endloop
  endfacet
  facet normal 0 0.06540667982065419 0.9978586905142622
    outer loop
      vertex -33 -0.6526308059692383 -46.95722198486328
      vertex -47 0 -47
      vertex -47 -0.6526308059692383 -46.95722198486328
    endloop
  endfacet
  facet normal 0 -0.8314699461459768 0.5555697333872738
    outer loop
      vertex -47 3.966766357421875 -45.04380798339844
      vertex -33 4.330126762390137 -44.5
      vertex -47 4.330126762390137 -44.5
    endloop
  endfacet
  facet normal 0 -0.8314699461459768 0.5555697333872738
    outer loop
      vertex -33 4.330126762390137 -44.5
      vertex -47 3.966766357421875 -45.04380798339844
      vertex -33 3.966766357421875 -45.04380798339844
    endloop
  endfacet
  facet normal 0 0.6593454318188356 -0.7518401436074248
    outer loop
      vertex -47 -3.535533905029297 -38.4644660949707
      vertex -33 -3.043807029724121 -38.033233642578125
      vertex -33 -3.535533905029297 -38.4644660949707
    endloop
  endfacet
  facet normal 0 0.6593454318188356 -0.7518401436074248
    outer loop
      vertex -33 -3.043807029724121 -38.033233642578125
      vertex -47 -3.535533905029297 -38.4644660949707
      vertex -47 -3.043807029724121 -38.033233642578125
    endloop
  endfacet
  facet normal 0 0.8968726929815679 0.44228878867092053
    outer loop
      vertex -33 -4.330126762390137 -44.5
      vertex -47 -4.619397163391113 -43.91341781616211
      vertex -33 -4.619397163391113 -43.91341781616211
    endloop
  endfacet
  facet normal 0 0.8968726929815679 0.44228878867092053
    outer loop
      vertex -47 -4.619397163391113 -43.91341781616211
      vertex -33 -4.330126762390137 -44.5
      vertex -47 -4.330126762390137 -44.5
    endloop
  endfacet
  facet normal 0 -0.8968726929815679 0.44228878867092053
    outer loop
      vertex -47 4.330126762390137 -44.5
      vertex -33 4.619397163391113 -43.91341781616211
      vertex -47 4.619397163391113 -43.91341781616211
    endloop
  endfacet
  facet normal 0 -0.8968726929815679 0.44228878867092053
    outer loop
      vertex -33 4.619397163391113 -43.91341781616211
      vertex -47 4.330126762390137 -44.5
      vertex -33 4.330126762390137 -44.5
    endloop
  endfacet
  facet normal 0 0.8968726929815679 -0.44228878867092053
    outer loop
      vertex -33 -4.619397163391113 -40.08658218383789
      vertex -47 -4.330126762390137 -39.5
      vertex -33 -4.330126762390137 -39.5
    endloop
  endfacet
  facet normal 0 0.8968726929815679 -0.44228878867092053
    outer loop
      vertex -47 -4.330126762390137 -39.5
      vertex -33 -4.619397163391113 -40.08658218383789
      vertex -47 -4.619397163391113 -40.08658218383789
    endloop
  endfacet
  facet normal 0 -0.9469302676772947 0.3214390582312715
    outer loop
      vertex -47 4.619397163391113 -43.91341781616211
      vertex -33 4.829628944396973 -43.29409408569336
      vertex -47 4.829628944396973 -43.29409408569336
    endloop
  endfacet
  facet normal 0 -0.9469302676772947 0.3214390582312715
    outer loop
      vertex -33 4.829628944396973 -43.29409408569336
      vertex -47 4.619397163391113 -43.91341781616211
      vertex -33 4.619397163391113 -43.91341781616211
    endloop
  endfacet
  facet normal 0 0.8314699461459768 0.5555697333872738
    outer loop
      vertex -33 -3.966766357421875 -45.04380798339844
      vertex -47 -4.330126762390137 -44.5
      vertex -33 -4.330126762390137 -44.5
    endloop
  endfacet
  facet normal 0 0.8314699461459768 0.5555697333872738
    outer loop
      vertex -47 -4.330126762390137 -44.5
      vertex -33 -3.966766357421875 -45.04380798339844
      vertex -47 -3.966766357421875 -45.04380798339844
    endloop
  endfacet
  facet normal 0 -0.321439945894308 0.9469299663562583
    outer loop
      vertex -47 1.913416862487793 -46.6193962097168
      vertex -33 1.2940950393676758 -46.829627990722656
      vertex -33 1.913416862487793 -46.6193962097168
    endloop
  endfacet
  facet normal 0 -0.321439945894308 0.9469299663562583
    outer loop
      vertex -33 1.2940950393676758 -46.829627990722656
      vertex -47 1.913416862487793 -46.6193962097168
      vertex -47 1.2940950393676758 -46.829627990722656
    endloop
  endfacet
  facet normal 0 0.1950885936744065 0.9807856241901908
    outer loop
      vertex -47 -0.6526308059692383 -46.95722198486328
      vertex -33 -1.2940950393676758 -46.829627990722656
      vertex -33 -0.6526308059692383 -46.95722198486328
    endloop
  endfacet
  facet normal 0 0.1950885936744065 0.9807856241901908
    outer loop
      vertex -33 -1.2940950393676758 -46.829627990722656
      vertex -47 -0.6526308059692383 -46.95722198486328
      vertex -47 -1.2940950393676758 -46.829627990722656
    endloop
  endfacet
  facet normal 0 0.5555714150402739 -0.8314688225003676
    outer loop
      vertex -47 -3.043807029724121 -38.033233642578125
      vertex -33 -2.5 -37.66987228393555
      vertex -33 -3.043807029724121 -38.033233642578125
    endloop
  endfacet
  facet normal 0 0.5555714150402739 -0.8314688225003676
    outer loop
      vertex -33 -2.5 -37.66987228393555
      vertex -47 -3.043807029724121 -38.033233642578125
      vertex -47 -2.5 -37.66987228393555
    endloop
  endfacet
  facet normal 0 -0.997858874609381 0.06540387116447745
    outer loop
      vertex -47 4.957223892211914 -42.65262985229492
      vertex -33 5 -42
      vertex -47 5 -42
    endloop
  endfacet
  facet normal 0 -0.997858874609381 0.06540387116447745
    outer loop
      vertex -33 5 -42
      vertex -47 4.957223892211914 -42.65262985229492
      vertex -33 4.957223892211914 -42.65262985229492
    endloop
  endfacet
  facet normal 0 0.1950885936744065 -0.9807856241901908
    outer loop
      vertex -47 -1.2940950393676758 -37.170372009277344
      vertex -33 -0.6526308059692383 -37.04277801513672
      vertex -33 -1.2940950393676758 -37.170372009277344
    endloop
  endfacet
  facet normal 0 0.1950885936744065 -0.9807856241901908
    outer loop
      vertex -33 -0.6526308059692383 -37.04277801513672
      vertex -47 -1.2940950393676758 -37.170372009277344
      vertex -47 -0.6526308059692383 -37.04277801513672
    endloop
  endfacet
  facet normal 0 0.9469302676772947 0.3214390582312715
    outer loop
      vertex -33 -4.619397163391113 -43.91341781616211
      vertex -47 -4.829628944396973 -43.29409408569336
      vertex -33 -4.829628944396973 -43.29409408569336
    endloop
  endfacet
  facet normal 0 0.9469302676772947 0.3214390582312715
    outer loop
      vertex -47 -4.829628944396973 -43.29409408569336
      vertex -33 -4.619397163391113 -43.91341781616211
      vertex -47 -4.619397163391113 -43.91341781616211
    endloop
  endfacet
  facet normal 0 -0.4422858644404416 0.8968741350469257
    outer loop
      vertex -47 2.5 -46.33012771606445
      vertex -33 1.913416862487793 -46.6193962097168
      vertex -33 2.5 -46.33012771606445
    endloop
  endfacet
  facet normal 0 -0.4422858644404416 0.8968741350469257
    outer loop
      vertex -33 1.913416862487793 -46.6193962097168
      vertex -47 2.5 -46.33012771606445
      vertex -47 1.913416862487793 -46.6193962097168
    endloop
  endfacet
  facet normal 0 -0.5555714150402739 0.8314688225003676
    outer loop
      vertex -47 3.043807029724121 -45.966766357421875
      vertex -33 2.5 -46.33012771606445
      vertex -33 3.043807029724121 -45.966766357421875
    endloop
  endfacet
  facet normal 0 -0.5555714150402739 0.8314688225003676
    outer loop
      vertex -33 2.5 -46.33012771606445
      vertex -47 3.043807029724121 -45.966766357421875
      vertex -47 2.5 -46.33012771606445
    endloop
  endfacet
  facet normal 0 0.9469302676772947 -0.3214390582312715
    outer loop
      vertex -33 -4.829628944396973 -40.70590591430664
      vertex -47 -4.619397163391113 -40.08658218383789
      vertex -33 -4.619397163391113 -40.08658218383789
    endloop
  endfacet
  facet normal 0 0.9469302676772947 -0.3214390582312715
    outer loop
      vertex -47 -4.619397163391113 -40.08658218383789
      vertex -33 -4.829628944396973 -40.70590591430664
      vertex -47 -4.829628944396973 -40.70590591430664
    endloop
  endfacet
  facet normal 0 -0.8968726929815679 -0.44228878867092053
    outer loop
      vertex -47 4.619397163391113 -40.08658218383789
      vertex -33 4.330126762390137 -39.5
      vertex -47 4.330126762390137 -39.5
    endloop
  endfacet
  facet normal 0 -0.8968726929815679 -0.44228878867092053
    outer loop
      vertex -33 4.330126762390137 -39.5
      vertex -47 4.619397163391113 -40.08658218383789
      vertex -33 4.619397163391113 -40.08658218383789
    endloop
  endfacet
  facet normal 0 0.321439945894308 0.9469299663562583
    outer loop
      vertex -47 -1.2940950393676758 -46.829627990722656
      vertex -33 -1.913416862487793 -46.6193962097168
      vertex -33 -1.2940950393676758 -46.829627990722656
    endloop
  endfacet
  facet normal 0 0.321439945894308 0.9469299663562583
    outer loop
      vertex -33 -1.913416862487793 -46.6193962097168
      vertex -47 -1.2940950393676758 -46.829627990722656
      vertex -47 -1.913416862487793 -46.6193962097168
    endloop
  endfacet
  facet normal 0 0.8314699461459768 -0.5555697333872738
    outer loop
      vertex -33 -4.330126762390137 -39.5
      vertex -47 -3.966766357421875 -38.95619201660156
      vertex -33 -3.966766357421875 -38.95619201660156
    endloop
  endfacet
  facet normal 0 0.8314699461459768 -0.5555697333872738
    outer loop
      vertex -47 -3.966766357421875 -38.95619201660156
      vertex -33 -4.330126762390137 -39.5
      vertex -47 -4.330126762390137 -39.5
    endloop
  endfacet
  facet normal 0 -0.997858874609381 -0.06540387116447745
    outer loop
      vertex -47 5 -42
      vertex -33 4.957223892211914 -41.34737014770508
      vertex -47 4.957223892211914 -41.34737014770508
    endloop
  endfacet
  facet normal 0 -0.997858874609381 -0.06540387116447745
    outer loop
      vertex -33 4.957223892211914 -41.34737014770508
      vertex -47 5 -42
      vertex -33 5 -42
    endloop
  endfacet
  facet normal 0 -0.7518395096963059 -0.6593461546559731
    outer loop
      vertex -47 3.966766357421875 -38.95619201660156
      vertex -33 3.535533905029297 -38.4644660949707
      vertex -47 3.535533905029297 -38.4644660949707
    endloop
  endfacet
  facet normal 0 -0.7518395096963059 -0.6593461546559731
    outer loop
      vertex -33 3.535533905029297 -38.4644660949707
      vertex -47 3.966766357421875 -38.95619201660156
      vertex -33 3.966766357421875 -38.95619201660156
    endloop
  endfacet
  facet normal 0 -0.321439945894308 -0.9469299663562583
    outer loop
      vertex -47 1.2940950393676758 -37.170372009277344
      vertex -33 1.913416862487793 -37.3806037902832
      vertex -33 1.2940950393676758 -37.170372009277344
    endloop
  endfacet
  facet normal 0 -0.321439945894308 -0.9469299663562583
    outer loop
      vertex -33 1.913416862487793 -37.3806037902832
      vertex -47 1.2940950393676758 -37.170372009277344
      vertex -47 1.913416862487793 -37.3806037902832
    endloop
  endfacet
  facet normal 0 0.321439945894308 -0.9469299663562583
    outer loop
      vertex -47 -1.913416862487793 -37.3806037902832
      vertex -33 -1.2940950393676758 -37.170372009277344
      vertex -33 -1.913416862487793 -37.3806037902832
    endloop
  endfacet
  facet normal 0 0.321439945894308 -0.9469299663562583
    outer loop
      vertex -33 -1.2940950393676758 -37.170372009277344
      vertex -47 -1.913416862487793 -37.3806037902832
      vertex -47 -1.2940950393676758 -37.170372009277344
    endloop
  endfacet
  facet normal 0 -0.8314699461459768 -0.5555697333872738
    outer loop
      vertex -47 4.330126762390137 -39.5
      vertex -33 3.966766357421875 -38.95619201660156
      vertex -47 3.966766357421875 -38.95619201660156
    endloop
  endfacet
  facet normal 0 -0.8314699461459768 -0.5555697333872738
    outer loop
      vertex -33 3.966766357421875 -38.95619201660156
      vertex -47 4.330126762390137 -39.5
      vertex -33 4.330126762390137 -39.5
    endloop
  endfacet
  facet normal 0 -0.6593454318188356 0.7518401436074248
    outer loop
      vertex -47 3.535533905029297 -45.5355339050293
      vertex -33 3.043807029724121 -45.966766357421875
      vertex -33 3.535533905029297 -45.5355339050293
    endloop
  endfacet
  facet normal 0 -0.6593454318188356 0.7518401436074248
    outer loop
      vertex -33 3.043807029724121 -45.966766357421875
      vertex -47 3.535533905029297 -45.5355339050293
      vertex -47 3.043807029724121 -45.966766357421875
    endloop
  endfacet
  facet normal 0 -0.9807853451870197 0.19508999632574353
    outer loop
      vertex -47 4.829628944396973 -43.29409408569336
      vertex -33 4.957223892211914 -42.65262985229492
      vertex -47 4.957223892211914 -42.65262985229492
    endloop
  endfacet
  facet normal 0 -0.9807853451870197 0.19508999632574353
    outer loop
      vertex -33 4.957223892211914 -42.65262985229492
      vertex -47 4.829628944396973 -43.29409408569336
      vertex -33 4.829628944396973 -43.29409408569336
    endloop
  endfacet
  facet normal 0 -0.9469302676772947 -0.3214390582312715
    outer loop
      vertex -47 4.829628944396973 -40.70590591430664
      vertex -33 4.619397163391113 -40.08658218383789
      vertex -47 4.619397163391113 -40.08658218383789
    endloop
  endfacet
  facet normal 0 -0.9469302676772947 -0.3214390582312715
    outer loop
      vertex -33 4.619397163391113 -40.08658218383789
      vertex -47 4.829628944396973 -40.70590591430664
      vertex -33 4.829628944396973 -40.70590591430664
    endloop
  endfacet
  facet normal 0 0.4422858644404416 -0.8968741350469257
    outer loop
      vertex -47 -2.5 -37.66987228393555
      vertex -33 -1.913416862487793 -37.3806037902832
      vertex -33 -2.5 -37.66987228393555
    endloop
  endfacet
  facet normal 0 0.4422858644404416 -0.8968741350469257
    outer loop
      vertex -33 -1.913416862487793 -37.3806037902832
      vertex -47 -2.5 -37.66987228393555
      vertex -47 -1.913416862487793 -37.3806037902832
    endloop
  endfacet
  facet normal 0 -0.9807853451870197 -0.19508999632574353
    outer loop
      vertex -47 4.957223892211914 -41.34737014770508
      vertex -33 4.829628944396973 -40.70590591430664
      vertex -47 4.829628944396973 -40.70590591430664
    endloop
  endfacet
  facet normal 0 -0.9807853451870197 -0.19508999632574353
    outer loop
      vertex -33 4.829628944396973 -40.70590591430664
      vertex -47 4.957223892211914 -41.34737014770508
      vertex -33 4.957223892211914 -41.34737014770508
    endloop
  endfacet
  facet normal 0 0.997858874609381 -0.06540387116447745
    outer loop
      vertex -33 -5 -42
      vertex -47 -4.957223892211914 -41.34737014770508
      vertex -33 -4.957223892211914 -41.34737014770508
    endloop
  endfacet
  facet normal 0 0.997858874609381 -0.06540387116447745
    outer loop
      vertex -47 -4.957223892211914 -41.34737014770508
      vertex -33 -5 -42
      vertex -47 -5 -42
    endloop
  endfacet
  facet normal 0 0.4422858644404416 0.8968741350469257
    outer loop
      vertex -47 -1.913416862487793 -46.6193962097168
      vertex -33 -2.5 -46.33012771606445
      vertex -33 -1.913416862487793 -46.6193962097168
    endloop
  endfacet
  facet normal 0 0.4422858644404416 0.8968741350469257
    outer loop
      vertex -33 -2.5 -46.33012771606445
      vertex -47 -1.913416862487793 -46.6193962097168
      vertex -47 -2.5 -46.33012771606445
    endloop
  endfacet
  facet normal 0 -0.6593454318188356 -0.7518401436074248
    outer loop
      vertex -47 3.043807029724121 -38.033233642578125
      vertex -33 3.535533905029297 -38.4644660949707
      vertex -33 3.043807029724121 -38.033233642578125
    endloop
  endfacet
  facet normal 0 -0.6593454318188356 -0.7518401436074248
    outer loop
      vertex -33 3.535533905029297 -38.4644660949707
      vertex -47 3.043807029724121 -38.033233642578125
      vertex -47 3.535533905029297 -38.4644660949707
    endloop
  endfacet
  facet normal 0 -0.7518395096963059 0.6593461546559731
    outer loop
      vertex -47 3.535533905029297 -45.5355339050293
      vertex -33 3.966766357421875 -45.04380798339844
      vertex -47 3.966766357421875 -45.04380798339844
    endloop
  endfacet
  facet normal 0 -0.7518395096963059 0.6593461546559731
    outer loop
      vertex -33 3.966766357421875 -45.04380798339844
      vertex -47 3.535533905029297 -45.5355339050293
      vertex -33 3.535533905029297 -45.5355339050293
    endloop
  endfacet
  facet normal 0 0.5555714150402739 0.8314688225003676
    outer loop
      vertex -47 -2.5 -46.33012771606445
      vertex -33 -3.043807029724121 -45.966766357421875
      vertex -33 -2.5 -46.33012771606445
    endloop
  endfacet
  facet normal 0 0.5555714150402739 0.8314688225003676
    outer loop
      vertex -33 -3.043807029724121 -45.966766357421875
      vertex -47 -2.5 -46.33012771606445
      vertex -47 -3.043807029724121 -45.966766357421875
    endloop
  endfacet
  facet normal 0 -0.06540667982065419 -0.9978586905142622
    outer loop
      vertex -47 0 -37
      vertex -33 0.6526308059692383 -37.04277801513672
      vertex -33 0 -37
    endloop
  endfacet
  facet normal 0 -0.06540667982065419 -0.9978586905142622
    outer loop
      vertex -33 0.6526308059692383 -37.04277801513672
      vertex -47 0 -37
      vertex -47 0.6526308059692383 -37.04277801513672
    endloop
  endfacet
  facet normal 0 -0.1950885936744065 -0.9807856241901908
    outer loop
      vertex -47 0.6526308059692383 -37.04277801513672
      vertex -33 1.2940950393676758 -37.170372009277344
      vertex -33 0.6526308059692383 -37.04277801513672
    endloop
  endfacet
  facet normal 0 -0.1950885936744065 -0.9807856241901908
    outer loop
      vertex -33 1.2940950393676758 -37.170372009277344
      vertex -47 0.6526308059692383 -37.04277801513672
      vertex -47 1.2940950393676758 -37.170372009277344
    endloop
  endfacet
  facet normal 0 0.997858874609381 0.06540387116447745
    outer loop
      vertex -33 -4.957223892211914 -42.65262985229492
      vertex -47 -5 -42
      vertex -33 -5 -42
    endloop
  endfacet
  facet normal 0 0.997858874609381 0.06540387116447745
    outer loop
      vertex -47 -5 -42
      vertex -33 -4.957223892211914 -42.65262985229492
      vertex -47 -4.957223892211914 -42.65262985229492
    endloop
  endfacet
  facet normal 0 -0.4422858644404416 -0.8968741350469257
    outer loop
      vertex -47 1.913416862487793 -37.3806037902832
      vertex -33 2.5 -37.66987228393555
      vertex -33 1.913416862487793 -37.3806037902832
    endloop
  endfacet
  facet normal 0 -0.4422858644404416 -0.8968741350469257
    outer loop
      vertex -33 2.5 -37.66987228393555
      vertex -47 1.913416862487793 -37.3806037902832
      vertex -47 2.5 -37.66987228393555
    endloop
  endfacet
  facet normal 0 -0.5555714150402739 -0.8314688225003676
    outer loop
      vertex -47 2.5 -37.66987228393555
      vertex -33 3.043807029724121 -38.033233642578125
      vertex -33 2.5 -37.66987228393555
    endloop
  endfacet
  facet normal 0 -0.5555714150402739 -0.8314688225003676
    outer loop
      vertex -33 3.043807029724121 -38.033233642578125
      vertex -47 2.5 -37.66987228393555
      vertex -47 3.043807029724121 -38.033233642578125
    endloop
  endfacet
  facet normal 0 0.7518395096963059 -0.6593461546559731
    outer loop
      vertex -33 -3.966766357421875 -38.95619201660156
      vertex -47 -3.535533905029297 -38.4644660949707
      vertex -33 -3.535533905029297 -38.4644660949707
    endloop
  endfacet
  facet normal 0 0.7518395096963059 -0.6593461546559731
    outer loop
      vertex -47 -3.535533905029297 -38.4644660949707
      vertex -33 -3.966766357421875 -38.95619201660156
      vertex -47 -3.966766357421875 -38.95619201660156
    endloop
  endfacet
  facet normal 0 0.9807853451870197 -0.19508999632574353
    outer loop
      vertex -33 -4.957223892211914 -41.34737014770508
      vertex -47 -4.829628944396973 -40.70590591430664
      vertex -33 -4.829628944396973 -40.70590591430664
    endloop
  endfacet
  facet normal 0 0.9807853451870197 -0.19508999632574353
    outer loop
      vertex -47 -4.829628944396973 -40.70590591430664
      vertex -33 -4.957223892211914 -41.34737014770508
      vertex -47 -4.957223892211914 -41.34737014770508
    endloop
  endfacet
  facet normal 0 0.06540667982065419 -0.9978586905142622
    outer loop
      vertex -47 -0.6526308059692383 -37.04277801513672
      vertex -33 0 -37
      vertex -33 -0.6526308059692383 -37.04277801513672
    endloop
  endfacet
  facet normal 0 0.06540667982065419 -0.9978586905142622
    outer loop
      vertex -33 0 -37
      vertex -47 -0.6526308059692383 -37.04277801513672
      vertex -47 0 -37
    endloop
  endfacet
  facet normal 0 -0.32143787370455856 0.9469306697685382
    outer loop
      vertex 33 -2.070551872253418 -34.2725944519043
      vertex 47 -3.061467170715332 -34.60896301269531
      vertex 47 -2.070551872253418 -34.2725944519043
    endloop
  endfacet
  facet normal 0 -0.32143787370455856 0.9469306697685382
    outer loop
      vertex 47 -3.061467170715332 -34.60896301269531
      vertex 33 -2.070551872253418 -34.2725944519043
      vertex 33 -3.061467170715332 -34.60896301269531
    endloop
  endfacet
  facet normal 0 0.06540521601482088 -0.9978587864613181
    outer loop
      vertex 33 0 -50
      vertex 47 1.0442094802856445 -49.931556701660156
      vertex 47 0 -50
    endloop
  endfacet
  facet normal 0 0.06540521601482088 -0.9978587864613181
    outer loop
      vertex 47 1.0442094802856445 -49.931556701660156
      vertex 33 0 -50
      vertex 33 1.0442094802856445 -49.931556701660156
    endloop
  endfacet
  facet normal 0 0.9978589015191364 0.0654034606043319
    outer loop
      vertex 47 8 -42
      vertex 33 7.931558609008789 -40.95579147338867
      vertex 47 7.931558609008789 -40.95579147338867
    endloop
  endfacet
  facet normal 0 0.9978589015191364 0.0654034606043319
    outer loop
      vertex 33 7.931558609008789 -40.95579147338867
      vertex 47 8 -42
      vertex 33 8 -42
    endloop
  endfacet
  facet normal 0 -0.06540521601482088 -0.9978587864613181
    outer loop
      vertex 33 -1.0442094802856445 -49.931556701660156
      vertex 47 0 -50
      vertex 47 -1.0442094802856445 -49.931556701660156
    endloop
  endfacet
  facet normal 0 -0.06540521601482088 -0.9978587864613181
    outer loop
      vertex 47 0 -50
      vertex 33 -1.0442094802856445 -49.931556701660156
      vertex 33 0 -50
    endloop
  endfacet
  facet normal 0 0.659345341464262 -0.751840222846168
    outer loop
      vertex 33 4.870090484619141 -48.346824645996094
      vertex 47 5.656853675842285 -47.65685272216797
      vertex 47 4.870090484619141 -48.346824645996094
    endloop
  endfacet
  facet normal 0 0.659345341464262 -0.751840222846168
    outer loop
      vertex 47 5.656853675842285 -47.65685272216797
      vertex 33 4.870090484619141 -48.346824645996094
      vertex 33 5.656853675842285 -47.65685272216797
    endloop
  endfacet
  facet normal 0 0.75183937487901 -0.6593463083854639
    outer loop
      vertex 47 5.656853675842285 -47.65685272216797
      vertex 33 6.346826553344727 -46.87009048461914
      vertex 47 6.346826553344727 -46.87009048461914
    endloop
  endfacet
  facet normal 0 0.75183937487901 -0.6593463083854639
    outer loop
      vertex 33 6.346826553344727 -46.87009048461914
      vertex 47 5.656853675842285 -47.65685272216797
      vertex 33 5.656853675842285 -47.65685272216797
    endloop
  endfacet
  facet normal 0 0.659345341464262 0.751840222846168
    outer loop
      vertex 33 5.656853675842285 -36.34314727783203
      vertex 47 4.870090484619141 -35.653175354003906
      vertex 47 5.656853675842285 -36.34314727783203
    endloop
  endfacet
  facet normal 0 0.659345341464262 0.751840222846168
    outer loop
      vertex 47 4.870090484619141 -35.653175354003906
      vertex 33 5.656853675842285 -36.34314727783203
      vertex 33 4.870090484619141 -35.653175354003906
    endloop
  endfacet
  facet normal 0 0.8968728316376392 -0.44228850750418897
    outer loop
      vertex 47 6.9282026290893555 -46
      vertex 33 7.391036033630371 -45.061466217041016
      vertex 47 7.391036033630371 -45.061466217041016
    endloop
  endfacet
  facet normal 0 0.8968728316376392 -0.44228850750418897
    outer loop
      vertex 33 7.391036033630371 -45.061466217041016
      vertex 47 6.9282026290893555 -46
      vertex 33 6.9282026290893555 -46
    endloop
  endfacet
  facet normal 0 0.06540521601482088 0.9978587864613181
    outer loop
      vertex 33 1.0442094802856445 -34.068443298339844
      vertex 47 0 -34
      vertex 47 1.0442094802856445 -34.068443298339844
    endloop
  endfacet
  facet normal 0 0.06540521601482088 0.9978587864613181
    outer loop
      vertex 47 0 -34
      vertex 33 1.0442094802856445 -34.068443298339844
      vertex 33 0 -34
    endloop
  endfacet
  facet normal 0 0.1950893647510419 0.9807854708146093
    outer loop
      vertex 33 2.070551872253418 -34.2725944519043
      vertex 47 1.0442094802856445 -34.068443298339844
      vertex 47 2.070551872253418 -34.2725944519043
    endloop
  endfacet
  facet normal 0 0.1950893647510419 0.9807854708146093
    outer loop
      vertex 47 1.0442094802856445 -34.068443298339844
      vertex 33 2.070551872253418 -34.2725944519043
      vertex 33 1.0442094802856445 -34.068443298339844
    endloop
  endfacet
  facet normal 0 -0.8314695236334722 0.5555703657222251
    outer loop
      vertex 33 -6.9282026290893555 -38
      vertex 47 -6.346826553344727 -37.12990951538086
      vertex 33 -6.346826553344727 -37.12990951538086
    endloop
  endfacet
  facet normal 0 -0.8314695236334722 0.5555703657222251
    outer loop
      vertex 47 -6.346826553344727 -37.12990951538086
      vertex 33 -6.9282026290893555 -38
      vertex 47 -6.9282026290893555 -38
    endloop
  endfacet
  facet normal 0 -0.75183937487901 -0.6593463083854639
    outer loop
      vertex 33 -5.656853675842285 -47.65685272216797
      vertex 47 -6.346826553344727 -46.87009048461914
      vertex 33 -6.346826553344727 -46.87009048461914
    endloop
  endfacet
  facet normal 0 -0.75183937487901 -0.6593463083854639
    outer loop
      vertex 47 -6.346826553344727 -46.87009048461914
      vertex 33 -5.656853675842285 -47.65685272216797
      vertex 47 -5.656853675842285 -47.65685272216797
    endloop
  endfacet
  facet normal 0 -0.1950893647510419 -0.9807854708146093
    outer loop
      vertex 33 -2.070551872253418 -49.7274055480957
      vertex 47 -1.0442094802856445 -49.931556701660156
      vertex 47 -2.070551872253418 -49.7274055480957
    endloop
  endfacet
  facet normal 0 -0.1950893647510419 -0.9807854708146093
    outer loop
      vertex 47 -1.0442094802856445 -49.931556701660156
      vertex 33 -2.070551872253418 -49.7274055480957
      vertex 33 -1.0442094802856445 -49.931556701660156
    endloop
  endfacet
  facet normal 0 0.555572255866429 -0.8314682606759485
    outer loop
      vertex 33 4 -48.92820358276367
      vertex 47 4.870090484619141 -48.346824645996094
      vertex 47 4 -48.92820358276367
    endloop
  endfacet
  facet normal 0 0.555572255866429 -0.8314682606759485
    outer loop
      vertex 47 4.870090484619141 -48.346824645996094
      vertex 33 4 -48.92820358276367
      vertex 33 4.870090484619141 -48.346824645996094
    endloop
  endfacet
  facet normal 0 0.9807853658087408 0.19508989265314192
    outer loop
      vertex 47 7.931558609008789 -40.95579147338867
      vertex 33 7.7274065017700195 -39.929447174072266
      vertex 47 7.7274065017700195 -39.929447174072266
    endloop
  endfacet
  facet normal 0 0.9807853658087408 0.19508989265314192
    outer loop
      vertex 33 7.7274065017700195 -39.929447174072266
      vertex 47 7.931558609008789 -40.95579147338867
      vertex 33 7.931558609008789 -40.95579147338867
    endloop
  endfacet
  facet normal 0 -0.32143787370455856 -0.9469306697685382
    outer loop
      vertex 33 -3.061467170715332 -49.39103698730469
      vertex 47 -2.070551872253418 -49.7274055480957
      vertex 47 -3.061467170715332 -49.39103698730469
    endloop
  endfacet
  facet normal 0 -0.32143787370455856 -0.9469306697685382
    outer loop
      vertex 47 -2.070551872253418 -49.7274055480957
      vertex 33 -3.061467170715332 -49.39103698730469
      vertex 33 -2.070551872253418 -49.7274055480957
    endloop
  endfacet
  facet normal 0 -0.75183937487901 0.6593463083854639
    outer loop
      vertex 33 -6.346826553344727 -37.12990951538086
      vertex 47 -5.656853675842285 -36.34314727783203
      vertex 33 -5.656853675842285 -36.34314727783203
    endloop
  endfacet
  facet normal 0 -0.75183937487901 0.6593463083854639
    outer loop
      vertex 47 -5.656853675842285 -36.34314727783203
      vertex 33 -6.346826553344727 -37.12990951538086
      vertex 47 -6.346826553344727 -37.12990951538086
    endloop
  endfacet
  facet normal 0 0.9807853658087408 -0.19508989265314192
    outer loop
      vertex 47 7.7274065017700195 -44.070552825927734
      vertex 33 7.931558609008789 -43.04420852661133
      vertex 47 7.931558609008789 -43.04420852661133
    endloop
  endfacet
  facet normal 0 0.9807853658087408 -0.19508989265314192
    outer loop
      vertex 33 7.931558609008789 -43.04420852661133
      vertex 47 7.7274065017700195 -44.070552825927734
      vertex 33 7.7274065017700195 -44.070552825927734
    endloop
  endfacet
  facet normal 0 -0.555572255866429 -0.8314682606759485
    outer loop
      vertex 33 -4.870090484619141 -48.346824645996094
      vertex 47 -4 -48.92820358276367
      vertex 47 -4.870090484619141 -48.346824645996094
    endloop
  endfacet
  facet normal 0 -0.555572255866429 -0.8314682606759485
    outer loop
      vertex 47 -4 -48.92820358276367
      vertex 33 -4.870090484619141 -48.346824645996094
      vertex 33 -4 -48.92820358276367
    endloop
  endfacet
  facet normal 0 0.8314695236334722 -0.5555703657222251
    outer loop
      vertex 47 6.346826553344727 -46.87009048461914
      vertex 33 6.9282026290893555 -46
      vertex 47 6.9282026290893555 -46
    endloop
  endfacet
  facet normal 0 0.8314695236334722 -0.5555703657222251
    outer loop
      vertex 33 6.9282026290893555 -46
      vertex 47 6.346826553344727 -46.87009048461914
      vertex 33 6.346826553344727 -46.87009048461914
    endloop
  endfacet
  facet normal 0 -0.659345341464262 0.751840222846168
    outer loop
      vertex 33 -4.870090484619141 -35.653175354003906
      vertex 47 -5.656853675842285 -36.34314727783203
      vertex 47 -4.870090484619141 -35.653175354003906
    endloop
  endfacet
  facet normal 0 -0.659345341464262 0.751840222846168
    outer loop
      vertex 47 -5.656853675842285 -36.34314727783203
      vertex 33 -4.870090484619141 -35.653175354003906
      vertex 33 -5.656853675842285 -36.34314727783203
    endloop
  endfacet
  facet normal 0 -0.4422888690121622 -0.8968726533616367
    outer loop
      vertex 33 -4 -48.92820358276367
      vertex 47 -3.061467170715332 -49.39103698730469
      vertex 47 -4 -48.92820358276367
    endloop
  endfacet
  facet normal 0 -0.4422888690121622 -0.8968726533616367
    outer loop
      vertex 47 -3.061467170715332 -49.39103698730469
      vertex 33 -4 -48.92820358276367
      vertex 33 -3.061467170715332 -49.39103698730469
    endloop
  endfacet
  facet normal 0 -0.06540521601482088 0.9978587864613181
    outer loop
      vertex 33 0 -34
      vertex 47 -1.0442094802856445 -34.068443298339844
      vertex 47 0 -34
    endloop
  endfacet
  facet normal 0 -0.06540521601482088 0.9978587864613181
    outer loop
      vertex 47 -1.0442094802856445 -34.068443298339844
      vertex 33 0 -34
      vertex 33 -1.0442094802856445 -34.068443298339844
    endloop
  endfacet
  facet normal 0 0.8968728316376392 0.44228850750418897
    outer loop
      vertex 47 7.391036033630371 -38.938533782958984
      vertex 33 6.9282026290893555 -38
      vertex 47 6.9282026290893555 -38
    endloop
  endfacet
  facet normal 0 0.8968728316376392 0.44228850750418897
    outer loop
      vertex 33 6.9282026290893555 -38
      vertex 47 7.391036033630371 -38.938533782958984
      vertex 33 7.391036033630371 -38.938533782958984
    endloop
  endfacet
  facet normal 0 -0.659345341464262 -0.751840222846168
    outer loop
      vertex 33 -5.656853675842285 -47.65685272216797
      vertex 47 -4.870090484619141 -48.346824645996094
      vertex 47 -5.656853675842285 -47.65685272216797
    endloop
  endfacet
  facet normal 0 -0.659345341464262 -0.751840222846168
    outer loop
      vertex 47 -4.870090484619141 -48.346824645996094
      vertex 33 -5.656853675842285 -47.65685272216797
      vertex 33 -4.870090484619141 -48.346824645996094
    endloop
  endfacet
  facet normal 0 -0.9469299266532175 0.3214400628554757
    outer loop
      vertex 33 -7.7274065017700195 -39.929447174072266
      vertex 47 -7.391036033630371 -38.938533782958984
      vertex 33 -7.391036033630371 -38.938533782958984
    endloop
  endfacet
  facet normal 0 -0.9469299266532175 0.3214400628554757
    outer loop
      vertex 47 -7.391036033630371 -38.938533782958984
      vertex 33 -7.7274065017700195 -39.929447174072266
      vertex 47 -7.7274065017700195 -39.929447174072266
    endloop
  endfacet
  facet normal 0 0.9469299266532175 0.3214400628554757
    outer loop
      vertex 47 7.7274065017700195 -39.929447174072266
      vertex 33 7.391036033630371 -38.938533782958984
      vertex 47 7.391036033630371 -38.938533782958984
    endloop
  endfacet
  facet normal 0 0.9469299266532175 0.3214400628554757
    outer loop
      vertex 33 7.391036033630371 -38.938533782958984
      vertex 47 7.7274065017700195 -39.929447174072266
      vertex 33 7.7274065017700195 -39.929447174072266
    endloop
  endfacet
  facet normal 0 -0.9469299266532175 -0.3214400628554757
    outer loop
      vertex 33 -7.391036033630371 -45.061466217041016
      vertex 47 -7.7274065017700195 -44.070552825927734
      vertex 33 -7.7274065017700195 -44.070552825927734
    endloop
  endfacet
  facet normal 0 -0.9469299266532175 -0.3214400628554757
    outer loop
      vertex 47 -7.7274065017700195 -44.070552825927734
      vertex 33 -7.391036033630371 -45.061466217041016
      vertex 47 -7.391036033630371 -45.061466217041016
    endloop
  endfacet
  facet normal 0 -0.9978589015191364 0.0654034606043319
    outer loop
      vertex 33 -8 -42
      vertex 47 -7.931558609008789 -40.95579147338867
      vertex 33 -7.931558609008789 -40.95579147338867
    endloop
  endfacet
  facet normal 0 -0.9978589015191364 0.0654034606043319
    outer loop
      vertex 47 -7.931558609008789 -40.95579147338867
      vertex 33 -8 -42
      vertex 47 -8 -42
    endloop
  endfacet
  facet normal 0 0.4422888690121622 -0.8968726533616367
    outer loop
      vertex 33 3.061467170715332 -49.39103698730469
      vertex 47 4 -48.92820358276367
      vertex 47 3.061467170715332 -49.39103698730469
    endloop
  endfacet
  facet normal 0 0.4422888690121622 -0.8968726533616367
    outer loop
      vertex 47 4 -48.92820358276367
      vertex 33 3.061467170715332 -49.39103698730469
      vertex 33 4 -48.92820358276367
    endloop
  endfacet
  facet normal 0 0.9978589015191364 -0.0654034606043319
    outer loop
      vertex 47 7.931558609008789 -43.04420852661133
      vertex 33 8 -42
      vertex 47 8 -42
    endloop
  endfacet
  facet normal 0 0.9978589015191364 -0.0654034606043319
    outer loop
      vertex 33 8 -42
      vertex 47 7.931558609008789 -43.04420852661133
      vertex 33 7.931558609008789 -43.04420852661133
    endloop
  endfacet
  facet normal 0 0.9469299266532175 -0.3214400628554757
    outer loop
      vertex 47 7.391036033630371 -45.061466217041016
      vertex 33 7.7274065017700195 -44.070552825927734
      vertex 47 7.7274065017700195 -44.070552825927734
    endloop
  endfacet
  facet normal 0 0.9469299266532175 -0.3214400628554757
    outer loop
      vertex 33 7.7274065017700195 -44.070552825927734
      vertex 47 7.391036033630371 -45.061466217041016
      vertex 33 7.391036033630371 -45.061466217041016
    endloop
  endfacet
  facet normal 0 -0.9978589015191364 -0.0654034606043319
    outer loop
      vertex 33 -7.931558609008789 -43.04420852661133
      vertex 47 -8 -42
      vertex 33 -8 -42
    endloop
  endfacet
  facet normal 0 -0.9978589015191364 -0.0654034606043319
    outer loop
      vertex 47 -8 -42
      vertex 33 -7.931558609008789 -43.04420852661133
      vertex 47 -7.931558609008789 -43.04420852661133
    endloop
  endfacet
  facet normal 0 -0.8968728316376392 -0.44228850750418897
    outer loop
      vertex 33 -6.9282026290893555 -46
      vertex 47 -7.391036033630371 -45.061466217041016
      vertex 33 -7.391036033630371 -45.061466217041016
    endloop
  endfacet
  facet normal 0 -0.8968728316376392 -0.44228850750418897
    outer loop
      vertex 47 -7.391036033630371 -45.061466217041016
      vertex 33 -6.9282026290893555 -46
      vertex 47 -6.9282026290893555 -46
    endloop
  endfacet
  facet normal 0 0.555572255866429 0.8314682606759485
    outer loop
      vertex 33 4.870090484619141 -35.653175354003906
      vertex 47 4 -35.07179641723633
      vertex 47 4.870090484619141 -35.653175354003906
    endloop
  endfacet
  facet normal 0 0.555572255866429 0.8314682606759485
    outer loop
      vertex 47 4 -35.07179641723633
      vertex 33 4.870090484619141 -35.653175354003906
      vertex 33 4 -35.07179641723633
    endloop
  endfacet
  facet normal 0 -0.4422888690121622 0.8968726533616367
    outer loop
      vertex 33 -3.061467170715332 -34.60896301269531
      vertex 47 -4 -35.07179641723633
      vertex 47 -3.061467170715332 -34.60896301269531
    endloop
  endfacet
  facet normal 0 -0.4422888690121622 0.8968726533616367
    outer loop
      vertex 47 -4 -35.07179641723633
      vertex 33 -3.061467170715332 -34.60896301269531
      vertex 33 -4 -35.07179641723633
    endloop
  endfacet
  facet normal 0 -0.1950893647510419 0.9807854708146093
    outer loop
      vertex 33 -1.0442094802856445 -34.068443298339844
      vertex 47 -2.070551872253418 -34.2725944519043
      vertex 47 -1.0442094802856445 -34.068443298339844
    endloop
  endfacet
  facet normal 0 -0.1950893647510419 0.9807854708146093
    outer loop
      vertex 47 -2.070551872253418 -34.2725944519043
      vertex 33 -1.0442094802856445 -34.068443298339844
      vertex 33 -2.070551872253418 -34.2725944519043
    endloop
  endfacet
  facet normal 0 -0.8314695236334722 -0.5555703657222251
    outer loop
      vertex 33 -6.346826553344727 -46.87009048461914
      vertex 47 -6.9282026290893555 -46
      vertex 33 -6.9282026290893555 -46
    endloop
  endfacet
  facet normal 0 -0.8314695236334722 -0.5555703657222251
    outer loop
      vertex 47 -6.9282026290893555 -46
      vertex 33 -6.346826553344727 -46.87009048461914
      vertex 47 -6.346826553344727 -46.87009048461914
    endloop
  endfacet
  facet normal 0 -0.8968728316376392 0.44228850750418897
    outer loop
      vertex 33 -7.391036033630371 -38.938533782958984
      vertex 47 -6.9282026290893555 -38
      vertex 33 -6.9282026290893555 -38
    endloop
  endfacet
  facet normal 0 -0.8968728316376392 0.44228850750418897
    outer loop
      vertex 47 -6.9282026290893555 -38
      vertex 33 -7.391036033630371 -38.938533782958984
      vertex 47 -7.391036033630371 -38.938533782958984
    endloop
  endfacet
  facet normal 0 0.32143787370455856 -0.9469306697685382
    outer loop
      vertex 33 2.070551872253418 -49.7274055480957
      vertex 47 3.061467170715332 -49.39103698730469
      vertex 47 2.070551872253418 -49.7274055480957
    endloop
  endfacet
  facet normal 0 0.32143787370455856 -0.9469306697685382
    outer loop
      vertex 47 3.061467170715332 -49.39103698730469
      vertex 33 2.070551872253418 -49.7274055480957
      vertex 33 3.061467170715332 -49.39103698730469
    endloop
  endfacet
  facet normal 0 0.4422888690121622 0.8968726533616367
    outer loop
      vertex 33 4 -35.07179641723633
      vertex 47 3.061467170715332 -34.60896301269531
      vertex 47 4 -35.07179641723633
    endloop
  endfacet
  facet normal 0 0.4422888690121622 0.8968726533616367
    outer loop
      vertex 47 3.061467170715332 -34.60896301269531
      vertex 33 4 -35.07179641723633
      vertex 33 3.061467170715332 -34.60896301269531
    endloop
  endfacet
  facet normal 0 -0.555572255866429 0.8314682606759485
    outer loop
      vertex 33 -4 -35.07179641723633
      vertex 47 -4.870090484619141 -35.653175354003906
      vertex 47 -4 -35.07179641723633
    endloop
  endfacet
  facet normal 0 -0.555572255866429 0.8314682606759485
    outer loop
      vertex 47 -4.870090484619141 -35.653175354003906
      vertex 33 -4 -35.07179641723633
      vertex 33 -4.870090484619141 -35.653175354003906
    endloop
  endfacet
  facet normal 0 -0.9807853658087408 -0.19508989265314192
    outer loop
      vertex 33 -7.7274065017700195 -44.070552825927734
      vertex 47 -7.931558609008789 -43.04420852661133
      vertex 33 -7.931558609008789 -43.04420852661133
    endloop
  endfacet
  facet normal 0 -0.9807853658087408 -0.19508989265314192
    outer loop
      vertex 47 -7.931558609008789 -43.04420852661133
      vertex 33 -7.7274065017700195 -44.070552825927734
      vertex 47 -7.7274065017700195 -44.070552825927734
    endloop
  endfacet
  facet normal 0 0.32143787370455856 0.9469306697685382
    outer loop
      vertex 33 3.061467170715332 -34.60896301269531
      vertex 47 2.070551872253418 -34.2725944519043
      vertex 47 3.061467170715332 -34.60896301269531
    endloop
  endfacet
  facet normal 0 0.32143787370455856 0.9469306697685382
    outer loop
      vertex 47 2.070551872253418 -34.2725944519043
      vertex 33 3.061467170715332 -34.60896301269531
      vertex 33 2.070551872253418 -34.2725944519043
    endloop
  endfacet
  facet normal 0 0.1950893647510419 -0.9807854708146093
    outer loop
      vertex 33 1.0442094802856445 -49.931556701660156
      vertex 47 2.070551872253418 -49.7274055480957
      vertex 47 1.0442094802856445 -49.931556701660156
    endloop
  endfacet
  facet normal 0 0.1950893647510419 -0.9807854708146093
    outer loop
      vertex 47 2.070551872253418 -49.7274055480957
      vertex 33 1.0442094802856445 -49.931556701660156
      vertex 33 2.070551872253418 -49.7274055480957
    endloop
  endfacet
  facet normal 0 0.75183937487901 0.6593463083854639
    outer loop
      vertex 47 6.346826553344727 -37.12990951538086
      vertex 33 5.656853675842285 -36.34314727783203
      vertex 47 5.656853675842285 -36.34314727783203
    endloop
  endfacet
  facet normal 0 0.75183937487901 0.6593463083854639
    outer loop
      vertex 33 5.656853675842285 -36.34314727783203
      vertex 47 6.346826553344727 -37.12990951538086
      vertex 33 6.346826553344727 -37.12990951538086
    endloop
  endfacet
  facet normal 0 0.8314695236334722 0.5555703657222251
    outer loop
      vertex 47 6.9282026290893555 -38
      vertex 33 6.346826553344727 -37.12990951538086
      vertex 47 6.346826553344727 -37.12990951538086
    endloop
  endfacet
  facet normal 0 0.8314695236334722 0.5555703657222251
    outer loop
      vertex 33 6.346826553344727 -37.12990951538086
      vertex 47 6.9282026290893555 -38
      vertex 33 6.9282026290893555 -38
    endloop
  endfacet
  facet normal 0 -0.9807853658087408 0.19508989265314192
    outer loop
      vertex 33 -7.931558609008789 -40.95579147338867
      vertex 47 -7.7274065017700195 -39.929447174072266
      vertex 33 -7.7274065017700195 -39.929447174072266
    endloop
  endfacet
  facet normal 0 -0.9807853658087408 0.19508989265314192
    outer loop
      vertex 47 -7.7274065017700195 -39.929447174072266
      vertex 33 -7.931558609008789 -40.95579147338867
      vertex 47 -7.931558609008789 -40.95579147338867
    endloop
  endfacet
  facet normal 1 0 0
    outer loop
      vertex 47 5 -42
      vertex 47 8 -42
      vertex 47 7.931558609008789 -40.95579147338867
    endloop
  endfacet
  facet normal 1 0 0
    outer loop
      vertex 47 4.957223892211914 -41.34737014770508
      vertex 47 7.931558609008789 -40.95579147338867
      vertex 47 7.7274065017700195 -39.929447174072266
    endloop
  endfacet
  facet normal 1 0 0
    outer loop
      vertex 47 8 -42
      vertex 47 5 -42
      vertex 47 7.931558609008789 -43.04420852661133
    endloop
  endfacet
  facet normal 1 0 0
    outer loop
      vertex 47 4.829628944396973 -40.70590591430664
      vertex 47 7.7274065017700195 -39.929447174072266
      vertex 47 7.391036033630371 -38.938533782958984
    endloop
  endfacet
  facet normal 1 0 0
    outer loop
      vertex 47 4.957223892211914 -42.65262985229492
      vertex 47 7.931558609008789 -43.04420852661133
      vertex 47 5 -42
    endloop
  endfacet
  facet normal 1 0 0
    outer loop
      vertex 47 4.619397163391113 -40.08658218383789
      vertex 47 7.391036033630371 -38.938533782958984
      vertex 47 6.9282026290893555 -38
    endloop
  endfacet
  facet normal 1 0 0
    outer loop
      vertex 47 7.931558609008789 -43.04420852661133
      vertex 47 4.957223892211914 -42.65262985229492
      vertex 47 7.7274065017700195 -44.070552825927734
    endloop
  endfacet
  facet normal 1 0 0
    outer loop
      vertex 47 4.330126762390137 -39.5
      vertex 47 6.9282026290893555 -38
      vertex 47 6.346826553344727 -37.12990951538086
    endloop
  endfacet
  facet normal 1 0 0
    outer loop
      vertex 47 4.829628944396973 -43.29409408569336
      vertex 47 7.7274065017700195 -44.070552825927734
      vertex 47 4.957223892211914 -42.65262985229492
    endloop
  endfacet
  facet normal 1 0 0
    outer loop
      vertex 47 3.966766357421875 -38.95619201660156
      vertex 47 6.346826553344727 -37.12990951538086
      vertex 47 5.656853675842285 -36.34314727783203
    endloop
  endfacet
  facet normal 1 0 0
    outer loop
      vertex 47 7.7274065017700195 -44.070552825927734
      vertex 47 4.829628944396973 -43.29409408569336
      vertex 47 7.391036033630371 -45.061466217041016
    endloop
  endfacet
  facet normal 1 0 0
    outer loop
      vertex 47 4.619397163391113 -43.91341781616211
      vertex 47 7.391036033630371 -45.061466217041016
      vertex 47 4.829628944396973 -43.29409408569336
    endloop
  endfacet
  facet normal 1 0 0
    outer loop
      vertex 47 7.931558609008789 -40.95579147338867
      vertex 47 4.957223892211914 -41.34737014770508
      vertex 47 5 -42
    endloop
  endfacet
  facet normal 1 0 0
    outer loop
      vertex 47 3.535533905029297 -38.4644660949707
      vertex 47 5.656853675842285 -36.34314727783203
      vertex 47 4.870090484619141 -35.653175354003906
    endloop
  endfacet
  facet normal 1 0 0
    outer loop
      vertex 47 7.7274065017700195 -39.929447174072266
      vertex 47 4.829628944396973 -40.70590591430664
      vertex 47 4.957223892211914 -41.34737014770508
    endloop
  endfacet
  facet normal 1 0 0
    outer loop
      vertex 47 7.391036033630371 -38.938533782958984
      vertex 47 4.619397163391113 -40.08658218383789
      vertex 47 4.829628944396973 -40.70590591430664
    endloop
  endfacet
  facet normal 1 0 0
    outer loop
      vertex 47 6.9282026290893555 -38
      vertex 47 4.330126762390137 -39.5
      vertex 47 4.619397163391113 -40.08658218383789
    endloop
  endfacet
  facet normal 1 0 0
    outer loop
      vertex 47 3.043807029724121 -38.033233642578125
      vertex 47 4.870090484619141 -35.653175354003906
      vertex 47 4 -35.07179641723633
    endloop
  endfacet
  facet normal 1 0 0
    outer loop
      vertex 47 6.346826553344727 -37.12990951538086
      vertex 47 3.966766357421875 -38.95619201660156
      vertex 47 4.330126762390137 -39.5
    endloop
  endfacet
  facet normal 1 0 0
    outer loop
      vertex 47 5.656853675842285 -36.34314727783203
      vertex 47 3.535533905029297 -38.4644660949707
      vertex 47 3.966766357421875 -38.95619201660156
    endloop
  endfacet
  facet normal 1 0 0
    outer loop
      vertex 47 2.5 -37.66987228393555
      vertex 47 4 -35.07179641723633
      vertex 47 3.061467170715332 -34.60896301269531
    endloop
  endfacet
  facet normal 1 0 0
    outer loop
      vertex 47 4.870090484619141 -35.653175354003906
      vertex 47 3.043807029724121 -38.033233642578125
      vertex 47 3.535533905029297 -38.4644660949707
    endloop
  endfacet
  facet normal 1 0 0
    outer loop
      vertex 47 4 -35.07179641723633
      vertex 47 2.5 -37.66987228393555
      vertex 47 3.043807029724121 -38.033233642578125
    endloop
  endfacet
  facet normal 1 0 0
    outer loop
      vertex 47 1.913416862487793 -37.3806037902832
      vertex 47 3.061467170715332 -34.60896301269531
      vertex 47 2.070551872253418 -34.2725944519043
    endloop
  endfacet
  facet normal 1 0 0
    outer loop
      vertex 47 3.061467170715332 -34.60896301269531
      vertex 47 1.913416862487793 -37.3806037902832
      vertex 47 2.5 -37.66987228393555
    endloop
  endfacet
  facet normal 1 0 0
    outer loop
      vertex 47 2.070551872253418 -34.2725944519043
      vertex 47 1.2940950393676758 -37.170372009277344
      vertex 47 1.913416862487793 -37.3806037902832
    endloop
  endfacet
  facet normal 1 0 0
    outer loop
      vertex 47 1.0442094802856445 -34.068443298339844
      vertex 47 1.2940950393676758 -37.170372009277344
      vertex 47 2.070551872253418 -34.2725944519043
    endloop
  endfacet
  facet normal 1 0 0
    outer loop
      vertex 47 1.0442094802856445 -34.068443298339844
      vertex 47 0.6526308059692383 -37.04277801513672
      vertex 47 1.2940950393676758 -37.170372009277344
    endloop
  endfacet
  facet normal 1 0 0
    outer loop
      vertex 47 0 -34
      vertex 47 0.6526308059692383 -37.04277801513672
      vertex 47 1.0442094802856445 -34.068443298339844
    endloop
  endfacet
  facet normal 1 0 0
    outer loop
      vertex 47 0 -34
      vertex 47 0 -37
      vertex 47 0.6526308059692383 -37.04277801513672
    endloop
  endfacet
  facet normal 1 0 0
    outer loop
      vertex 47 0 -34
      vertex 47 -0.6526308059692383 -37.04277801513672
      vertex 47 0 -37
    endloop
  endfacet
  facet normal 1 0 0
    outer loop
      vertex 47 -1.0442094802856445 -34.068443298339844
      vertex 47 -0.6526308059692383 -37.04277801513672
      vertex 47 0 -34
    endloop
  endfacet
  facet normal 1 0 0
    outer loop
      vertex 47 -1.0442094802856445 -34.068443298339844
      vertex 47 -1.2940950393676758 -37.170372009277344
      vertex 47 -0.6526308059692383 -37.04277801513672
    endloop
  endfacet
  facet normal 1 0 0
    outer loop
      vertex 47 -2.070551872253418 -34.2725944519043
      vertex 47 -1.2940950393676758 -37.170372009277344
      vertex 47 -1.0442094802856445 -34.068443298339844
    endloop
  endfacet
  facet normal 1 0 0
    outer loop
      vertex 47 -1.2940950393676758 -37.170372009277344
      vertex 47 -2.070551872253418 -34.2725944519043
      vertex 47 -1.913416862487793 -37.3806037902832
    endloop
  endfacet
  facet normal 1 0 0
    outer loop
      vertex 47 -3.061467170715332 -34.60896301269531
      vertex 47 -1.913416862487793 -37.3806037902832
      vertex 47 -2.070551872253418 -34.2725944519043
    endloop
  endfacet
  facet normal 1 0 0
    outer loop
      vertex 47 -1.913416862487793 -37.3806037902832
      vertex 47 -3.061467170715332 -34.60896301269531
      vertex 47 -2.5 -37.66987228393555
    endloop
  endfacet
  facet normal 1 0 0
    outer loop
      vertex 47 -4 -35.07179641723633
      vertex 47 -2.5 -37.66987228393555
      vertex 47 -3.061467170715332 -34.60896301269531
    endloop
  endfacet
  facet normal 1 0 0
    outer loop
      vertex 47 -2.5 -37.66987228393555
      vertex 47 -4 -35.07179641723633
      vertex 47 -3.043807029724121 -38.033233642578125
    endloop
  endfacet
  facet normal 1 0 0
    outer loop
      vertex 47 -4.870090484619141 -35.653175354003906
      vertex 47 -3.043807029724121 -38.033233642578125
      vertex 47 -4 -35.07179641723633
    endloop
  endfacet
  facet normal 1 0 0
    outer loop
      vertex 47 -3.043807029724121 -38.033233642578125
      vertex 47 -4.870090484619141 -35.653175354003906
      vertex 47 -3.535533905029297 -38.4644660949707
    endloop
  endfacet
  facet normal 1 0 0
    outer loop
      vertex 47 -5.656853675842285 -36.34314727783203
      vertex 47 -3.535533905029297 -38.4644660949707
      vertex 47 -4.870090484619141 -35.653175354003906
    endloop
  endfacet
  facet normal 1 0 0
    outer loop
      vertex 47 -3.535533905029297 -38.4644660949707
      vertex 47 -5.656853675842285 -36.34314727783203
      vertex 47 -3.966766357421875 -38.95619201660156
    endloop
  endfacet
  facet normal 1 0 0
    outer loop
      vertex 47 -6.346826553344727 -37.12990951538086
      vertex 47 -3.966766357421875 -38.95619201660156
      vertex 47 -5.656853675842285 -36.34314727783203
    endloop
  endfacet
  facet normal 1 0 0
    outer loop
      vertex 47 -3.966766357421875 -38.95619201660156
      vertex 47 -6.346826553344727 -37.12990951538086
      vertex 47 -4.330126762390137 -39.5
    endloop
  endfacet
  facet normal 1 0 0
    outer loop
      vertex 47 -6.9282026290893555 -38
      vertex 47 -4.330126762390137 -39.5
      vertex 47 -6.346826553344727 -37.12990951538086
    endloop
  endfacet
  facet normal 1 0 0
    outer loop
      vertex 47 -4.330126762390137 -39.5
      vertex 47 -6.9282026290893555 -38
      vertex 47 -4.619397163391113 -40.08658218383789
    endloop
  endfacet
  facet normal 1 0 0
    outer loop
      vertex 47 -7.391036033630371 -38.938533782958984
      vertex 47 -4.619397163391113 -40.08658218383789
      vertex 47 -6.9282026290893555 -38
    endloop
  endfacet
  facet normal 1 0 0
    outer loop
      vertex 47 7.391036033630371 -45.061466217041016
      vertex 47 4.619397163391113 -43.91341781616211
      vertex 47 6.9282026290893555 -46
    endloop
  endfacet
  facet normal 1 0 0
    outer loop
      vertex 47 4.330126762390137 -44.5
      vertex 47 6.9282026290893555 -46
      vertex 47 4.619397163391113 -43.91341781616211
    endloop
  endfacet
  facet normal 1 0 0
    outer loop
      vertex 47 6.9282026290893555 -46
      vertex 47 4.330126762390137 -44.5
      vertex 47 6.346826553344727 -46.87009048461914
    endloop
  endfacet
  facet normal 1 0 0
    outer loop
      vertex 47 3.966766357421875 -45.04380798339844
      vertex 47 6.346826553344727 -46.87009048461914
      vertex 47 4.330126762390137 -44.5
    endloop
  endfacet
  facet normal 1 0 0
    outer loop
      vertex 47 6.346826553344727 -46.87009048461914
      vertex 47 3.966766357421875 -45.04380798339844
      vertex 47 5.656853675842285 -47.65685272216797
    endloop
  endfacet
  facet normal 1 0 0
    outer loop
      vertex 47 3.535533905029297 -45.5355339050293
      vertex 47 5.656853675842285 -47.65685272216797
      vertex 47 3.966766357421875 -45.04380798339844
    endloop
  endfacet
  facet normal 1 0 0
    outer loop
      vertex 47 5.656853675842285 -47.65685272216797
      vertex 47 3.535533905029297 -45.5355339050293
      vertex 47 4.870090484619141 -48.346824645996094
    endloop
  endfacet
  facet normal 1 0 0
    outer loop
      vertex 47 3.043807029724121 -45.966766357421875
      vertex 47 4.870090484619141 -48.346824645996094
      vertex 47 3.535533905029297 -45.5355339050293
    endloop
  endfacet
  facet normal 1 0 0
    outer loop
      vertex 47 4.870090484619141 -48.346824645996094
      vertex 47 3.043807029724121 -45.966766357421875
      vertex 47 4 -48.92820358276367
    endloop
  endfacet
  facet normal 1 0 0
    outer loop
      vertex 47 2.5 -46.33012771606445
      vertex 47 4 -48.92820358276367
      vertex 47 3.043807029724121 -45.966766357421875
    endloop
  endfacet
  facet normal 1 0 0
    outer loop
      vertex 47 4 -48.92820358276367
      vertex 47 2.5 -46.33012771606445
      vertex 47 3.061467170715332 -49.39103698730469
    endloop
  endfacet
  facet normal 1 0 0
    outer loop
      vertex 47 1.913416862487793 -46.6193962097168
      vertex 47 3.061467170715332 -49.39103698730469
      vertex 47 2.5 -46.33012771606445
    endloop
  endfacet
  facet normal 1 0 0
    outer loop
      vertex 47 3.061467170715332 -49.39103698730469
      vertex 47 1.913416862487793 -46.6193962097168
      vertex 47 2.070551872253418 -49.7274055480957
    endloop
  endfacet
  facet normal 1 0 0
    outer loop
      vertex 47 1.2940950393676758 -46.829627990722656
      vertex 47 2.070551872253418 -49.7274055480957
      vertex 47 1.913416862487793 -46.6193962097168
    endloop
  endfacet
  facet normal 1 0 0
    outer loop
      vertex 47 1.2940950393676758 -46.829627990722656
      vertex 47 1.0442094802856445 -49.931556701660156
      vertex 47 2.070551872253418 -49.7274055480957
    endloop
  endfacet
  facet normal 1 0 0
    outer loop
      vertex 47 0.6526308059692383 -46.95722198486328
      vertex 47 1.0442094802856445 -49.931556701660156
      vertex 47 1.2940950393676758 -46.829627990722656
    endloop
  endfacet
  facet normal 1 0 0
    outer loop
      vertex 47 0 -47
      vertex 47 1.0442094802856445 -49.931556701660156
      vertex 47 0.6526308059692383 -46.95722198486328
    endloop
  endfacet
  facet normal 1 0 0
    outer loop
      vertex 47 0 -47
      vertex 47 0 -50
      vertex 47 1.0442094802856445 -49.931556701660156
    endloop
  endfacet
  facet normal 1 0 0
    outer loop
      vertex 47 -0.6526308059692383 -46.95722198486328
      vertex 47 0 -50
      vertex 47 0 -47
    endloop
  endfacet
  facet normal 1 0 0
    outer loop
      vertex 47 -0.6526308059692383 -46.95722198486328
      vertex 47 -1.0442094802856445 -49.931556701660156
      vertex 47 0 -50
    endloop
  endfacet
  facet normal 1 0 0
    outer loop
      vertex 47 -1.2940950393676758 -46.829627990722656
      vertex 47 -1.0442094802856445 -49.931556701660156
      vertex 47 -0.6526308059692383 -46.95722198486328
    endloop
  endfacet
  facet normal 1 0 0
    outer loop
      vertex 47 -2.070551872253418 -49.7274055480957
      vertex 47 -1.2940950393676758 -46.829627990722656
      vertex 47 -1.913416862487793 -46.6193962097168
    endloop
  endfacet
  facet normal 1 0 0
    outer loop
      vertex 47 -1.2940950393676758 -46.829627990722656
      vertex 47 -2.070551872253418 -49.7274055480957
      vertex 47 -1.0442094802856445 -49.931556701660156
    endloop
  endfacet
  facet normal 1 0 0
    outer loop
      vertex 47 -3.061467170715332 -49.39103698730469
      vertex 47 -1.913416862487793 -46.6193962097168
      vertex 47 -2.5 -46.33012771606445
    endloop
  endfacet
  facet normal 1 0 0
    outer loop
      vertex 47 -4 -48.92820358276367
      vertex 47 -2.5 -46.33012771606445
      vertex 47 -3.043807029724121 -45.966766357421875
    endloop
  endfacet
  facet normal 1 0 0
    outer loop
      vertex 47 -1.913416862487793 -46.6193962097168
      vertex 47 -3.061467170715332 -49.39103698730469
      vertex 47 -2.070551872253418 -49.7274055480957
    endloop
  endfacet
  facet normal 1 0 0
    outer loop
      vertex 47 -4.870090484619141 -48.346824645996094
      vertex 47 -3.043807029724121 -45.966766357421875
      vertex 47 -3.535533905029297 -45.5355339050293
    endloop
  endfacet
  facet normal 1 0 0
    outer loop
      vertex 47 -5.656853675842285 -47.65685272216797
      vertex 47 -3.535533905029297 -45.5355339050293
      vertex 47 -3.966766357421875 -45.04380798339844
    endloop
  endfacet
  facet normal 1 0 0
    outer loop
      vertex 47 -2.5 -46.33012771606445
      vertex 47 -4 -48.92820358276367
      vertex 47 -3.061467170715332 -49.39103698730469
    endloop
  endfacet
  facet normal 1 0 0
    outer loop
      vertex 47 -6.346826553344727 -46.87009048461914
      vertex 47 -3.966766357421875 -45.04380798339844
      vertex 47 -4.330126762390137 -44.5
    endloop
  endfacet
  facet normal 1 0 0
    outer loop
      vertex 47 -6.9282026290893555 -46
      vertex 47 -4.330126762390137 -44.5
      vertex 47 -4.619397163391113 -43.91341781616211
    endloop
  endfacet
  facet normal 1 0 0
    outer loop
      vertex 47 -7.391036033630371 -45.061466217041016
      vertex 47 -4.619397163391113 -43.91341781616211
      vertex 47 -4.829628944396973 -43.29409408569336
    endloop
  endfacet
  facet normal 1 0 0
    outer loop
      vertex 47 -3.043807029724121 -45.966766357421875
      vertex 47 -4.870090484619141 -48.346824645996094
      vertex 47 -4 -48.92820358276367
    endloop
  endfacet
  facet normal 1 0 0
    outer loop
      vertex 47 -7.7274065017700195 -44.070552825927734
      vertex 47 -4.829628944396973 -43.29409408569336
      vertex 47 -4.957223892211914 -42.65262985229492
    endloop
  endfacet
  facet normal 1 0 0
    outer loop
      vertex 47 -7.931558609008789 -43.04420852661133
      vertex 47 -4.957223892211914 -42.65262985229492
      vertex 47 -5 -42
    endloop
  endfacet
  facet normal 1 0 0
    outer loop
      vertex 47 -4.619397163391113 -40.08658218383789
      vertex 47 -7.391036033630371 -38.938533782958984
      vertex 47 -4.829628944396973 -40.70590591430664
    endloop
  endfacet
  facet normal 1 0 0
    outer loop
      vertex 47 -3.535533905029297 -45.5355339050293
      vertex 47 -5.656853675842285 -47.65685272216797
      vertex 47 -4.870090484619141 -48.346824645996094
    endloop
  endfacet
  facet normal 1 0 0
    outer loop
      vertex 47 -7.7274065017700195 -39.929447174072266
      vertex 47 -4.829628944396973 -40.70590591430664
      vertex 47 -7.391036033630371 -38.938533782958984
    endloop
  endfacet
  facet normal 1 0 0
    outer loop
      vertex 47 -3.966766357421875 -45.04380798339844
      vertex 47 -6.346826553344727 -46.87009048461914
      vertex 47 -5.656853675842285 -47.65685272216797
    endloop
  endfacet
  facet normal 1 0 0
    outer loop
      vertex 47 -4.829628944396973 -40.70590591430664
      vertex 47 -7.7274065017700195 -39.929447174072266
      vertex 47 -4.957223892211914 -41.34737014770508
    endloop
  endfacet
  facet normal 1 0 0
    outer loop
      vertex 47 -4.330126762390137 -44.5
      vertex 47 -6.9282026290893555 -46
      vertex 47 -6.346826553344727 -46.87009048461914
    endloop
  endfacet
  facet normal 1 0 0
    outer loop
      vertex 47 -7.931558609008789 -40.95579147338867
      vertex 47 -4.957223892211914 -41.34737014770508
      vertex 47 -7.7274065017700195 -39.929447174072266
    endloop
  endfacet
  facet normal 1 0 0
    outer loop
      vertex 47 -4.619397163391113 -43.91341781616211
      vertex 47 -7.391036033630371 -45.061466217041016
      vertex 47 -6.9282026290893555 -46
    endloop
  endfacet
  facet normal 1 0 0
    outer loop
      vertex 47 -4.957223892211914 -41.34737014770508
      vertex 47 -7.931558609008789 -40.95579147338867
      vertex 47 -5 -42
    endloop
  endfacet
  facet normal 1 0 0
    outer loop
      vertex 47 -4.829628944396973 -43.29409408569336
      vertex 47 -7.7274065017700195 -44.070552825927734
      vertex 47 -7.391036033630371 -45.061466217041016
    endloop
  endfacet
  facet normal 1 0 0
    outer loop
      vertex 47 -8 -42
      vertex 47 -5 -42
      vertex 47 -7.931558609008789 -40.95579147338867
    endloop
  endfacet
  facet normal 1 0 0
    outer loop
      vertex 47 -4.957223892211914 -42.65262985229492
      vertex 47 -7.931558609008789 -43.04420852661133
      vertex 47 -7.7274065017700195 -44.070552825927734
    endloop
  endfacet
  facet normal 1 0 0
    outer loop
      vertex 47 -5 -42
      vertex 47 -8 -42
      vertex 47 -7.931558609008789 -43.04420852661133
    endloop
  endfacet
  facet normal 0 0.6593454318188356 0.7518401436074248
    outer loop
      vertex 33 -3.043807029724121 -45.966766357421875
      vertex 47 -3.535533905029297 -45.5355339050293
      vertex 47 -3.043807029724121 -45.966766357421875
    endloop
  endfacet
  facet normal 0 0.6593454318188356 0.7518401436074248
    outer loop
      vertex 47 -3.535533905029297 -45.5355339050293
      vertex 33 -3.043807029724121 -45.966766357421875
      vertex 33 -3.535533905029297 -45.5355339050293
    endloop
  endfacet
  facet normal 0 -0.1950885936744065 0.9807856241901908
    outer loop
      vertex 33 1.2940950393676758 -46.829627990722656
      vertex 47 0.6526308059692383 -46.95722198486328
      vertex 47 1.2940950393676758 -46.829627990722656
    endloop
  endfacet
  facet normal 0 -0.1950885936744065 0.9807856241901908
    outer loop
      vertex 47 0.6526308059692383 -46.95722198486328
      vertex 33 1.2940950393676758 -46.829627990722656
      vertex 33 0.6526308059692383 -46.95722198486328
    endloop
  endfacet
  facet normal 0 -0.06540667982065419 0.9978586905142622
    outer loop
      vertex 33 0.6526308059692383 -46.95722198486328
      vertex 47 0 -47
      vertex 47 0.6526308059692383 -46.95722198486328
    endloop
  endfacet
  facet normal 0 -0.06540667982065419 0.9978586905142622
    outer loop
      vertex 47 0 -47
      vertex 33 0.6526308059692383 -46.95722198486328
      vertex 33 0 -47
    endloop
  endfacet
  facet normal 0 0.9807853451870197 0.19508999632574353
    outer loop
      vertex 47 -4.829628944396973 -43.29409408569336
      vertex 33 -4.957223892211914 -42.65262985229492
      vertex 47 -4.957223892211914 -42.65262985229492
    endloop
  endfacet
  facet normal 0 0.9807853451870197 0.19508999632574353
    outer loop
      vertex 33 -4.957223892211914 -42.65262985229492
      vertex 47 -4.829628944396973 -43.29409408569336
      vertex 33 -4.829628944396973 -43.29409408569336
    endloop
  endfacet
  facet normal 0 0.7518395096963059 0.6593461546559731
    outer loop
      vertex 47 -3.535533905029297 -45.5355339050293
      vertex 33 -3.966766357421875 -45.04380798339844
      vertex 47 -3.966766357421875 -45.04380798339844
    endloop
  endfacet
  facet normal 0 0.7518395096963059 0.6593461546559731
    outer loop
      vertex 33 -3.966766357421875 -45.04380798339844
      vertex 47 -3.535533905029297 -45.5355339050293
      vertex 33 -3.535533905029297 -45.5355339050293
    endloop
  endfacet
  facet normal 0 0.06540667982065419 0.9978586905142622
    outer loop
      vertex 33 0 -47
      vertex 47 -0.6526308059692383 -46.95722198486328
      vertex 47 0 -47
    endloop
  endfacet
  facet normal 0 0.06540667982065419 0.9978586905142622
    outer loop
      vertex 47 -0.6526308059692383 -46.95722198486328
      vertex 33 0 -47
      vertex 33 -0.6526308059692383 -46.95722198486328
    endloop
  endfacet
  facet normal 0 -0.8314699461459768 0.5555697333872738
    outer loop
      vertex 33 3.966766357421875 -45.04380798339844
      vertex 47 4.330126762390137 -44.5
      vertex 33 4.330126762390137 -44.5
    endloop
  endfacet
  facet normal 0 -0.8314699461459768 0.5555697333872738
    outer loop
      vertex 47 4.330126762390137 -44.5
      vertex 33 3.966766357421875 -45.04380798339844
      vertex 47 3.966766357421875 -45.04380798339844
    endloop
  endfacet
  facet normal 0 0.6593454318188356 -0.7518401436074248
    outer loop
      vertex 33 -3.535533905029297 -38.4644660949707
      vertex 47 -3.043807029724121 -38.033233642578125
      vertex 47 -3.535533905029297 -38.4644660949707
    endloop
  endfacet
  facet normal 0 0.6593454318188356 -0.7518401436074248
    outer loop
      vertex 47 -3.043807029724121 -38.033233642578125
      vertex 33 -3.535533905029297 -38.4644660949707
      vertex 33 -3.043807029724121 -38.033233642578125
    endloop
  endfacet
  facet normal 0 0.8968726929815679 0.44228878867092053
    outer loop
      vertex 47 -4.330126762390137 -44.5
      vertex 33 -4.619397163391113 -43.91341781616211
      vertex 47 -4.619397163391113 -43.91341781616211
    endloop
  endfacet
  facet normal 0 0.8968726929815679 0.44228878867092053
    outer loop
      vertex 33 -4.619397163391113 -43.91341781616211
      vertex 47 -4.330126762390137 -44.5
      vertex 33 -4.330126762390137 -44.5
    endloop
  endfacet
  facet normal 0 -0.8968726929815679 0.44228878867092053
    outer loop
      vertex 33 4.330126762390137 -44.5
      vertex 47 4.619397163391113 -43.91341781616211
      vertex 33 4.619397163391113 -43.91341781616211
    endloop
  endfacet
  facet normal 0 -0.8968726929815679 0.44228878867092053
    outer loop
      vertex 47 4.619397163391113 -43.91341781616211
      vertex 33 4.330126762390137 -44.5
      vertex 47 4.330126762390137 -44.5
    endloop
  endfacet
  facet normal 0 0.8968726929815679 -0.44228878867092053
    outer loop
      vertex 47 -4.619397163391113 -40.08658218383789
      vertex 33 -4.330126762390137 -39.5
      vertex 47 -4.330126762390137 -39.5
    endloop
  endfacet
  facet normal 0 0.8968726929815679 -0.44228878867092053
    outer loop
      vertex 33 -4.330126762390137 -39.5
      vertex 47 -4.619397163391113 -40.08658218383789
      vertex 33 -4.619397163391113 -40.08658218383789
    endloop
  endfacet
  facet normal 0 -0.9469302676772947 0.3214390582312715
    outer loop
      vertex 33 4.619397163391113 -43.91341781616211
      vertex 47 4.829628944396973 -43.29409408569336
      vertex 33 4.829628944396973 -43.29409408569336
    endloop
  endfacet
  facet normal 0 -0.9469302676772947 0.3214390582312715
    outer loop
      vertex 47 4.829628944396973 -43.29409408569336
      vertex 33 4.619397163391113 -43.91341781616211
      vertex 47 4.619397163391113 -43.91341781616211
    endloop
  endfacet
  facet normal 0 0.8314699461459768 0.5555697333872738
    outer loop
      vertex 47 -3.966766357421875 -45.04380798339844
      vertex 33 -4.330126762390137 -44.5
      vertex 47 -4.330126762390137 -44.5
    endloop
  endfacet
  facet normal 0 0.8314699461459768 0.5555697333872738
    outer loop
      vertex 33 -4.330126762390137 -44.5
      vertex 47 -3.966766357421875 -45.04380798339844
      vertex 33 -3.966766357421875 -45.04380798339844
    endloop
  endfacet
  facet normal 0 -0.321439945894308 0.9469299663562583
    outer loop
      vertex 33 1.913416862487793 -46.6193962097168
      vertex 47 1.2940950393676758 -46.829627990722656
      vertex 47 1.913416862487793 -46.6193962097168
    endloop
  endfacet
  facet normal 0 -0.321439945894308 0.9469299663562583
    outer loop
      vertex 47 1.2940950393676758 -46.829627990722656
      vertex 33 1.913416862487793 -46.6193962097168
      vertex 33 1.2940950393676758 -46.829627990722656
    endloop
  endfacet
  facet normal 0 0.1950885936744065 0.9807856241901908
    outer loop
      vertex 33 -0.6526308059692383 -46.95722198486328
      vertex 47 -1.2940950393676758 -46.829627990722656
      vertex 47 -0.6526308059692383 -46.95722198486328
    endloop
  endfacet
  facet normal 0 0.1950885936744065 0.9807856241901908
    outer loop
      vertex 47 -1.2940950393676758 -46.829627990722656
      vertex 33 -0.6526308059692383 -46.95722198486328
      vertex 33 -1.2940950393676758 -46.829627990722656
    endloop
  endfacet
  facet normal 0 0.5555714150402739 -0.8314688225003676
    outer loop
      vertex 33 -3.043807029724121 -38.033233642578125
      vertex 47 -2.5 -37.66987228393555
      vertex 47 -3.043807029724121 -38.033233642578125
    endloop
  endfacet
  facet normal 0 0.5555714150402739 -0.8314688225003676
    outer loop
      vertex 47 -2.5 -37.66987228393555
      vertex 33 -3.043807029724121 -38.033233642578125
      vertex 33 -2.5 -37.66987228393555
    endloop
  endfacet
  facet normal 0 -0.997858874609381 0.06540387116447745
    outer loop
      vertex 33 4.957223892211914 -42.65262985229492
      vertex 47 5 -42
      vertex 33 5 -42
    endloop
  endfacet
  facet normal 0 -0.997858874609381 0.06540387116447745
    outer loop
      vertex 47 5 -42
      vertex 33 4.957223892211914 -42.65262985229492
      vertex 47 4.957223892211914 -42.65262985229492
    endloop
  endfacet
  facet normal 0 0.1950885936744065 -0.9807856241901908
    outer loop
      vertex 33 -1.2940950393676758 -37.170372009277344
      vertex 47 -0.6526308059692383 -37.04277801513672
      vertex 47 -1.2940950393676758 -37.170372009277344
    endloop
  endfacet
  facet normal 0 0.1950885936744065 -0.9807856241901908
    outer loop
      vertex 47 -0.6526308059692383 -37.04277801513672
      vertex 33 -1.2940950393676758 -37.170372009277344
      vertex 33 -0.6526308059692383 -37.04277801513672
    endloop
  endfacet
  facet normal 0 0.9469302676772947 0.3214390582312715
    outer loop
      vertex 47 -4.619397163391113 -43.91341781616211
      vertex 33 -4.829628944396973 -43.29409408569336
      vertex 47 -4.829628944396973 -43.29409408569336
    endloop
  endfacet
  facet normal 0 0.9469302676772947 0.3214390582312715
    outer loop
      vertex 33 -4.829628944396973 -43.29409408569336
      vertex 47 -4.619397163391113 -43.91341781616211
      vertex 33 -4.619397163391113 -43.91341781616211
    endloop
  endfacet
  facet normal 0 -0.4422858644404416 0.8968741350469257
    outer loop
      vertex 33 2.5 -46.33012771606445
      vertex 47 1.913416862487793 -46.6193962097168
      vertex 47 2.5 -46.33012771606445
    endloop
  endfacet
  facet normal 0 -0.4422858644404416 0.8968741350469257
    outer loop
      vertex 47 1.913416862487793 -46.6193962097168
      vertex 33 2.5 -46.33012771606445
      vertex 33 1.913416862487793 -46.6193962097168
    endloop
  endfacet
  facet normal 0 -0.5555714150402739 0.8314688225003676
    outer loop
      vertex 33 3.043807029724121 -45.966766357421875
      vertex 47 2.5 -46.33012771606445
      vertex 47 3.043807029724121 -45.966766357421875
    endloop
  endfacet
  facet normal 0 -0.5555714150402739 0.8314688225003676
    outer loop
      vertex 47 2.5 -46.33012771606445
      vertex 33 3.043807029724121 -45.966766357421875
      vertex 33 2.5 -46.33012771606445
    endloop
  endfacet
  facet normal 0 0.9469302676772947 -0.3214390582312715
    outer loop
      vertex 47 -4.829628944396973 -40.70590591430664
      vertex 33 -4.619397163391113 -40.08658218383789
      vertex 47 -4.619397163391113 -40.08658218383789
    endloop
  endfacet
  facet normal 0 0.9469302676772947 -0.3214390582312715
    outer loop
      vertex 33 -4.619397163391113 -40.08658218383789
      vertex 47 -4.829628944396973 -40.70590591430664
      vertex 33 -4.829628944396973 -40.70590591430664
    endloop
  endfacet
  facet normal 0 -0.8968726929815679 -0.44228878867092053
    outer loop
      vertex 33 4.619397163391113 -40.08658218383789
      vertex 47 4.330126762390137 -39.5
      vertex 33 4.330126762390137 -39.5
    endloop
  endfacet
  facet normal 0 -0.8968726929815679 -0.44228878867092053
    outer loop
      vertex 47 4.330126762390137 -39.5
      vertex 33 4.619397163391113 -40.08658218383789
      vertex 47 4.619397163391113 -40.08658218383789
    endloop
  endfacet
  facet normal 0 0.321439945894308 0.9469299663562583
    outer loop
      vertex 33 -1.2940950393676758 -46.829627990722656
      vertex 47 -1.913416862487793 -46.6193962097168
      vertex 47 -1.2940950393676758 -46.829627990722656
    endloop
  endfacet
  facet normal 0 0.321439945894308 0.9469299663562583
    outer loop
      vertex 47 -1.913416862487793 -46.6193962097168
      vertex 33 -1.2940950393676758 -46.829627990722656
      vertex 33 -1.913416862487793 -46.6193962097168
    endloop
  endfacet
  facet normal 0 0.8314699461459768 -0.5555697333872738
    outer loop
      vertex 47 -4.330126762390137 -39.5
      vertex 33 -3.966766357421875 -38.95619201660156
      vertex 47 -3.966766357421875 -38.95619201660156
    endloop
  endfacet
  facet normal 0 0.8314699461459768 -0.5555697333872738
    outer loop
      vertex 33 -3.966766357421875 -38.95619201660156
      vertex 47 -4.330126762390137 -39.5
      vertex 33 -4.330126762390137 -39.5
    endloop
  endfacet
  facet normal 0 -0.997858874609381 -0.06540387116447745
    outer loop
      vertex 33 5 -42
      vertex 47 4.957223892211914 -41.34737014770508
      vertex 33 4.957223892211914 -41.34737014770508
    endloop
  endfacet
  facet normal 0 -0.997858874609381 -0.06540387116447745
    outer loop
      vertex 47 4.957223892211914 -41.34737014770508
      vertex 33 5 -42
      vertex 47 5 -42
    endloop
  endfacet
  facet normal 0 -0.7518395096963059 -0.6593461546559731
    outer loop
      vertex 33 3.966766357421875 -38.95619201660156
      vertex 47 3.535533905029297 -38.4644660949707
      vertex 33 3.535533905029297 -38.4644660949707
    endloop
  endfacet
  facet normal 0 -0.7518395096963059 -0.6593461546559731
    outer loop
      vertex 47 3.535533905029297 -38.4644660949707
      vertex 33 3.966766357421875 -38.95619201660156
      vertex 47 3.966766357421875 -38.95619201660156
    endloop
  endfacet
  facet normal 0 -0.321439945894308 -0.9469299663562583
    outer loop
      vertex 33 1.2940950393676758 -37.170372009277344
      vertex 47 1.913416862487793 -37.3806037902832
      vertex 47 1.2940950393676758 -37.170372009277344
    endloop
  endfacet
  facet normal 0 -0.321439945894308 -0.9469299663562583
    outer loop
      vertex 47 1.913416862487793 -37.3806037902832
      vertex 33 1.2940950393676758 -37.170372009277344
      vertex 33 1.913416862487793 -37.3806037902832
    endloop
  endfacet
  facet normal 0 0.321439945894308 -0.9469299663562583
    outer loop
      vertex 33 -1.913416862487793 -37.3806037902832
      vertex 47 -1.2940950393676758 -37.170372009277344
      vertex 47 -1.913416862487793 -37.3806037902832
    endloop
  endfacet
  facet normal 0 0.321439945894308 -0.9469299663562583
    outer loop
      vertex 47 -1.2940950393676758 -37.170372009277344
      vertex 33 -1.913416862487793 -37.3806037902832
      vertex 33 -1.2940950393676758 -37.170372009277344
    endloop
  endfacet
  facet normal 0 -0.8314699461459768 -0.5555697333872738
    outer loop
      vertex 33 4.330126762390137 -39.5
      vertex 47 3.966766357421875 -38.95619201660156
      vertex 33 3.966766357421875 -38.95619201660156
    endloop
  endfacet
  facet normal 0 -0.8314699461459768 -0.5555697333872738
    outer loop
      vertex 47 3.966766357421875 -38.95619201660156
      vertex 33 4.330126762390137 -39.5
      vertex 47 4.330126762390137 -39.5
    endloop
  endfacet
  facet normal 0 -0.6593454318188356 0.7518401436074248
    outer loop
      vertex 33 3.535533905029297 -45.5355339050293
      vertex 47 3.043807029724121 -45.966766357421875
      vertex 47 3.535533905029297 -45.5355339050293
    endloop
  endfacet
  facet normal 0 -0.6593454318188356 0.7518401436074248
    outer loop
      vertex 47 3.043807029724121 -45.966766357421875
      vertex 33 3.535533905029297 -45.5355339050293
      vertex 33 3.043807029724121 -45.966766357421875
    endloop
  endfacet
  facet normal 0 -0.9807853451870197 0.19508999632574353
    outer loop
      vertex 33 4.829628944396973 -43.29409408569336
      vertex 47 4.957223892211914 -42.65262985229492
      vertex 33 4.957223892211914 -42.65262985229492
    endloop
  endfacet
  facet normal 0 -0.9807853451870197 0.19508999632574353
    outer loop
      vertex 47 4.957223892211914 -42.65262985229492
      vertex 33 4.829628944396973 -43.29409408569336
      vertex 47 4.829628944396973 -43.29409408569336
    endloop
  endfacet
  facet normal 0 -0.9469302676772947 -0.3214390582312715
    outer loop
      vertex 33 4.829628944396973 -40.70590591430664
      vertex 47 4.619397163391113 -40.08658218383789
      vertex 33 4.619397163391113 -40.08658218383789
    endloop
  endfacet
  facet normal 0 -0.9469302676772947 -0.3214390582312715
    outer loop
      vertex 47 4.619397163391113 -40.08658218383789
      vertex 33 4.829628944396973 -40.70590591430664
      vertex 47 4.829628944396973 -40.70590591430664
    endloop
  endfacet
  facet normal 0 0.4422858644404416 -0.8968741350469257
    outer loop
      vertex 33 -2.5 -37.66987228393555
      vertex 47 -1.913416862487793 -37.3806037902832
      vertex 47 -2.5 -37.66987228393555
    endloop
  endfacet
  facet normal 0 0.4422858644404416 -0.8968741350469257
    outer loop
      vertex 47 -1.913416862487793 -37.3806037902832
      vertex 33 -2.5 -37.66987228393555
      vertex 33 -1.913416862487793 -37.3806037902832
    endloop
  endfacet
  facet normal 0 -0.9807853451870197 -0.19508999632574353
    outer loop
      vertex 33 4.957223892211914 -41.34737014770508
      vertex 47 4.829628944396973 -40.70590591430664
      vertex 33 4.829628944396973 -40.70590591430664
    endloop
  endfacet
  facet normal 0 -0.9807853451870197 -0.19508999632574353
    outer loop
      vertex 47 4.829628944396973 -40.70590591430664
      vertex 33 4.957223892211914 -41.34737014770508
      vertex 47 4.957223892211914 -41.34737014770508
    endloop
  endfacet
  facet normal 0 0.997858874609381 -0.06540387116447745
    outer loop
      vertex 47 -5 -42
      vertex 33 -4.957223892211914 -41.34737014770508
      vertex 47 -4.957223892211914 -41.34737014770508
    endloop
  endfacet
  facet normal 0 0.997858874609381 -0.06540387116447745
    outer loop
      vertex 33 -4.957223892211914 -41.34737014770508
      vertex 47 -5 -42
      vertex 33 -5 -42
    endloop
  endfacet
  facet normal 0 0.4422858644404416 0.8968741350469257
    outer loop
      vertex 33 -1.913416862487793 -46.6193962097168
      vertex 47 -2.5 -46.33012771606445
      vertex 47 -1.913416862487793 -46.6193962097168
    endloop
  endfacet
  facet normal 0 0.4422858644404416 0.8968741350469257
    outer loop
      vertex 47 -2.5 -46.33012771606445
      vertex 33 -1.913416862487793 -46.6193962097168
      vertex 33 -2.5 -46.33012771606445
    endloop
  endfacet
  facet normal 0 -0.6593454318188356 -0.7518401436074248
    outer loop
      vertex 33 3.043807029724121 -38.033233642578125
      vertex 47 3.535533905029297 -38.4644660949707
      vertex 47 3.043807029724121 -38.033233642578125
    endloop
  endfacet
  facet normal 0 -0.6593454318188356 -0.7518401436074248
    outer loop
      vertex 47 3.535533905029297 -38.4644660949707
      vertex 33 3.043807029724121 -38.033233642578125
      vertex 33 3.535533905029297 -38.4644660949707
    endloop
  endfacet
  facet normal 0 -0.7518395096963059 0.6593461546559731
    outer loop
      vertex 33 3.535533905029297 -45.5355339050293
      vertex 47 3.966766357421875 -45.04380798339844
      vertex 33 3.966766357421875 -45.04380798339844
    endloop
  endfacet
  facet normal 0 -0.7518395096963059 0.6593461546559731
    outer loop
      vertex 47 3.966766357421875 -45.04380798339844
      vertex 33 3.535533905029297 -45.5355339050293
      vertex 47 3.535533905029297 -45.5355339050293
    endloop
  endfacet
  facet normal 0 0.5555714150402739 0.8314688225003676
    outer loop
      vertex 33 -2.5 -46.33012771606445
      vertex 47 -3.043807029724121 -45.966766357421875
      vertex 47 -2.5 -46.33012771606445
    endloop
  endfacet
  facet normal 0 0.5555714150402739 0.8314688225003676
    outer loop
      vertex 47 -3.043807029724121 -45.966766357421875
      vertex 33 -2.5 -46.33012771606445
      vertex 33 -3.043807029724121 -45.966766357421875
    endloop
  endfacet
  facet normal 0 -0.06540667982065419 -0.9978586905142622
    outer loop
      vertex 33 0 -37
      vertex 47 0.6526308059692383 -37.04277801513672
      vertex 47 0 -37
    endloop
  endfacet
  facet normal 0 -0.06540667982065419 -0.9978586905142622
    outer loop
      vertex 47 0.6526308059692383 -37.04277801513672
      vertex 33 0 -37
      vertex 33 0.6526308059692383 -37.04277801513672
    endloop
  endfacet
  facet normal 0 -0.1950885936744065 -0.9807856241901908
    outer loop
      vertex 33 0.6526308059692383 -37.04277801513672
      vertex 47 1.2940950393676758 -37.170372009277344
      vertex 47 0.6526308059692383 -37.04277801513672
    endloop
  endfacet
  facet normal 0 -0.1950885936744065 -0.9807856241901908
    outer loop
      vertex 47 1.2940950393676758 -37.170372009277344
      vertex 33 0.6526308059692383 -37.04277801513672
      vertex 33 1.2940950393676758 -37.170372009277344
    endloop
  endfacet
  facet normal 0 0.997858874609381 0.06540387116447745
    outer loop
      vertex 47 -4.957223892211914 -42.65262985229492
      vertex 33 -5 -42
      vertex 47 -5 -42
    endloop
  endfacet
  facet normal 0 0.997858874609381 0.06540387116447745
    outer loop
      vertex 33 -5 -42
      vertex 47 -4.957223892211914 -42.65262985229492
      vertex 33 -4.957223892211914 -42.65262985229492
    endloop
  endfacet
  facet normal 0 -0.4422858644404416 -0.8968741350469257
    outer loop
      vertex 33 1.913416862487793 -37.3806037902832
      vertex 47 2.5 -37.66987228393555
      vertex 47 1.913416862487793 -37.3806037902832
    endloop
  endfacet
  facet normal 0 -0.4422858644404416 -0.8968741350469257
    outer loop
      vertex 47 2.5 -37.66987228393555
      vertex 33 1.913416862487793 -37.3806037902832
      vertex 33 2.5 -37.66987228393555
    endloop
  endfacet
  facet normal 0 -0.5555714150402739 -0.8314688225003676
    outer loop
      vertex 33 2.5 -37.66987228393555
      vertex 47 3.043807029724121 -38.033233642578125
      vertex 47 2.5 -37.66987228393555
    endloop
  endfacet
  facet normal 0 -0.5555714150402739 -0.8314688225003676
    outer loop
      vertex 47 3.043807029724121 -38.033233642578125
      vertex 33 2.5 -37.66987228393555
      vertex 33 3.043807029724121 -38.033233642578125
    endloop
  endfacet
  facet normal 0 0.7518395096963059 -0.6593461546559731
    outer loop
      vertex 47 -3.966766357421875 -38.95619201660156
      vertex 33 -3.535533905029297 -38.4644660949707
      vertex 47 -3.535533905029297 -38.4644660949707
    endloop
  endfacet
  facet normal 0 0.7518395096963059 -0.6593461546559731
    outer loop
      vertex 33 -3.535533905029297 -38.4644660949707
      vertex 47 -3.966766357421875 -38.95619201660156
      vertex 33 -3.966766357421875 -38.95619201660156
    endloop
  endfacet
  facet normal 0 0.9807853451870197 -0.19508999632574353
    outer loop
      vertex 47 -4.957223892211914 -41.34737014770508
      vertex 33 -4.829628944396973 -40.70590591430664
      vertex 47 -4.829628944396973 -40.70590591430664
    endloop
  endfacet
  facet normal 0 0.9807853451870197 -0.19508999632574353
    outer loop
      vertex 33 -4.829628944396973 -40.70590591430664
      vertex 47 -4.957223892211914 -41.34737014770508
      vertex 33 -4.957223892211914 -41.34737014770508
    endloop
  endfacet
  facet normal 0 0.06540667982065419 -0.9978586905142622
    outer loop
      vertex 33 -0.6526308059692383 -37.04277801513672
      vertex 47 0 -37
      vertex 47 -0.6526308059692383 -37.04277801513672
    endloop
  endfacet
  facet normal 0 0.06540667982065419 -0.9978586905142622
    outer loop
      vertex 47 0 -37
      vertex 33 -0.6526308059692383 -37.04277801513672
      vertex 33 0 -37
    endloop
  endfacet
  facet normal -0.9978589463682691 -0.06540277633868206 0
    outer loop
      vertex -32.94866943359375 -47.78315734863281 -50
      vertex -33 -47 50
      vertex -33 -47 -50
    endloop
  endfacet
  facet normal -0.9978589463682691 -0.06540277633868206 0
    outer loop
      vertex -33 -47 50
      vertex -32.94866943359375 -47.78315734863281 -50
      vertex -32.94866943359375 -47.78315734863281 50
    endloop
  endfacet
  facet normal -0.65934519087334 -0.7518403549106677 0
    outer loop
      vertex -31.24264144897461 -51.24264144897461 -50
      vertex -30.652568817138672 -51.7601203918457 50
      vertex -31.24264144897461 -51.24264144897461 50
    endloop
  endfacet
  facet normal -0.65934519087334 -0.7518403549106677 0
    outer loop
      vertex -30.652568817138672 -51.7601203918457 50
      vertex -31.24264144897461 -51.24264144897461 -50
      vertex -30.652568817138672 -51.7601203918457 -50
    endloop
  endfacet
  facet normal 0 -1 0
    outer loop
      vertex -27 -53 -50
      vertex 27 -53 50
      vertex -27 -53 50
    endloop
  endfacet
  facet normal 0 -1 0
    outer loop
      vertex 27 -53 50
      vertex -27 -53 -50
      vertex 27 -53 -50
    endloop
  endfacet
  facet normal -0.1950906498792374 -0.9807852151871463 0
    outer loop
      vertex -28.552913665771484 -52.795555114746094 -50
      vertex -27.783157348632812 -52.94866943359375 50
      vertex -28.552913665771484 -52.795555114746094 50
    endloop
  endfacet
  facet normal -0.1950906498792374 -0.9807852151871463 0
    outer loop
      vertex -27.783157348632812 -52.94866943359375 50
      vertex -28.552913665771484 -52.795555114746094 -50
      vertex -27.783157348632812 -52.94866943359375 -50
    endloop
  endfacet
  facet normal -1 0 0
    outer loop
      vertex -33 -7.931558609008789 -43.04420852661133
      vertex -33 -47 -50
      vertex -33 -8 -42
    endloop
  endfacet
  facet normal -1 0 0
    outer loop
      vertex -33 -7.7274065017700195 -44.070552825927734
      vertex -33 -47 -50
      vertex -33 -7.931558609008789 -43.04420852661133
    endloop
  endfacet
  facet normal -1 0 0
    outer loop
      vertex -33 -7.391036033630371 -45.061466217041016
      vertex -33 -47 -50
      vertex -33 -7.7274065017700195 -44.070552825927734
    endloop
  endfacet
  facet normal -1 0 0
    outer loop
      vertex -33 -6.9282026290893555 -46
      vertex -33 -47 -50
      vertex -33 -7.391036033630371 -45.061466217041016
    endloop
  endfacet
  facet normal -1 0 0
    outer loop
      vertex -33 -6.346826553344727 -46.87009048461914
      vertex -33 -47 -50
      vertex -33 -6.9282026290893555 -46
    endloop
  endfacet
  facet normal -1 0 0
    outer loop
      vertex -33 -5.656853675842285 -47.65685272216797
      vertex -33 -47 -50
      vertex -33 -6.346826553344727 -46.87009048461914
    endloop
  endfacet
  facet normal -1 0 0
    outer loop
      vertex -33 -4.870090484619141 -48.346824645996094
      vertex -33 -47 -50
      vertex -33 -5.656853675842285 -47.65685272216797
    endloop
  endfacet
  facet normal -1 0 0
    outer loop
      vertex -33 -4 -48.92820358276367
      vertex -33 -47 -50
      vertex -33 -4.870090484619141 -48.346824645996094
    endloop
  endfacet
  facet normal -1 0 0
    outer loop
      vertex -33 -3.061467170715332 -49.39103698730469
      vertex -33 -47 -50
      vertex -33 -4 -48.92820358276367
    endloop
  endfacet
  facet normal -1 0 0
    outer loop
      vertex -33 -2.070551872253418 -49.7274055480957
      vertex -33 -47 -50
      vertex -33 -3.061467170715332 -49.39103698730469
    endloop
  endfacet
  facet normal -1 0 0
    outer loop
      vertex -33 -1.0442094802856445 -49.931556701660156
      vertex -33 -47 -50
      vertex -33 -2.070551872253418 -49.7274055480957
    endloop
  endfacet
  facet normal -1 0 0
    outer loop
      vertex -33 -47 -50
      vertex -33 -1.0442094802856445 -49.931556701660156
      vertex -33 0 -50
    endloop
  endfacet
  facet normal -1 0 0
    outer loop
      vertex -33 7.931558609008789 -40.95579147338867
      vertex -33 50 -50
      vertex -33 8 -42
    endloop
  endfacet
  facet normal -1 0 0
    outer loop
      vertex -33 50 -50
      vertex -33 7.931558609008789 -43.04420852661133
      vertex -33 8 -42
    endloop
  endfacet
  facet normal -1 0 0
    outer loop
      vertex -33 50 -50
      vertex -33 7.7274065017700195 -44.070552825927734
      vertex -33 7.931558609008789 -43.04420852661133
    endloop
  endfacet
  facet normal -1 0 0
    outer loop
      vertex -33 50 -50
      vertex -33 7.391036033630371 -45.061466217041016
      vertex -33 7.7274065017700195 -44.070552825927734
    endloop
  endfacet
  facet normal -1 0 0
    outer loop
      vertex -33 50 -50
      vertex -33 6.9282026290893555 -46
      vertex -33 7.391036033630371 -45.061466217041016
    endloop
  endfacet
  facet normal -1 0 0
    outer loop
      vertex -33 50 -50
      vertex -33 6.346826553344727 -46.87009048461914
      vertex -33 6.9282026290893555 -46
    endloop
  endfacet
  facet normal -1 0 0
    outer loop
      vertex -33 50 -50
      vertex -33 5.656853675842285 -47.65685272216797
      vertex -33 6.346826553344727 -46.87009048461914
    endloop
  endfacet
  facet normal -1 0 0
    outer loop
      vertex -33 50 -50
      vertex -33 4.870090484619141 -48.346824645996094
      vertex -33 5.656853675842285 -47.65685272216797
    endloop
  endfacet
  facet normal -1 0 0
    outer loop
      vertex -33 50 -50
      vertex -33 4 -48.92820358276367
      vertex -33 4.870090484619141 -48.346824645996094
    endloop
  endfacet
  facet normal -1 0 0
    outer loop
      vertex -33 50 -50
      vertex -33 3.061467170715332 -49.39103698730469
      vertex -33 4 -48.92820358276367
    endloop
  endfacet
  facet normal -1 0 0
    outer loop
      vertex -33 50 -50
      vertex -33 2.070551872253418 -49.7274055480957
      vertex -33 3.061467170715332 -49.39103698730469
    endloop
  endfacet
  facet normal -1 0 0
    outer loop
      vertex -33 50 -50
      vertex -33 1.0442094802856445 -49.931556701660156
      vertex -33 2.070551872253418 -49.7274055480957
    endloop
  endfacet
  facet normal -1 0 0
    outer loop
      vertex -33 1.0442094802856445 -49.931556701660156
      vertex -33 50 -50
      vertex -33 0 -50
    endloop
  endfacet
  facet normal -1 0 0
    outer loop
      vertex -33 7.7274065017700195 -39.929447174072266
      vertex -33 50 -50
      vertex -33 7.931558609008789 -40.95579147338867
    endloop
  endfacet
  facet normal -1 0 0
    outer loop
      vertex -33 7.391036033630371 -38.938533782958984
      vertex -33 50 -50
      vertex -33 7.7274065017700195 -39.929447174072266
    endloop
  endfacet
  facet normal -1 0 0
    outer loop
      vertex -33 6.9282026290893555 -38
      vertex -33 50 -50
      vertex -33 7.391036033630371 -38.938533782958984
    endloop
  endfacet
  facet normal -1 0 0
    outer loop
      vertex -33 6.346826553344727 -37.12990951538086
      vertex -33 50 -50
      vertex -33 6.9282026290893555 -38
    endloop
  endfacet
  facet normal -1 0 0
    outer loop
      vertex -33 5.656853675842285 -36.34314727783203
      vertex -33 50 -50
      vertex -33 6.346826553344727 -37.12990951538086
    endloop
  endfacet
  facet normal -1 0 0
    outer loop
      vertex -33 50 -50
      vertex -33 5.656853675842285 -36.34314727783203
      vertex -33 50 50
    endloop
  endfacet
  facet normal -1 0 0
    outer loop
      vertex -33 4.870090484619141 -35.653175354003906
      vertex -33 50 50
      vertex -33 5.656853675842285 -36.34314727783203
    endloop
  endfacet
  facet normal -1 0 0
    outer loop
      vertex -33 4 -35.07179641723633
      vertex -33 50 50
      vertex -33 4.870090484619141 -35.653175354003906
    endloop
  endfacet
  facet normal -1 0 0
    outer loop
      vertex -33 3.061467170715332 -34.60896301269531
      vertex -33 50 50
      vertex -33 4 -35.07179641723633
    endloop
  endfacet
  facet normal -1 0 0
    outer loop
      vertex -33 2.070551872253418 -34.2725944519043
      vertex -33 50 50
      vertex -33 3.061467170715332 -34.60896301269531
    endloop
  endfacet
  facet normal -1 0 0
    outer loop
      vertex -33 1.0442094802856445 -34.068443298339844
      vertex -33 50 50
      vertex -33 2.070551872253418 -34.2725944519043
    endloop
  endfacet
  facet normal -1 0 0
    outer loop
      vertex -33 0 -34
      vertex -33 50 50
      vertex -33 1.0442094802856445 -34.068443298339844
    endloop
  endfacet
  facet normal -1 0 0
    outer loop
      vertex -33 -47 50
      vertex -33 0 -34
      vertex -33 -1.0442094802856445 -34.068443298339844
    endloop
  endfacet
  facet normal -1 0 0
    outer loop
      vertex -33 -47 50
      vertex -33 -1.0442094802856445 -34.068443298339844
      vertex -33 -2.070551872253418 -34.2725944519043
    endloop
  endfacet
  facet normal -1 0 0
    outer loop
      vertex -33 -47 50
      vertex -33 -2.070551872253418 -34.2725944519043
      vertex -33 -3.061467170715332 -34.60896301269531
    endloop
  endfacet
  facet normal -1 0 0
    outer loop
      vertex -33 -47 50
      vertex -33 -3.061467170715332 -34.60896301269531
      vertex -33 -4 -35.07179641723633
    endloop
  endfacet
  facet normal -1 0 0
    outer loop
      vertex -33 -47 50
      vertex -33 -4 -35.07179641723633
      vertex -33 -4.870090484619141 -35.653175354003906
    endloop
  endfacet
  facet normal -1 0 0
    outer loop
      vertex -33 -47 50
      vertex -33 -4.870090484619141 -35.653175354003906
      vertex -33 -5.656853675842285 -36.34314727783203
    endloop
  endfacet
  facet normal -1 0 0
    outer loop
      vertex -33 -47 -50
      vertex -33 -5.656853675842285 -36.34314727783203
      vertex -33 -6.346826553344727 -37.12990951538086
    endloop
  endfacet
  facet normal -1 0 0
    outer loop
      vertex -33 -47 -50
      vertex -33 -6.346826553344727 -37.12990951538086
      vertex -33 -6.9282026290893555 -38
    endloop
  endfacet
  facet normal -1 0 0
    outer loop
      vertex -33 -47 -50
      vertex -33 -7.931558609008789 -40.95579147338867
      vertex -33 -8 -42
    endloop
  endfacet
  facet normal -1 0 0
    outer loop
      vertex -33 -47 -50
      vertex -33 -7.7274065017700195 -39.929447174072266
      vertex -33 -7.931558609008789 -40.95579147338867
    endloop
  endfacet
  facet normal -1 0 0
    outer loop
      vertex -33 -47 -50
      vertex -33 -7.391036033630371 -38.938533782958984
      vertex -33 -7.7274065017700195 -39.929447174072266
    endloop
  endfacet
  facet normal -1 0 0
    outer loop
      vertex -33 -47 -50
      vertex -33 -6.9282026290893555 -38
      vertex -33 -7.391036033630371 -38.938533782958984
    endloop
  endfacet
  facet normal -1 0 0
    outer loop
      vertex -33 -5.656853675842285 -36.34314727783203
      vertex -33 -47 -50
      vertex -33 -47 50
    endloop
  endfacet
  facet normal -1 0 0
    outer loop
      vertex -33 0 -34
      vertex -33 -47 50
      vertex -33 50 50
    endloop
  endfacet
  facet normal -1 0 0
    outer loop
      vertex -33 4.957223892211914 -42.65262985229492
      vertex -33 4.957223892211914 -41.34737014770508
      vertex -33 5 -42
    endloop
  endfacet
  facet normal -1 0 0
    outer loop
      vertex -33 4.829628944396973 -43.29409408569336
      vertex -33 4.957223892211914 -41.34737014770508
      vertex -33 4.957223892211914 -42.65262985229492
    endloop
  endfacet
  facet normal -1 0 0
    outer loop
      vertex -33 4.829628944396973 -43.29409408569336
      vertex -33 4.829628944396973 -40.70590591430664
      vertex -33 4.957223892211914 -41.34737014770508
    endloop
  endfacet
  facet normal -1 0 0
    outer loop
      vertex -33 4.619397163391113 -43.91341781616211
      vertex -33 4.829628944396973 -40.70590591430664
      vertex -33 4.829628944396973 -43.29409408569336
    endloop
  endfacet
  facet normal -1 0 0
    outer loop
      vertex -33 4.619397163391113 -43.91341781616211
      vertex -33 4.619397163391113 -40.08658218383789
      vertex -33 4.829628944396973 -40.70590591430664
    endloop
  endfacet
  facet normal -1 0 0
    outer loop
      vertex -33 4.330126762390137 -44.5
      vertex -33 4.619397163391113 -40.08658218383789
      vertex -33 4.619397163391113 -43.91341781616211
    endloop
  endfacet
  facet normal -1 0 0
    outer loop
      vertex -33 4.330126762390137 -44.5
      vertex -33 4.330126762390137 -39.5
      vertex -33 4.619397163391113 -40.08658218383789
    endloop
  endfacet
  facet normal -1 0 0
    outer loop
      vertex -33 3.966766357421875 -45.04380798339844
      vertex -33 4.330126762390137 -39.5
      vertex -33 4.330126762390137 -44.5
    endloop
  endfacet
  facet normal -1 0 0
    outer loop
      vertex -33 3.966766357421875 -45.04380798339844
      vertex -33 3.966766357421875 -38.95619201660156
      vertex -33 4.330126762390137 -39.5
    endloop
  endfacet
  facet normal -1 0 0
    outer loop
      vertex -33 3.535533905029297 -45.5355339050293
      vertex -33 3.966766357421875 -38.95619201660156
      vertex -33 3.966766357421875 -45.04380798339844
    endloop
  endfacet
  facet normal -1 0 0
    outer loop
      vertex -33 3.535533905029297 -45.5355339050293
      vertex -33 3.535533905029297 -38.4644660949707
      vertex -33 3.966766357421875 -38.95619201660156
    endloop
  endfacet
  facet normal -1 0 0
    outer loop
      vertex -33 3.043807029724121 -45.966766357421875
      vertex -33 3.535533905029297 -38.4644660949707
      vertex -33 3.535533905029297 -45.5355339050293
    endloop
  endfacet
  facet normal -1 0 0
    outer loop
      vertex -33 3.043807029724121 -45.966766357421875
      vertex -33 3.043807029724121 -38.033233642578125
      vertex -33 3.535533905029297 -38.4644660949707
    endloop
  endfacet
  facet normal -1 0 0
    outer loop
      vertex -33 2.5 -46.33012771606445
      vertex -33 3.043807029724121 -38.033233642578125
      vertex -33 3.043807029724121 -45.966766357421875
    endloop
  endfacet
  facet normal -1 0 0
    outer loop
      vertex -33 2.5 -46.33012771606445
      vertex -33 2.5 -37.66987228393555
      vertex -33 3.043807029724121 -38.033233642578125
    endloop
  endfacet
  facet normal -1 0 0
    outer loop
      vertex -33 1.913416862487793 -46.6193962097168
      vertex -33 2.5 -37.66987228393555
      vertex -33 2.5 -46.33012771606445
    endloop
  endfacet
  facet normal -1 0 0
    outer loop
      vertex -33 1.913416862487793 -46.6193962097168
      vertex -33 1.913416862487793 -37.3806037902832
      vertex -33 2.5 -37.66987228393555
    endloop
  endfacet
  facet normal -1 0 0
    outer loop
      vertex -33 1.2940950393676758 -46.829627990722656
      vertex -33 1.913416862487793 -37.3806037902832
      vertex -33 1.913416862487793 -46.6193962097168
    endloop
  endfacet
  facet normal -1 0 0
    outer loop
      vertex -33 1.2940950393676758 -46.829627990722656
      vertex -33 1.2940950393676758 -37.170372009277344
      vertex -33 1.913416862487793 -37.3806037902832
    endloop
  endfacet
  facet normal -1 0 0
    outer loop
      vertex -33 0.6526308059692383 -46.95722198486328
      vertex -33 1.2940950393676758 -37.170372009277344
      vertex -33 1.2940950393676758 -46.829627990722656
    endloop
  endfacet
  facet normal -1 0 0
    outer loop
      vertex -33 0.6526308059692383 -46.95722198486328
      vertex -33 0.6526308059692383 -37.04277801513672
      vertex -33 1.2940950393676758 -37.170372009277344
    endloop
  endfacet
  facet normal -1 0 0
    outer loop
      vertex -33 0 -47
      vertex -33 0.6526308059692383 -37.04277801513672
      vertex -33 0.6526308059692383 -46.95722198486328
    endloop
  endfacet
  facet normal -1 0 0
    outer loop
      vertex -33 0 -47
      vertex -33 0 -37
      vertex -33 0.6526308059692383 -37.04277801513672
    endloop
  endfacet
  facet normal -1 0 0
    outer loop
      vertex -33 -0.6526308059692383 -46.95722198486328
      vertex -33 0 -37
      vertex -33 0 -47
    endloop
  endfacet
  facet normal -1 0 0
    outer loop
      vertex -33 -0.6526308059692383 -46.95722198486328
      vertex -33 -0.6526308059692383 -37.04277801513672
      vertex -33 0 -37
    endloop
  endfacet
  facet normal -1 0 0
    outer loop
      vertex -33 -1.2940950393676758 -46.829627990722656
      vertex -33 -0.6526308059692383 -37.04277801513672
      vertex -33 -0.6526308059692383 -46.95722198486328
    endloop
  endfacet
  facet normal -1 0 0
    outer loop
      vertex -33 -1.2940950393676758 -46.829627990722656
      vertex -33 -1.2940950393676758 -37.170372009277344
      vertex -33 -0.6526308059692383 -37.04277801513672
    endloop
  endfacet
  facet normal -1 0 0
    outer loop
      vertex -33 -1.913416862487793 -46.6193962097168
      vertex -33 -1.2940950393676758 -37.170372009277344
      vertex -33 -1.2940950393676758 -46.829627990722656
    endloop
  endfacet
  facet normal -1 0 0
    outer loop
      vertex -33 -1.913416862487793 -46.6193962097168
      vertex -33 -1.913416862487793 -37.3806037902832
      vertex -33 -1.2940950393676758 -37.170372009277344
    endloop
  endfacet
  facet normal -1 0 0
    outer loop
      vertex -33 -2.5 -46.33012771606445
      vertex -33 -1.913416862487793 -37.3806037902832
      vertex -33 -1.913416862487793 -46.6193962097168
    endloop
  endfacet
  facet normal -1 0 0
    outer loop
      vertex -33 -2.5 -46.33012771606445
      vertex -33 -2.5 -37.66987228393555
      vertex -33 -1.913416862487793 -37.3806037902832
    endloop
  endfacet
  facet normal -1 0 0
    outer loop
      vertex -33 -3.043807029724121 -45.966766357421875
      vertex -33 -2.5 -37.66987228393555
      vertex -33 -2.5 -46.33012771606445
    endloop
  endfacet
  facet normal -1 0 0
    outer loop
      vertex -33 -3.043807029724121 -45.966766357421875
      vertex -33 -3.043807029724121 -38.033233642578125
      vertex -33 -2.5 -37.66987228393555
    endloop
  endfacet
  facet normal -1 0 0
    outer loop
      vertex -33 -3.535533905029297 -45.5355339050293
      vertex -33 -3.043807029724121 -38.033233642578125
      vertex -33 -3.043807029724121 -45.966766357421875
    endloop
  endfacet
  facet normal -1 0 0
    outer loop
      vertex -33 -3.535533905029297 -45.5355339050293
      vertex -33 -3.535533905029297 -38.4644660949707
      vertex -33 -3.043807029724121 -38.033233642578125
    endloop
  endfacet
  facet normal -1 0 0
    outer loop
      vertex -33 -3.966766357421875 -45.04380798339844
      vertex -33 -3.535533905029297 -38.4644660949707
      vertex -33 -3.535533905029297 -45.5355339050293
    endloop
  endfacet
  facet normal -1 0 0
    outer loop
      vertex -33 -3.966766357421875 -45.04380798339844
      vertex -33 -3.966766357421875 -38.95619201660156
      vertex -33 -3.535533905029297 -38.4644660949707
    endloop
  endfacet
  facet normal -1 0 0
    outer loop
      vertex -33 -4.330126762390137 -44.5
      vertex -33 -3.966766357421875 -38.95619201660156
      vertex -33 -3.966766357421875 -45.04380798339844
    endloop
  endfacet
  facet normal -1 0 0
    outer loop
      vertex -33 -4.330126762390137 -44.5
      vertex -33 -4.330126762390137 -39.5
      vertex -33 -3.966766357421875 -38.95619201660156
    endloop
  endfacet
  facet normal -1 0 0
    outer loop
      vertex -33 -4.619397163391113 -43.91341781616211
      vertex -33 -4.330126762390137 -39.5
      vertex -33 -4.330126762390137 -44.5
    endloop
  endfacet
  facet normal -1 0 0
    outer loop
      vertex -33 -4.619397163391113 -43.91341781616211
      vertex -33 -4.619397163391113 -40.08658218383789
      vertex -33 -4.330126762390137 -39.5
    endloop
  endfacet
  facet normal -1 0 0
    outer loop
      vertex -33 -4.829628944396973 -43.29409408569336
      vertex -33 -4.619397163391113 -40.08658218383789
      vertex -33 -4.619397163391113 -43.91341781616211
    endloop
  endfacet
  facet normal -1 0 0
    outer loop
      vertex -33 -4.829628944396973 -43.29409408569336
      vertex -33 -4.829628944396973 -40.70590591430664
      vertex -33 -4.619397163391113 -40.08658218383789
    endloop
  endfacet
  facet normal -1 0 0
    outer loop
      vertex -33 -4.957223892211914 -42.65262985229492
      vertex -33 -4.829628944396973 -40.70590591430664
      vertex -33 -4.829628944396973 -43.29409408569336
    endloop
  endfacet
  facet normal -1 0 0
    outer loop
      vertex -33 -4.957223892211914 -42.65262985229492
      vertex -33 -4.957223892211914 -41.34737014770508
      vertex -33 -4.829628944396973 -40.70590591430664
    endloop
  endfacet
  facet normal -1 0 0
    outer loop
      vertex -33 -4.957223892211914 -41.34737014770508
      vertex -33 -4.957223892211914 -42.65262985229492
      vertex -33 -5 -42
    endloop
  endfacet
  facet normal -0.555569174358399 -0.8314703196763711 0
    outer loop
      vertex -30.652568817138672 -51.7601203918457 -50
      vertex -30 -52.19615173339844 50
      vertex -30.652568817138672 -51.7601203918457 50
    endloop
  endfacet
  facet normal -0.555569174358399 -0.8314703196763711 0
    outer loop
      vertex -30 -52.19615173339844 50
      vertex -30.652568817138672 -51.7601203918457 -50
      vertex -30 -52.19615173339844 -50
    endloop
  endfacet
  facet normal 0.896872111924724 -0.4422899669353637 0
    outer loop
      vertex 32.19615173339844 -50 50
      vertex 32.543277740478516 -49.29610061645508 -50
      vertex 32.543277740478516 -49.29610061645508 50
    endloop
  endfacet
  facet normal 0.896872111924724 -0.4422899669353637 0
    outer loop
      vertex 32.543277740478516 -49.29610061645508 -50
      vertex 32.19615173339844 -50 50
      vertex 32.19615173339844 -50 -50
    endloop
  endfacet
  facet normal 0.06540277633868206 -0.9978589463682691 0
    outer loop
      vertex 27 -53 -50
      vertex 27.783157348632812 -52.94866943359375 50
      vertex 27 -53 50
    endloop
  endfacet
  facet normal 0.06540277633868206 -0.9978589463682691 0
    outer loop
      vertex 27.783157348632812 -52.94866943359375 50
      vertex 27 -53 -50
      vertex 27.783157348632812 -52.94866943359375 -50
    endloop
  endfacet
  facet normal 1 0 0
    outer loop
      vertex 33 5.656853675842285 -36.34314727783203
      vertex 33 50 -50
      vertex 33 50 50
    endloop
  endfacet
  facet normal 1 0 0
    outer loop
      vertex 33 50 -50
      vertex 33 7.931558609008789 -40.95579147338867
      vertex 33 8 -42
    endloop
  endfacet
  facet normal 1 0 0
    outer loop
      vertex 33 50 -50
      vertex 33 7.7274065017700195 -39.929447174072266
      vertex 33 7.931558609008789 -40.95579147338867
    endloop
  endfacet
  facet normal 1 0 0
    outer loop
      vertex 33 50 -50
      vertex 33 7.391036033630371 -38.938533782958984
      vertex 33 7.7274065017700195 -39.929447174072266
    endloop
  endfacet
  facet normal 1 0 0
    outer loop
      vertex 33 50 -50
      vertex 33 6.9282026290893555 -38
      vertex 33 7.391036033630371 -38.938533782958984
    endloop
  endfacet
  facet normal 1 0 0
    outer loop
      vertex 33 50 -50
      vertex 33 6.346826553344727 -37.12990951538086
      vertex 33 6.9282026290893555 -38
    endloop
  endfacet
  facet normal 1 0 0
    outer loop
      vertex 33 50 -50
      vertex 33 5.656853675842285 -36.34314727783203
      vertex 33 6.346826553344727 -37.12990951538086
    endloop
  endfacet
  facet normal 1 0 0
    outer loop
      vertex 33 50 50
      vertex 33 4.870090484619141 -35.653175354003906
      vertex 33 5.656853675842285 -36.34314727783203
    endloop
  endfacet
  facet normal 1 0 0
    outer loop
      vertex 33 50 50
      vertex 33 4 -35.07179641723633
      vertex 33 4.870090484619141 -35.653175354003906
    endloop
  endfacet
  facet normal 1 0 0
    outer loop
      vertex 33 50 50
      vertex 33 3.061467170715332 -34.60896301269531
      vertex 33 4 -35.07179641723633
    endloop
  endfacet
  facet normal 1 0 0
    outer loop
      vertex 33 50 50
      vertex 33 2.070551872253418 -34.2725944519043
      vertex 33 3.061467170715332 -34.60896301269531
    endloop
  endfacet
  facet normal 1 0 0
    outer loop
      vertex 33 50 50
      vertex 33 1.0442094802856445 -34.068443298339844
      vertex 33 2.070551872253418 -34.2725944519043
    endloop
  endfacet
  facet normal 1 0 0
    outer loop
      vertex 33 50 50
      vertex 33 0 -34
      vertex 33 1.0442094802856445 -34.068443298339844
    endloop
  endfacet
  facet normal 1 0 0
    outer loop
      vertex 33 -47 50
      vertex 33 0 -34
      vertex 33 50 50
    endloop
  endfacet
  facet normal 1 0 0
    outer loop
      vertex 33 0 -34
      vertex 33 -47 50
      vertex 33 -1.0442094802856445 -34.068443298339844
    endloop
  endfacet
  facet normal 1 0 0
    outer loop
      vertex 33 -1.0442094802856445 -34.068443298339844
      vertex 33 -47 50
      vertex 33 -2.070551872253418 -34.2725944519043
    endloop
  endfacet
  facet normal 1 0 0
    outer loop
      vertex 33 -2.070551872253418 -34.2725944519043
      vertex 33 -47 50
      vertex 33 -3.061467170715332 -34.60896301269531
    endloop
  endfacet
  facet normal 1 0 0
    outer loop
      vertex 33 -3.061467170715332 -34.60896301269531
      vertex 33 -47 50
      vertex 33 -4 -35.07179641723633
    endloop
  endfacet
  facet normal 1 0 0
    outer loop
      vertex 33 -4 -35.07179641723633
      vertex 33 -47 50
      vertex 33 -4.870090484619141 -35.653175354003906
    endloop
  endfacet
  facet normal 1 0 0
    outer loop
      vertex 33 -4.870090484619141 -35.653175354003906
      vertex 33 -47 50
      vertex 33 -5.656853675842285 -36.34314727783203
    endloop
  endfacet
  facet normal 1 0 0
    outer loop
      vertex 33 -47 -50
      vertex 33 -5.656853675842285 -36.34314727783203
      vertex 33 -47 50
    endloop
  endfacet
  facet normal 1 0 0
    outer loop
      vertex 33 -7.7274065017700195 -39.929447174072266
      vertex 33 -47 -50
      vertex 33 -7.931558609008789 -40.95579147338867
    endloop
  endfacet
  facet normal 1 0 0
    outer loop
      vertex 33 -7.391036033630371 -38.938533782958984
      vertex 33 -47 -50
      vertex 33 -7.7274065017700195 -39.929447174072266
    endloop
  endfacet
  facet normal 1 0 0
    outer loop
      vertex 33 -6.9282026290893555 -38
      vertex 33 -47 -50
      vertex 33 -7.391036033630371 -38.938533782958984
    endloop
  endfacet
  facet normal 1 0 0
    outer loop
      vertex 33 -6.346826553344727 -37.12990951538086
      vertex 33 -47 -50
      vertex 33 -6.9282026290893555 -38
    endloop
  endfacet
  facet normal 1 0 0
    outer loop
      vertex 33 -5.656853675842285 -36.34314727783203
      vertex 33 -47 -50
      vertex 33 -6.346826553344727 -37.12990951538086
    endloop
  endfacet
  facet normal 1 0 0
    outer loop
      vertex 33 7.931558609008789 -43.04420852661133
      vertex 33 50 -50
      vertex 33 8 -42
    endloop
  endfacet
  facet normal 1 0 0
    outer loop
      vertex 33 7.7274065017700195 -44.070552825927734
      vertex 33 50 -50
      vertex 33 7.931558609008789 -43.04420852661133
    endloop
  endfacet
  facet normal 1 0 0
    outer loop
      vertex 33 7.391036033630371 -45.061466217041016
      vertex 33 50 -50
      vertex 33 7.7274065017700195 -44.070552825927734
    endloop
  endfacet
  facet normal 1 0 0
    outer loop
      vertex 33 6.9282026290893555 -46
      vertex 33 50 -50
      vertex 33 7.391036033630371 -45.061466217041016
    endloop
  endfacet
  facet normal 1 0 0
    outer loop
      vertex 33 6.346826553344727 -46.87009048461914
      vertex 33 50 -50
      vertex 33 6.9282026290893555 -46
    endloop
  endfacet
  facet normal 1 0 0
    outer loop
      vertex 33 5.656853675842285 -47.65685272216797
      vertex 33 50 -50
      vertex 33 6.346826553344727 -46.87009048461914
    endloop
  endfacet
  facet normal 1 0 0
    outer loop
      vertex 33 4.870090484619141 -48.346824645996094
      vertex 33 50 -50
      vertex 33 5.656853675842285 -47.65685272216797
    endloop
  endfacet
  facet normal 1 0 0
    outer loop
      vertex 33 4 -48.92820358276367
      vertex 33 50 -50
      vertex 33 4.870090484619141 -48.346824645996094
    endloop
  endfacet
  facet normal 1 0 0
    outer loop
      vertex 33 3.061467170715332 -49.39103698730469
      vertex 33 50 -50
      vertex 33 4 -48.92820358276367
    endloop
  endfacet
  facet normal 1 0 0
    outer loop
      vertex 33 2.070551872253418 -49.7274055480957
      vertex 33 50 -50
      vertex 33 3.061467170715332 -49.39103698730469
    endloop
  endfacet
  facet normal 1 0 0
    outer loop
      vertex 33 1.0442094802856445 -49.931556701660156
      vertex 33 50 -50
      vertex 33 2.070551872253418 -49.7274055480957
    endloop
  endfacet
  facet normal 1 0 0
    outer loop
      vertex 33 50 -50
      vertex 33 1.0442094802856445 -49.931556701660156
      vertex 33 0 -50
    endloop
  endfacet
  facet normal 1 0 0
    outer loop
      vertex 33 -7.931558609008789 -40.95579147338867
      vertex 33 -47 -50
      vertex 33 -8 -42
    endloop
  endfacet
  facet normal 1 0 0
    outer loop
      vertex 33 -8 -42
      vertex 33 -47 -50
      vertex 33 -7.931558609008789 -43.04420852661133
    endloop
  endfacet
  facet normal 1 0 0
    outer loop
      vertex 33 -7.931558609008789 -43.04420852661133
      vertex 33 -47 -50
      vertex 33 -7.7274065017700195 -44.070552825927734
    endloop
  endfacet
  facet normal 1 0 0
    outer loop
      vertex 33 -1.0442094802856445 -49.931556701660156
      vertex 33 -47 -50
      vertex 33 0 -50
    endloop
  endfacet
  facet normal 1 0 0
    outer loop
      vertex 33 -2.070551872253418 -49.7274055480957
      vertex 33 -47 -50
      vertex 33 -1.0442094802856445 -49.931556701660156
    endloop
  endfacet
  facet normal 1 0 0
    outer loop
      vertex 33 -3.061467170715332 -49.39103698730469
      vertex 33 -47 -50
      vertex 33 -2.070551872253418 -49.7274055480957
    endloop
  endfacet
  facet normal 1 0 0
    outer loop
      vertex 33 -4 -48.92820358276367
      vertex 33 -47 -50
      vertex 33 -3.061467170715332 -49.39103698730469
    endloop
  endfacet
  facet normal 1 0 0
    outer loop
      vertex 33 -4.870090484619141 -48.346824645996094
      vertex 33 -47 -50
      vertex 33 -4 -48.92820358276367
    endloop
  endfacet
  facet normal 1 0 0
    outer loop
      vertex 33 -5.656853675842285 -47.65685272216797
      vertex 33 -47 -50
      vertex 33 -4.870090484619141 -48.346824645996094
    endloop
  endfacet
  facet normal 1 0 0
    outer loop
      vertex 33 -6.346826553344727 -46.87009048461914
      vertex 33 -47 -50
      vertex 33 -5.656853675842285 -47.65685272216797
    endloop
  endfacet
  facet normal 1 0 0
    outer loop
      vertex 33 -6.9282026290893555 -46
      vertex 33 -47 -50
      vertex 33 -6.346826553344727 -46.87009048461914
    endloop
  endfacet
  facet normal 1 0 0
    outer loop
      vertex 33 -7.391036033630371 -45.061466217041016
      vertex 33 -47 -50
      vertex 33 -6.9282026290893555 -46
    endloop
  endfacet
  facet normal 1 0 0
    outer loop
      vertex 33 -7.7274065017700195 -44.070552825927734
      vertex 33 -47 -50
      vertex 33 -7.391036033630371 -45.061466217041016
    endloop
  endfacet
  facet normal 1 0 0
    outer loop
      vertex 33 4.957223892211914 -41.34737014770508
      vertex 33 4.957223892211914 -42.65262985229492
      vertex 33 5 -42
    endloop
  endfacet
  facet normal 1 0 0
    outer loop
      vertex 33 4.829628944396973 -40.70590591430664
      vertex 33 4.957223892211914 -42.65262985229492
      vertex 33 4.957223892211914 -41.34737014770508
    endloop
  endfacet
  facet normal 1 0 0
    outer loop
      vertex 33 4.829628944396973 -40.70590591430664
      vertex 33 4.829628944396973 -43.29409408569336
      vertex 33 4.957223892211914 -42.65262985229492
    endloop
  endfacet
  facet normal 1 0 0
    outer loop
      vertex 33 4.619397163391113 -40.08658218383789
      vertex 33 4.829628944396973 -43.29409408569336
      vertex 33 4.829628944396973 -40.70590591430664
    endloop
  endfacet
  facet normal 1 0 0
    outer loop
      vertex 33 4.619397163391113 -40.08658218383789
      vertex 33 4.619397163391113 -43.91341781616211
      vertex 33 4.829628944396973 -43.29409408569336
    endloop
  endfacet
  facet normal 1 0 0
    outer loop
      vertex 33 4.330126762390137 -39.5
      vertex 33 4.619397163391113 -43.91341781616211
      vertex 33 4.619397163391113 -40.08658218383789
    endloop
  endfacet
  facet normal 1 0 0
    outer loop
      vertex 33 4.330126762390137 -39.5
      vertex 33 4.330126762390137 -44.5
      vertex 33 4.619397163391113 -43.91341781616211
    endloop
  endfacet
  facet normal 1 0 0
    outer loop
      vertex 33 3.966766357421875 -38.95619201660156
      vertex 33 4.330126762390137 -44.5
      vertex 33 4.330126762390137 -39.5
    endloop
  endfacet
  facet normal 1 0 0
    outer loop
      vertex 33 3.966766357421875 -38.95619201660156
      vertex 33 3.966766357421875 -45.04380798339844
      vertex 33 4.330126762390137 -44.5
    endloop
  endfacet
  facet normal 1 0 0
    outer loop
      vertex 33 3.535533905029297 -38.4644660949707
      vertex 33 3.966766357421875 -45.04380798339844
      vertex 33 3.966766357421875 -38.95619201660156
    endloop
  endfacet
  facet normal 1 0 0
    outer loop
      vertex 33 3.535533905029297 -38.4644660949707
      vertex 33 3.535533905029297 -45.5355339050293
      vertex 33 3.966766357421875 -45.04380798339844
    endloop
  endfacet
  facet normal 1 0 0
    outer loop
      vertex 33 3.043807029724121 -38.033233642578125
      vertex 33 3.535533905029297 -45.5355339050293
      vertex 33 3.535533905029297 -38.4644660949707
    endloop
  endfacet
  facet normal 1 0 0
    outer loop
      vertex 33 3.043807029724121 -38.033233642578125
      vertex 33 3.043807029724121 -45.966766357421875
      vertex 33 3.535533905029297 -45.5355339050293
    endloop
  endfacet
  facet normal 1 0 0
    outer loop
      vertex 33 2.5 -37.66987228393555
      vertex 33 3.043807029724121 -45.966766357421875
      vertex 33 3.043807029724121 -38.033233642578125
    endloop
  endfacet
  facet normal 1 0 0
    outer loop
      vertex 33 2.5 -37.66987228393555
      vertex 33 2.5 -46.33012771606445
      vertex 33 3.043807029724121 -45.966766357421875
    endloop
  endfacet
  facet normal 1 0 0
    outer loop
      vertex 33 1.913416862487793 -37.3806037902832
      vertex 33 2.5 -46.33012771606445
      vertex 33 2.5 -37.66987228393555
    endloop
  endfacet
  facet normal 1 0 0
    outer loop
      vertex 33 1.913416862487793 -37.3806037902832
      vertex 33 1.913416862487793 -46.6193962097168
      vertex 33 2.5 -46.33012771606445
    endloop
  endfacet
  facet normal 1 0 0
    outer loop
      vertex 33 1.2940950393676758 -37.170372009277344
      vertex 33 1.913416862487793 -46.6193962097168
      vertex 33 1.913416862487793 -37.3806037902832
    endloop
  endfacet
  facet normal 1 0 0
    outer loop
      vertex 33 1.2940950393676758 -37.170372009277344
      vertex 33 1.2940950393676758 -46.829627990722656
      vertex 33 1.913416862487793 -46.6193962097168
    endloop
  endfacet
  facet normal 1 0 0
    outer loop
      vertex 33 0.6526308059692383 -37.04277801513672
      vertex 33 1.2940950393676758 -46.829627990722656
      vertex 33 1.2940950393676758 -37.170372009277344
    endloop
  endfacet
  facet normal 1 0 0
    outer loop
      vertex 33 0.6526308059692383 -37.04277801513672
      vertex 33 0.6526308059692383 -46.95722198486328
      vertex 33 1.2940950393676758 -46.829627990722656
    endloop
  endfacet
  facet normal 1 0 0
    outer loop
      vertex 33 0 -37
      vertex 33 0.6526308059692383 -46.95722198486328
      vertex 33 0.6526308059692383 -37.04277801513672
    endloop
  endfacet
  facet normal 1 0 0
    outer loop
      vertex 33 0 -37
      vertex 33 0 -47
      vertex 33 0.6526308059692383 -46.95722198486328
    endloop
  endfacet
  facet normal 1 0 0
    outer loop
      vertex 33 -0.6526308059692383 -37.04277801513672
      vertex 33 0 -47
      vertex 33 0 -37
    endloop
  endfacet
  facet normal 1 0 0
    outer loop
      vertex 33 -0.6526308059692383 -37.04277801513672
      vertex 33 -0.6526308059692383 -46.95722198486328
      vertex 33 0 -47
    endloop
  endfacet
  facet normal 1 0 0
    outer loop
      vertex 33 -1.2940950393676758 -37.170372009277344
      vertex 33 -0.6526308059692383 -46.95722198486328
      vertex 33 -0.6526308059692383 -37.04277801513672
    endloop
  endfacet
  facet normal 1 0 0
    outer loop
      vertex 33 -1.2940950393676758 -37.170372009277344
      vertex 33 -1.2940950393676758 -46.829627990722656
      vertex 33 -0.6526308059692383 -46.95722198486328
    endloop
  endfacet
  facet normal 1 0 0
    outer loop
      vertex 33 -1.913416862487793 -37.3806037902832
      vertex 33 -1.2940950393676758 -46.829627990722656
      vertex 33 -1.2940950393676758 -37.170372009277344
    endloop
  endfacet
  facet normal 1 0 0
    outer loop
      vertex 33 -1.913416862487793 -37.3806037902832
      vertex 33 -1.913416862487793 -46.6193962097168
      vertex 33 -1.2940950393676758 -46.829627990722656
    endloop
  endfacet
  facet normal 1 0 0
    outer loop
      vertex 33 -2.5 -37.66987228393555
      vertex 33 -1.913416862487793 -46.6193962097168
      vertex 33 -1.913416862487793 -37.3806037902832
    endloop
  endfacet
  facet normal 1 0 0
    outer loop
      vertex 33 -2.5 -37.66987228393555
      vertex 33 -2.5 -46.33012771606445
      vertex 33 -1.913416862487793 -46.6193962097168
    endloop
  endfacet
  facet normal 1 0 0
    outer loop
      vertex 33 -3.043807029724121 -38.033233642578125
      vertex 33 -2.5 -46.33012771606445
      vertex 33 -2.5 -37.66987228393555
    endloop
  endfacet
  facet normal 1 0 0
    outer loop
      vertex 33 -3.043807029724121 -38.033233642578125
      vertex 33 -3.043807029724121 -45.966766357421875
      vertex 33 -2.5 -46.33012771606445
    endloop
  endfacet
  facet normal 1 0 0
    outer loop
      vertex 33 -3.535533905029297 -38.4644660949707
      vertex 33 -3.043807029724121 -45.966766357421875
      vertex 33 -3.043807029724121 -38.033233642578125
    endloop
  endfacet
  facet normal 1 0 0
    outer loop
      vertex 33 -3.535533905029297 -38.4644660949707
      vertex 33 -3.535533905029297 -45.5355339050293
      vertex 33 -3.043807029724121 -45.966766357421875
    endloop
  endfacet
  facet normal 1 0 0
    outer loop
      vertex 33 -3.966766357421875 -38.95619201660156
      vertex 33 -3.535533905029297 -45.5355339050293
      vertex 33 -3.535533905029297 -38.4644660949707
    endloop
  endfacet
  facet normal 1 0 0
    outer loop
      vertex 33 -3.966766357421875 -38.95619201660156
      vertex 33 -3.966766357421875 -45.04380798339844
      vertex 33 -3.535533905029297 -45.5355339050293
    endloop
  endfacet
  facet normal 1 0 0
    outer loop
      vertex 33 -4.330126762390137 -39.5
      vertex 33 -3.966766357421875 -45.04380798339844
      vertex 33 -3.966766357421875 -38.95619201660156
    endloop
  endfacet
  facet normal 1 0 0
    outer loop
      vertex 33 -4.330126762390137 -39.5
      vertex 33 -4.330126762390137 -44.5
      vertex 33 -3.966766357421875 -45.04380798339844
    endloop
  endfacet
  facet normal 1 0 0
    outer loop
      vertex 33 -4.619397163391113 -40.08658218383789
      vertex 33 -4.330126762390137 -44.5
      vertex 33 -4.330126762390137 -39.5
    endloop
  endfacet
  facet normal 1 0 0
    outer loop
      vertex 33 -4.619397163391113 -40.08658218383789
      vertex 33 -4.619397163391113 -43.91341781616211
      vertex 33 -4.330126762390137 -44.5
    endloop
  endfacet
  facet normal 1 0 0
    outer loop
      vertex 33 -4.829628944396973 -40.70590591430664
      vertex 33 -4.619397163391113 -43.91341781616211
      vertex 33 -4.619397163391113 -40.08658218383789
    endloop
  endfacet
  facet normal 1 0 0
    outer loop
      vertex 33 -4.829628944396973 -40.70590591430664
      vertex 33 -4.829628944396973 -43.29409408569336
      vertex 33 -4.619397163391113 -43.91341781616211
    endloop
  endfacet
  facet normal 1 0 0
    outer loop
      vertex 33 -4.957223892211914 -41.34737014770508
      vertex 33 -4.829628944396973 -43.29409408569336
      vertex 33 -4.829628944396973 -40.70590591430664
    endloop
  endfacet
  facet normal 1 0 0
    outer loop
      vertex 33 -4.957223892211914 -41.34737014770508
      vertex 33 -4.957223892211914 -42.65262985229492
      vertex 33 -4.829628944396973 -43.29409408569336
    endloop
  endfacet
  facet normal 1 0 0
    outer loop
      vertex 33 -4.957223892211914 -42.65262985229492
      vertex 33 -4.957223892211914 -41.34737014770508
      vertex 33 -5 -42
    endloop
  endfacet
  facet normal -0.4422899669353637 -0.896872111924724 0
    outer loop
      vertex -30 -52.19615173339844 -50
      vertex -29.296100616455078 -52.543277740478516 50
      vertex -30 -52.19615173339844 50
    endloop
  endfacet
  facet normal -0.4422899669353637 -0.896872111924724 0
    outer loop
      vertex -29.296100616455078 -52.543277740478516 50
      vertex -30 -52.19615173339844 -50
      vertex -29.296100616455078 -52.543277740478516 -50
    endloop
  endfacet
  facet normal 0.32143877834851586 -0.9469303626845079 0
    outer loop
      vertex 28.552913665771484 -52.795555114746094 -50
      vertex 29.296100616455078 -52.543277740478516 50
      vertex 28.552913665771484 -52.795555114746094 50
    endloop
  endfacet
  facet normal 0.32143877834851586 -0.9469303626845079 0
    outer loop
      vertex 29.296100616455078 -52.543277740478516 50
      vertex 28.552913665771484 -52.795555114746094 -50
      vertex 29.296100616455078 -52.543277740478516 -50
    endloop
  endfacet
  facet normal -0.06540277633868206 -0.9978589463682691 0
    outer loop
      vertex -27.783157348632812 -52.94866943359375 -50
      vertex -27 -53 50
      vertex -27.783157348632812 -52.94866943359375 50
    endloop
  endfacet
  facet normal -0.06540277633868206 -0.9978589463682691 0
    outer loop
      vertex -27 -53 50
      vertex -27.783157348632812 -52.94866943359375 -50
      vertex -27 -53 -50
    endloop
  endfacet
  facet normal 0.9469303626845079 -0.32143877834851586 0
    outer loop
      vertex 32.543277740478516 -49.29610061645508 50
      vertex 32.795555114746094 -48.552913665771484 -50
      vertex 32.795555114746094 -48.552913665771484 50
    endloop
  endfacet
  facet normal 0.9469303626845079 -0.32143877834851586 0
    outer loop
      vertex 32.795555114746094 -48.552913665771484 -50
      vertex 32.543277740478516 -49.29610061645508 50
      vertex 32.543277740478516 -49.29610061645508 -50
    endloop
  endfacet
  facet normal -0.32143877834851586 -0.9469303626845079 0
    outer loop
      vertex -29.296100616455078 -52.543277740478516 -50
      vertex -28.552913665771484 -52.795555114746094 50
      vertex -29.296100616455078 -52.543277740478516 50
    endloop
  endfacet
  facet normal -0.32143877834851586 -0.9469303626845079 0
    outer loop
      vertex -28.552913665771484 -52.795555114746094 50
      vertex -29.296100616455078 -52.543277740478516 -50
      vertex -28.552913665771484 -52.795555114746094 -50
    endloop
  endfacet
  facet normal 0.555569174358399 -0.8314703196763711 0
    outer loop
      vertex 30 -52.19615173339844 -50
      vertex 30.652568817138672 -51.7601203918457 50
      vertex 30 -52.19615173339844 50
    endloop
  endfacet
  facet normal 0.555569174358399 -0.8314703196763711 0
    outer loop
      vertex 30.652568817138672 -51.7601203918457 50
      vertex 30 -52.19615173339844 -50
      vertex 30.652568817138672 -51.7601203918457 -50
    endloop
  endfacet
  facet normal 0.4422899669353637 -0.896872111924724 0
    outer loop
      vertex 29.296100616455078 -52.543277740478516 -50
      vertex 30 -52.19615173339844 50
      vertex 29.296100616455078 -52.543277740478516 50
    endloop
  endfacet
  facet normal 0.4422899669353637 -0.896872111924724 0
    outer loop
      vertex 30 -52.19615173339844 50
      vertex 29.296100616455078 -52.543277740478516 -50
      vertex 30 -52.19615173339844 -50
    endloop
  endfacet
  facet normal 0.1950906498792374 -0.9807852151871463 0
    outer loop
      vertex 27.783157348632812 -52.94866943359375 -50
      vertex 28.552913665771484 -52.795555114746094 50
      vertex 27.783157348632812 -52.94866943359375 50
    endloop
  endfacet
  facet normal 0.1950906498792374 -0.9807852151871463 0
    outer loop
      vertex 28.552913665771484 -52.795555114746094 50
      vertex 27.783157348632812 -52.94866943359375 -50
      vertex 28.552913665771484 -52.795555114746094 -50
    endloop
  endfacet
  facet normal 0.7518403549106677 -0.65934519087334 0
    outer loop
      vertex 31.24264144897461 -51.24264144897461 50
      vertex 31.760120391845703 -50.65256881713867 -50
      vertex 31.760120391845703 -50.65256881713867 50
    endloop
  endfacet
  facet normal 0.7518403549106677 -0.65934519087334 0
    outer loop
      vertex 31.760120391845703 -50.65256881713867 -50
      vertex 31.24264144897461 -51.24264144897461 50
      vertex 31.24264144897461 -51.24264144897461 -50
    endloop
  endfacet
  facet normal -0.9807852151871463 -0.1950906498792374 0
    outer loop
      vertex -32.795555114746094 -48.552913665771484 -50
      vertex -32.94866943359375 -47.78315734863281 50
      vertex -32.94866943359375 -47.78315734863281 -50
    endloop
  endfacet
  facet normal -0.9807852151871463 -0.1950906498792374 0
    outer loop
      vertex -32.94866943359375 -47.78315734863281 50
      vertex -32.795555114746094 -48.552913665771484 -50
      vertex -32.795555114746094 -48.552913665771484 50
    endloop
  endfacet
  facet normal 0.65934519087334 -0.7518403549106677 0
    outer loop
      vertex 30.652568817138672 -51.7601203918457 -50
      vertex 31.24264144897461 -51.24264144897461 50
      vertex 30.652568817138672 -51.7601203918457 50
    endloop
  endfacet
  facet normal 0.65934519087334 -0.7518403549106677 0
    outer loop
      vertex 31.24264144897461 -51.24264144897461 50
      vertex 30.652568817138672 -51.7601203918457 -50
      vertex 31.24264144897461 -51.24264144897461 -50
    endloop
  endfacet
  facet normal -0.8314703196763711 -0.555569174358399 0
    outer loop
      vertex -31.760120391845703 -50.65256881713867 -50
      vertex -32.19615173339844 -50 50
      vertex -32.19615173339844 -50 -50
    endloop
  endfacet
  facet normal -0.8314703196763711 -0.555569174358399 0
    outer loop
      vertex -32.19615173339844 -50 50
      vertex -31.760120391845703 -50.65256881713867 -50
      vertex -31.760120391845703 -50.65256881713867 50
    endloop
  endfacet
  facet normal 0.8314703196763711 -0.555569174358399 0
    outer loop
      vertex 31.760120391845703 -50.65256881713867 50
      vertex 32.19615173339844 -50 -50
      vertex 32.19615173339844 -50 50
    endloop
  endfacet
  facet normal 0.8314703196763711 -0.555569174358399 0
    outer loop
      vertex 32.19615173339844 -50 -50
      vertex 31.760120391845703 -50.65256881713867 50
      vertex 31.760120391845703 -50.65256881713867 -50
    endloop
  endfacet
  facet normal 0.9978589463682691 -0.06540277633868206 0
    outer loop
      vertex 32.94866943359375 -47.78315734863281 50
      vertex 33 -47 -50
      vertex 33 -47 50
    endloop
  endfacet
  facet normal 0.9978589463682691 -0.06540277633868206 0
    outer loop
      vertex 33 -47 -50
      vertex 32.94866943359375 -47.78315734863281 50
      vertex 32.94866943359375 -47.78315734863281 -50
    endloop
  endfacet
  facet normal 0.9807852151871463 -0.1950906498792374 0
    outer loop
      vertex 32.795555114746094 -48.552913665771484 50
      vertex 32.94866943359375 -47.78315734863281 -50
      vertex 32.94866943359375 -47.78315734863281 50
    endloop
  endfacet
  facet normal 0.9807852151871463 -0.1950906498792374 0
    outer loop
      vertex 32.94866943359375 -47.78315734863281 -50
      vertex 32.795555114746094 -48.552913665771484 50
      vertex 32.795555114746094 -48.552913665771484 -50
    endloop
  endfacet
  facet normal -0.7518403549106677 -0.65934519087334 0
    outer loop
      vertex -31.24264144897461 -51.24264144897461 -50
      vertex -31.760120391845703 -50.65256881713867 50
      vertex -31.760120391845703 -50.65256881713867 -50
    endloop
  endfacet
  facet normal -0.7518403549106677 -0.65934519087334 0
    outer loop
      vertex -31.760120391845703 -50.65256881713867 50
      vertex -31.24264144897461 -51.24264144897461 -50
      vertex -31.24264144897461 -51.24264144897461 50
    endloop
  endfacet
  facet normal -0.9469303626845079 -0.32143877834851586 0
    outer loop
      vertex -32.543277740478516 -49.29610061645508 -50
      vertex -32.795555114746094 -48.552913665771484 50
      vertex -32.795555114746094 -48.552913665771484 -50
    endloop
  endfacet
  facet normal -0.9469303626845079 -0.32143877834851586 0
    outer loop
      vertex -32.795555114746094 -48.552913665771484 50
      vertex -32.543277740478516 -49.29610061645508 -50
      vertex -32.543277740478516 -49.29610061645508 50
    endloop
  endfacet
  facet normal 0 0 -1
    outer loop
      vertex 33 -47 -50
      vertex 29.965778350830078 -46.52210235595703 -50
      vertex 30 -46 -50
    endloop
  endfacet
  facet normal 0 0 -1
    outer loop
      vertex 30.652568817138672 -51.7601203918457 -50
      vertex 29.86370277404785 -47.035274505615234 -50
      vertex 29.965778350830078 -46.52210235595703 -50
    endloop
  endfacet
  facet normal 0 0 -1
    outer loop
      vertex 30.652568817138672 -51.7601203918457 -50
      vertex 29.695518493652344 -47.530731201171875 -50
      vertex 29.86370277404785 -47.035274505615234 -50
    endloop
  endfacet
  facet normal 0 0 -1
    outer loop
      vertex 30.652568817138672 -51.7601203918457 -50
      vertex 29.464099884033203 -48 -50
      vertex 29.695518493652344 -47.530731201171875 -50
    endloop
  endfacet
  facet normal 0 0 -1
    outer loop
      vertex 28 -49.4640998840332 -50
      vertex 30 -52.19615173339844 -50
      vertex 29.296100616455078 -52.543277740478516 -50
    endloop
  endfacet
  facet normal 0 0 -1
    outer loop
      vertex 30.652568817138672 -51.7601203918457 -50
      vertex 29.173412322998047 -48.43504333496094 -50
      vertex 29.464099884033203 -48 -50
    endloop
  endfacet
  facet normal 0 0 -1
    outer loop
      vertex 30.652568817138672 -51.7601203918457 -50
      vertex 28.828426361083984 -48.828426361083984 -50
      vertex 29.173412322998047 -48.43504333496094 -50
    endloop
  endfacet
  facet normal 0 0 -1
    outer loop
      vertex 27.530733108520508 -49.695518493652344 -50
      vertex 29.296100616455078 -52.543277740478516 -50
      vertex 28.552913665771484 -52.795555114746094 -50
    endloop
  endfacet
  facet normal 0 0 -1
    outer loop
      vertex 30.652568817138672 -51.7601203918457 -50
      vertex 28.43504524230957 -49.17341232299805 -50
      vertex 28.828426361083984 -48.828426361083984 -50
    endloop
  endfacet
  facet normal 0 0 -1
    outer loop
      vertex 30 -52.19615173339844 -50
      vertex 28 -49.4640998840332 -50
      vertex 28.43504524230957 -49.17341232299805 -50
    endloop
  endfacet
  facet normal 0 0 -1
    outer loop
      vertex 27.530733108520508 -49.695518493652344 -50
      vertex 28.552913665771484 -52.795555114746094 -50
      vertex 27.783157348632812 -52.94866943359375 -50
    endloop
  endfacet
  facet normal 0 0 -1
    outer loop
      vertex 29.296100616455078 -52.543277740478516 -50
      vertex 27.530733108520508 -49.695518493652344 -50
      vertex 28 -49.4640998840332 -50
    endloop
  endfacet
  facet normal 0 0 -1
    outer loop
      vertex 27.783157348632812 -52.94866943359375 -50
      vertex 27.035274505615234 -49.86370086669922 -50
      vertex 27.530733108520508 -49.695518493652344 -50
    endloop
  endfacet
  facet normal 0 0 -1
    outer loop
      vertex 27 -53 -50
      vertex 27.035274505615234 -49.86370086669922 -50
      vertex 27.783157348632812 -52.94866943359375 -50
    endloop
  endfacet
  facet normal 0 0 -1
    outer loop
      vertex 27 -53 -50
      vertex 26.522104263305664 -49.96577835083008 -50
      vertex 27.035274505615234 -49.86370086669922 -50
    endloop
  endfacet
  facet normal 0 0 -1
    outer loop
      vertex 27 -53 -50
      vertex 26 -50 -50
      vertex 26.522104263305664 -49.96577835083008 -50
    endloop
  endfacet
  facet normal 0 0 -1
    outer loop
      vertex 27 -53 -50
      vertex -26 -50 -50
      vertex 26 -50 -50
    endloop
  endfacet
  facet normal 0 0 -1
    outer loop
      vertex -27 -53 -50
      vertex -26 -50 -50
      vertex 27 -53 -50
    endloop
  endfacet
  facet normal 0 0 -1
    outer loop
      vertex -27 -53 -50
      vertex -26.522104263305664 -49.96577835083008 -50
      vertex -26 -50 -50
    endloop
  endfacet
  facet normal 0 0 -1
    outer loop
      vertex -27 -53 -50
      vertex -27.035274505615234 -49.86370086669922 -50
      vertex -26.522104263305664 -49.96577835083008 -50
    endloop
  endfacet
  facet normal 0 0 -1
    outer loop
      vertex -27.783157348632812 -52.94866943359375 -50
      vertex -27.035274505615234 -49.86370086669922 -50
      vertex -27 -53 -50
    endloop
  endfacet
  facet normal 0 0 -1
    outer loop
      vertex -27.035274505615234 -49.86370086669922 -50
      vertex -27.783157348632812 -52.94866943359375 -50
      vertex -27.530733108520508 -49.695518493652344 -50
    endloop
  endfacet
  facet normal 0 0 -1
    outer loop
      vertex -28.552913665771484 -52.795555114746094 -50
      vertex -27.530733108520508 -49.695518493652344 -50
      vertex -27.783157348632812 -52.94866943359375 -50
    endloop
  endfacet
  facet normal 0 0 -1
    outer loop
      vertex -29.296100616455078 -52.543277740478516 -50
      vertex -27.530733108520508 -49.695518493652344 -50
      vertex -28.552913665771484 -52.795555114746094 -50
    endloop
  endfacet
  facet normal 0 0 -1
    outer loop
      vertex -27.530733108520508 -49.695518493652344 -50
      vertex -29.296100616455078 -52.543277740478516 -50
      vertex -28 -49.4640998840332 -50
    endloop
  endfacet
  facet normal 0 0 -1
    outer loop
      vertex -30 -52.19615173339844 -50
      vertex -28 -49.4640998840332 -50
      vertex -29.296100616455078 -52.543277740478516 -50
    endloop
  endfacet
  facet normal 0 0 -1
    outer loop
      vertex -28 -49.4640998840332 -50
      vertex -30 -52.19615173339844 -50
      vertex -28.43504524230957 -49.17341232299805 -50
    endloop
  endfacet
  facet normal 0 0 -1
    outer loop
      vertex -30.652568817138672 -51.7601203918457 -50
      vertex -28.43504524230957 -49.17341232299805 -50
      vertex -30 -52.19615173339844 -50
    endloop
  endfacet
  facet normal 0 0 -1
    outer loop
      vertex -28.43504524230957 -49.17341232299805 -50
      vertex -30.652568817138672 -51.7601203918457 -50
      vertex -28.828426361083984 -48.828426361083984 -50
    endloop
  endfacet
  facet normal 0 0 -1
    outer loop
      vertex -31.24264144897461 -51.24264144897461 -50
      vertex -28.828426361083984 -48.828426361083984 -50
      vertex -30.652568817138672 -51.7601203918457 -50
    endloop
  endfacet
  facet normal 0 0 -1
    outer loop
      vertex -31.760120391845703 -50.65256881713867 -50
      vertex -28.828426361083984 -48.828426361083984 -50
      vertex -31.24264144897461 -51.24264144897461 -50
    endloop
  endfacet
  facet normal 0 0 -1
    outer loop
      vertex -28.828426361083984 -48.828426361083984 -50
      vertex -31.760120391845703 -50.65256881713867 -50
      vertex -29.173412322998047 -48.43504333496094 -50
    endloop
  endfacet
  facet normal 0 0 -1
    outer loop
      vertex -32.19615173339844 -50 -50
      vertex -29.173412322998047 -48.43504333496094 -50
      vertex -31.760120391845703 -50.65256881713867 -50
    endloop
  endfacet
  facet normal 0 0 -1
    outer loop
      vertex -29.173412322998047 -48.43504333496094 -50
      vertex -32.19615173339844 -50 -50
      vertex -29.464099884033203 -48 -50
    endloop
  endfacet
  facet normal 0 0 -1
    outer loop
      vertex -32.543277740478516 -49.29610061645508 -50
      vertex -29.464099884033203 -48 -50
      vertex -32.19615173339844 -50 -50
    endloop
  endfacet
  facet normal 0 0 -1
    outer loop
      vertex -29.464099884033203 -48 -50
      vertex -32.543277740478516 -49.29610061645508 -50
      vertex -29.695518493652344 -47.530731201171875 -50
    endloop
  endfacet
  facet normal 0 0 -1
    outer loop
      vertex -32.795555114746094 -48.552913665771484 -50
      vertex -29.695518493652344 -47.530731201171875 -50
      vertex -32.543277740478516 -49.29610061645508 -50
    endloop
  endfacet
  facet normal 0 0 -1
    outer loop
      vertex -32.94866943359375 -47.78315734863281 -50
      vertex -29.695518493652344 -47.530731201171875 -50
      vertex -32.795555114746094 -48.552913665771484 -50
    endloop
  endfacet
  facet normal 0 0 -1
    outer loop
      vertex -29.695518493652344 -47.530731201171875 -50
      vertex -32.94866943359375 -47.78315734863281 -50
      vertex -29.86370277404785 -47.035274505615234 -50
    endloop
  endfacet
  facet normal 0 0 -1
    outer loop
      vertex -33 -47 -50
      vertex -29.86370277404785 -47.035274505615234 -50
      vertex -32.94866943359375 -47.78315734863281 -50
    endloop
  endfacet
  facet normal 0 0 -1
    outer loop
      vertex -29.86370277404785 -47.035274505615234 -50
      vertex -33 -47 -50
      vertex -29.965778350830078 -46.52210235595703 -50
    endloop
  endfacet
  facet normal 0 0 -1
    outer loop
      vertex -29.965778350830078 -46.52210235595703 -50
      vertex -33 -47 -50
      vertex -30 -46 -50
    endloop
  endfacet
  facet normal 0 0 -1
    outer loop
      vertex -30 -46 -50
      vertex -33 -47 -50
      vertex -33 0 -50
    endloop
  endfacet
  facet normal 0 0 -1
    outer loop
      vertex -30 -46 -50
      vertex -33 0 -50
      vertex -30 50 -50
    endloop
  endfacet
  facet normal 0 0 -1
    outer loop
      vertex -30 50 -50
      vertex -33 0 -50
      vertex -33 50 -50
    endloop
  endfacet
  facet normal 0 0 -1
    outer loop
      vertex 30 -46 -50
      vertex 33 0 -50
      vertex 33 -47 -50
    endloop
  endfacet
  facet normal 0 0 -1
    outer loop
      vertex 29.965778350830078 -46.52210235595703 -50
      vertex 33 -47 -50
      vertex 32.94866943359375 -47.78315734863281 -50
    endloop
  endfacet
  facet normal 0 0 -1
    outer loop
      vertex 29.965778350830078 -46.52210235595703 -50
      vertex 32.94866943359375 -47.78315734863281 -50
      vertex 32.795555114746094 -48.552913665771484 -50
    endloop
  endfacet
  facet normal 0 0 -1
    outer loop
      vertex 29.965778350830078 -46.52210235595703 -50
      vertex 32.795555114746094 -48.552913665771484 -50
      vertex 32.543277740478516 -49.29610061645508 -50
    endloop
  endfacet
  facet normal 0 0 -1
    outer loop
      vertex 29.965778350830078 -46.52210235595703 -50
      vertex 32.543277740478516 -49.29610061645508 -50
      vertex 32.19615173339844 -50 -50
    endloop
  endfacet
  facet normal 0 0 -1
    outer loop
      vertex 29.965778350830078 -46.52210235595703 -50
      vertex 32.19615173339844 -50 -50
      vertex 31.760120391845703 -50.65256881713867 -50
    endloop
  endfacet
  facet normal 0 0 -1
    outer loop
      vertex 29.965778350830078 -46.52210235595703 -50
      vertex 31.760120391845703 -50.65256881713867 -50
      vertex 31.24264144897461 -51.24264144897461 -50
    endloop
  endfacet
  facet normal 0 0 -1
    outer loop
      vertex 29.965778350830078 -46.52210235595703 -50
      vertex 31.24264144897461 -51.24264144897461 -50
      vertex 30.652568817138672 -51.7601203918457 -50
    endloop
  endfacet
  facet normal 0 0 -1
    outer loop
      vertex 28.43504524230957 -49.17341232299805 -50
      vertex 30.652568817138672 -51.7601203918457 -50
      vertex 30 -52.19615173339844 -50
    endloop
  endfacet
  facet normal 0 0 -1
    outer loop
      vertex 30 50 -50
      vertex 33 0 -50
      vertex 30 -46 -50
    endloop
  endfacet
  facet normal 0 0 -1
    outer loop
      vertex 33 0 -50
      vertex 30 50 -50
      vertex 33 50 -50
    endloop
  endfacet
  facet normal -0.896872111924724 -0.4422899669353637 0
    outer loop
      vertex -32.19615173339844 -50 -50
      vertex -32.543277740478516 -49.29610061645508 50
      vertex -32.543277740478516 -49.29610061645508 -50
    endloop
  endfacet
  facet normal -0.896872111924724 -0.4422899669353637 0
    outer loop
      vertex -32.543277740478516 -49.29610061645508 50
      vertex -32.19615173339844 -50 -50
      vertex -32.19615173339844 -50 50
    endloop
  endfacet
  facet normal 0 0 1
    outer loop
      vertex -33 50 50
      vertex -30 -46 50
      vertex -30 50 50
    endloop
  endfacet
  facet normal 0 0 1
    outer loop
      vertex -32.94866943359375 -47.78315734863281 50
      vertex -30 -46 50
      vertex -33 -47 50
    endloop
  endfacet
  facet normal 0 0 1
    outer loop
      vertex -30 -46 50
      vertex -30.652568817138672 -51.7601203918457 50
      vertex -30 -52.19615173339844 50
    endloop
  endfacet
  facet normal 0 0 1
    outer loop
      vertex -30 -46 50
      vertex -31.24264144897461 -51.24264144897461 50
      vertex -30.652568817138672 -51.7601203918457 50
    endloop
  endfacet
  facet normal 0 0 1
    outer loop
      vertex -30 -46 50
      vertex -31.760120391845703 -50.65256881713867 50
      vertex -31.24264144897461 -51.24264144897461 50
    endloop
  endfacet
  facet normal 0 0 1
    outer loop
      vertex -30 -46 50
      vertex -32.19615173339844 -50 50
      vertex -31.760120391845703 -50.65256881713867 50
    endloop
  endfacet
  facet normal 0 0 1
    outer loop
      vertex -30 -46 50
      vertex -32.543277740478516 -49.29610061645508 50
      vertex -32.19615173339844 -50 50
    endloop
  endfacet
  facet normal 0 0 1
    outer loop
      vertex -30 -46 50
      vertex -32.795555114746094 -48.552913665771484 50
      vertex -32.543277740478516 -49.29610061645508 50
    endloop
  endfacet
  facet normal 0 0 1
    outer loop
      vertex -30 -46 50
      vertex -33 50 50
      vertex -33 -47 50
    endloop
  endfacet
  facet normal 0 0 1
    outer loop
      vertex -30 -46 50
      vertex -32.94866943359375 -47.78315734863281 50
      vertex -32.795555114746094 -48.552913665771484 50
    endloop
  endfacet
  facet normal 0 0 1
    outer loop
      vertex 30 -46 50
      vertex 33 -47 50
      vertex 33 50 50
    endloop
  endfacet
  facet normal 0 0 1
    outer loop
      vertex 29.965778350830078 -46.52210235595703 50
      vertex 33 -47 50
      vertex 30 -46 50
    endloop
  endfacet
  facet normal 0 0 1
    outer loop
      vertex 29.86370277404785 -47.035274505615234 50
      vertex 33 -47 50
      vertex 29.965778350830078 -46.52210235595703 50
    endloop
  endfacet
  facet normal 0 0 1
    outer loop
      vertex 33 -47 50
      vertex 29.86370277404785 -47.035274505615234 50
      vertex 32.94866943359375 -47.78315734863281 50
    endloop
  endfacet
  facet normal 0 0 1
    outer loop
      vertex 29.695518493652344 -47.530731201171875 50
      vertex 32.94866943359375 -47.78315734863281 50
      vertex 29.86370277404785 -47.035274505615234 50
    endloop
  endfacet
  facet normal 0 0 1
    outer loop
      vertex 32.94866943359375 -47.78315734863281 50
      vertex 29.695518493652344 -47.530731201171875 50
      vertex 32.795555114746094 -48.552913665771484 50
    endloop
  endfacet
  facet normal 0 0 1
    outer loop
      vertex 32.795555114746094 -48.552913665771484 50
      vertex 29.695518493652344 -47.530731201171875 50
      vertex 32.543277740478516 -49.29610061645508 50
    endloop
  endfacet
  facet normal 0 0 1
    outer loop
      vertex 30 -46 50
      vertex 33 50 50
      vertex 30 50 50
    endloop
  endfacet
  facet normal 0 0 1
    outer loop
      vertex 29.464099884033203 -48 50
      vertex 32.543277740478516 -49.29610061645508 50
      vertex 29.695518493652344 -47.530731201171875 50
    endloop
  endfacet
  facet normal 0 0 1
    outer loop
      vertex 32.543277740478516 -49.29610061645508 50
      vertex 29.464099884033203 -48 50
      vertex 32.19615173339844 -50 50
    endloop
  endfacet
  facet normal 0 0 1
    outer loop
      vertex 29.173412322998047 -48.43504333496094 50
      vertex 32.19615173339844 -50 50
      vertex 29.464099884033203 -48 50
    endloop
  endfacet
  facet normal 0 0 1
    outer loop
      vertex 32.19615173339844 -50 50
      vertex 29.173412322998047 -48.43504333496094 50
      vertex 31.760120391845703 -50.65256881713867 50
    endloop
  endfacet
  facet normal 0 0 1
    outer loop
      vertex 28.828426361083984 -48.828426361083984 50
      vertex 31.760120391845703 -50.65256881713867 50
      vertex 29.173412322998047 -48.43504333496094 50
    endloop
  endfacet
  facet normal 0 0 1
    outer loop
      vertex 31.760120391845703 -50.65256881713867 50
      vertex 28.828426361083984 -48.828426361083984 50
      vertex 31.24264144897461 -51.24264144897461 50
    endloop
  endfacet
  facet normal 0 0 1
    outer loop
      vertex 31.24264144897461 -51.24264144897461 50
      vertex 28.828426361083984 -48.828426361083984 50
      vertex 30.652568817138672 -51.7601203918457 50
    endloop
  endfacet
  facet normal 0 0 1
    outer loop
      vertex 28.43504524230957 -49.17341232299805 50
      vertex 30.652568817138672 -51.7601203918457 50
      vertex 28.828426361083984 -48.828426361083984 50
    endloop
  endfacet
  facet normal 0 0 1
    outer loop
      vertex 30.652568817138672 -51.7601203918457 50
      vertex 28.43504524230957 -49.17341232299805 50
      vertex 30 -52.19615173339844 50
    endloop
  endfacet
  facet normal 0 0 1
    outer loop
      vertex 28 -49.4640998840332 50
      vertex 30 -52.19615173339844 50
      vertex 28.43504524230957 -49.17341232299805 50
    endloop
  endfacet
  facet normal 0 0 1
    outer loop
      vertex 30 -52.19615173339844 50
      vertex 28 -49.4640998840332 50
      vertex 29.296100616455078 -52.543277740478516 50
    endloop
  endfacet
  facet normal 0 0 1
    outer loop
      vertex 27.530733108520508 -49.695518493652344 50
      vertex 29.296100616455078 -52.543277740478516 50
      vertex 28 -49.4640998840332 50
    endloop
  endfacet
  facet normal 0 0 1
    outer loop
      vertex 29.296100616455078 -52.543277740478516 50
      vertex 27.530733108520508 -49.695518493652344 50
      vertex 28.552913665771484 -52.795555114746094 50
    endloop
  endfacet
  facet normal 0 0 1
    outer loop
      vertex 28.552913665771484 -52.795555114746094 50
      vertex 27.530733108520508 -49.695518493652344 50
      vertex 27.783157348632812 -52.94866943359375 50
    endloop
  endfacet
  facet normal 0 0 1
    outer loop
      vertex 27.035274505615234 -49.86370086669922 50
      vertex 27.783157348632812 -52.94866943359375 50
      vertex 27.530733108520508 -49.695518493652344 50
    endloop
  endfacet
  facet normal 0 0 1
    outer loop
      vertex 27.035274505615234 -49.86370086669922 50
      vertex 27 -53 50
      vertex 27.783157348632812 -52.94866943359375 50
    endloop
  endfacet
  facet normal 0 0 1
    outer loop
      vertex 26.522104263305664 -49.96577835083008 50
      vertex 27 -53 50
      vertex 27.035274505615234 -49.86370086669922 50
    endloop
  endfacet
  facet normal 0 0 1
    outer loop
      vertex 26 -50 50
      vertex 27 -53 50
      vertex 26.522104263305664 -49.96577835083008 50
    endloop
  endfacet
  facet normal 0 0 1
    outer loop
      vertex -26 -50 50
      vertex 27 -53 50
      vertex 26 -50 50
    endloop
  endfacet
  facet normal 0 0 1
    outer loop
      vertex -26 -50 50
      vertex -27 -53 50
      vertex 27 -53 50
    endloop
  endfacet
  facet normal 0 0 1
    outer loop
      vertex -26.522104263305664 -49.96577835083008 50
      vertex -27 -53 50
      vertex -26 -50 50
    endloop
  endfacet
  facet normal 0 0 1
    outer loop
      vertex -27.035274505615234 -49.86370086669922 50
      vertex -27 -53 50
      vertex -26.522104263305664 -49.96577835083008 50
    endloop
  endfacet
  facet normal 0 0 1
    outer loop
      vertex -27.783157348632812 -52.94866943359375 50
      vertex -27.035274505615234 -49.86370086669922 50
      vertex -27.530733108520508 -49.695518493652344 50
    endloop
  endfacet
  facet normal 0 0 1
    outer loop
      vertex -27.035274505615234 -49.86370086669922 50
      vertex -27.783157348632812 -52.94866943359375 50
      vertex -27 -53 50
    endloop
  endfacet
  facet normal 0 0 1
    outer loop
      vertex -29.296100616455078 -52.543277740478516 50
      vertex -27.530733108520508 -49.695518493652344 50
      vertex -28 -49.4640998840332 50
    endloop
  endfacet
  facet normal 0 0 1
    outer loop
      vertex -30 -52.19615173339844 50
      vertex -28 -49.4640998840332 50
      vertex -28.43504524230957 -49.17341232299805 50
    endloop
  endfacet
  facet normal 0 0 1
    outer loop
      vertex -27.530733108520508 -49.695518493652344 50
      vertex -28.552913665771484 -52.795555114746094 50
      vertex -27.783157348632812 -52.94866943359375 50
    endloop
  endfacet
  facet normal 0 0 1
    outer loop
      vertex -30 -52.19615173339844 50
      vertex -28.43504524230957 -49.17341232299805 50
      vertex -28.828426361083984 -48.828426361083984 50
    endloop
  endfacet
  facet normal 0 0 1
    outer loop
      vertex -30 -52.19615173339844 50
      vertex -28.828426361083984 -48.828426361083984 50
      vertex -29.173412322998047 -48.43504333496094 50
    endloop
  endfacet
  facet normal 0 0 1
    outer loop
      vertex -27.530733108520508 -49.695518493652344 50
      vertex -29.296100616455078 -52.543277740478516 50
      vertex -28.552913665771484 -52.795555114746094 50
    endloop
  endfacet
  facet normal 0 0 1
    outer loop
      vertex -30 -52.19615173339844 50
      vertex -29.173412322998047 -48.43504333496094 50
      vertex -29.464099884033203 -48 50
    endloop
  endfacet
  facet normal 0 0 1
    outer loop
      vertex -30 -52.19615173339844 50
      vertex -29.464099884033203 -48 50
      vertex -29.695518493652344 -47.530731201171875 50
    endloop
  endfacet
  facet normal 0 0 1
    outer loop
      vertex -30 -52.19615173339844 50
      vertex -29.695518493652344 -47.530731201171875 50
      vertex -29.86370277404785 -47.035274505615234 50
    endloop
  endfacet
  facet normal 0 0 1
    outer loop
      vertex -30 -52.19615173339844 50
      vertex -29.86370277404785 -47.035274505615234 50
      vertex -29.965778350830078 -46.52210235595703 50
    endloop
  endfacet
  facet normal 0 0 1
    outer loop
      vertex -28 -49.4640998840332 50
      vertex -30 -52.19615173339844 50
      vertex -29.296100616455078 -52.543277740478516 50
    endloop
  endfacet
  facet normal 0 0 1
    outer loop
      vertex -30 -52.19615173339844 50
      vertex -29.965778350830078 -46.52210235595703 50
      vertex -30 -46 50
    endloop
  endfacet
  facet normal 0 1 0
    outer loop
      vertex -30 50 -50
      vertex -33 50 50
      vertex -30 50 50
    endloop
  endfacet
  facet normal 0 1 0
    outer loop
      vertex -33 50 50
      vertex -30 50 -50
      vertex -33 50 -50
    endloop
  endfacet
  facet normal 0 1 0
    outer loop
      vertex 33 50 -50
      vertex 30 50 50
      vertex 33 50 50
    endloop
  endfacet
  facet normal 0 1 0
    outer loop
      vertex 30 50 50
      vertex 33 50 -50
      vertex 30 50 -50
    endloop
  endfacet
  facet normal -1 0 0
    outer loop
      vertex 30 -46 -50
      vertex 30 50 50
      vertex 30 50 -50
    endloop
  endfacet
  facet normal -1 0 0
    outer loop
      vertex 30 50 50
      vertex 30 -46 -50
      vertex 30 -46 50
    endloop
  endfacet
  facet normal 1 0 0
    outer loop
      vertex -30 -46 50
      vertex -30 50 -50
      vertex -30 50 50
    endloop
  endfacet
  facet normal 1 0 0
    outer loop
      vertex -30 50 -50
      vertex -30 -46 50
      vertex -30 -46 -50
    endloop
  endfacet
  facet normal -0.8968720987122667 0.44228999372747985 0
    outer loop
      vertex 29.464099884033203 -48 -50
      vertex 29.695518493652344 -47.530731201171875 50
      vertex 29.695518493652344 -47.530731201171875 -50
    endloop
  endfacet
  facet normal -0.8968720987122667 0.44228999372747985 0
    outer loop
      vertex 29.695518493652344 -47.530731201171875 50
      vertex 29.464099884033203 -48 -50
      vertex 29.464099884033203 -48 50
    endloop
  endfacet
  facet normal 0 1 0
    outer loop
      vertex 26 -50 -50
      vertex -26 -50 50
      vertex 26 -50 50
    endloop
  endfacet
  facet normal 0 1 0
    outer loop
      vertex -26 -50 50
      vertex 26 -50 -50
      vertex -26 -50 -50
    endloop
  endfacet
  facet normal -0.5555697356722431 0.8314699446192111 0
    outer loop
      vertex 28.43504524230957 -49.17341232299805 -50
      vertex 28 -49.4640998840332 50
      vertex 28.43504524230957 -49.17341232299805 50
    endloop
  endfacet
  facet normal -0.5555697356722431 0.8314699446192111 0
    outer loop
      vertex 28 -49.4640998840332 50
      vertex 28.43504524230957 -49.17341232299805 -50
      vertex 28 -49.4640998840332 -50
    endloop
  endfacet
  facet normal -0.9469304814439834 0.32143842849333665 0
    outer loop
      vertex 29.695518493652344 -47.530731201171875 -50
      vertex 29.86370277404785 -47.035274505615234 50
      vertex 29.86370277404785 -47.035274505615234 -50
    endloop
  endfacet
  facet normal -0.9469304814439834 0.32143842849333665 0
    outer loop
      vertex 29.86370277404785 -47.035274505615234 50
      vertex 29.695518493652344 -47.530731201171875 -50
      vertex 29.695518493652344 -47.530731201171875 50
    endloop
  endfacet
  facet normal -0.9978587669682916 0.06540551341072687 0
    outer loop
      vertex 29.965778350830078 -46.52210235595703 -50
      vertex 30 -46 50
      vertex 30 -46 -50
    endloop
  endfacet
  facet normal -0.9978587669682916 0.06540551341072687 0
    outer loop
      vertex 30 -46 50
      vertex 29.965778350830078 -46.52210235595703 -50
      vertex 29.965778350830078 -46.52210235595703 50
    endloop
  endfacet
  facet normal -0.06540527549378619 0.9978587825627341 0
    outer loop
      vertex 26.522104263305664 -49.96577835083008 -50
      vertex 26 -50 50
      vertex 26.522104263305664 -49.96577835083008 50
    endloop
  endfacet
  facet normal -0.06540527549378619 0.9978587825627341 0
    outer loop
      vertex 26 -50 50
      vertex 26.522104263305664 -49.96577835083008 -50
      vertex 26 -50 -50
    endloop
  endfacet
  facet normal 0.9978587669682916 0.06540551341072687 0
    outer loop
      vertex -29.965778350830078 -46.52210235595703 50
      vertex -30 -46 -50
      vertex -30 -46 50
    endloop
  endfacet
  facet normal 0.9978587669682916 0.06540551341072687 0
    outer loop
      vertex -30 -46 -50
      vertex -29.965778350830078 -46.52210235595703 50
      vertex -29.965778350830078 -46.52210235595703 -50
    endloop
  endfacet
  facet normal 0.9807855401855947 0.1950890159974446 0
    outer loop
      vertex -29.86370277404785 -47.035274505615234 50
      vertex -29.965778350830078 -46.52210235595703 -50
      vertex -29.965778350830078 -46.52210235595703 50
    endloop
  endfacet
  facet normal 0.9807855401855947 0.1950890159974446 0
    outer loop
      vertex -29.965778350830078 -46.52210235595703 -50
      vertex -29.86370277404785 -47.035274505615234 50
      vertex -29.86370277404785 -47.035274505615234 -50
    endloop
  endfacet
  facet normal 0.5555697356722431 0.8314699446192111 0
    outer loop
      vertex -28 -49.4640998840332 -50
      vertex -28.43504524230957 -49.17341232299805 50
      vertex -28 -49.4640998840332 50
    endloop
  endfacet
  facet normal 0.5555697356722431 0.8314699446192111 0
    outer loop
      vertex -28.43504524230957 -49.17341232299805 50
      vertex -28 -49.4640998840332 -50
      vertex -28.43504524230957 -49.17341232299805 -50
    endloop
  endfacet
  facet normal -0.3214340501933723 0.9469319676599184 0
    outer loop
      vertex 27.530733108520508 -49.695518493652344 -50
      vertex 27.035274505615234 -49.86370086669922 50
      vertex 27.530733108520508 -49.695518493652344 50
    endloop
  endfacet
  facet normal -0.3214340501933723 0.9469319676599184 0
    outer loop
      vertex 27.035274505615234 -49.86370086669922 50
      vertex 27.530733108520508 -49.695518493652344 -50
      vertex 27.035274505615234 -49.86370086669922 -50
    endloop
  endfacet
  facet normal 0.06540527549378619 0.9978587825627341 0
    outer loop
      vertex -26 -50 -50
      vertex -26.522104263305664 -49.96577835083008 50
      vertex -26 -50 50
    endloop
  endfacet
  facet normal 0.06540527549378619 0.9978587825627341 0
    outer loop
      vertex -26.522104263305664 -49.96577835083008 50
      vertex -26 -50 -50
      vertex -26.522104263305664 -49.96577835083008 -50
    endloop
  endfacet
  facet normal -0.751841411423408 0.6593439861474872 0
    outer loop
      vertex 28.828426361083984 -48.828426361083984 -50
      vertex 29.173412322998047 -48.43504333496094 50
      vertex 29.173412322998047 -48.43504333496094 -50
    endloop
  endfacet
  facet normal -0.751841411423408 0.6593439861474872 0
    outer loop
      vertex 29.173412322998047 -48.43504333496094 50
      vertex 28.828426361083984 -48.828426361083984 -50
      vertex 28.828426361083984 -48.828426361083984 50
    endloop
  endfacet
  facet normal 0.44229143975910545 0.8968713856043227 0
    outer loop
      vertex -27.530733108520508 -49.695518493652344 -50
      vertex -28 -49.4640998840332 50
      vertex -27.530733108520508 -49.695518493652344 50
    endloop
  endfacet
  facet normal 0.44229143975910545 0.8968713856043227 0
    outer loop
      vertex -28 -49.4640998840332 50
      vertex -27.530733108520508 -49.695518493652344 -50
      vertex -28 -49.4640998840332 -50
    endloop
  endfacet
  facet normal 0.751841411423408 0.6593439861474872 0
    outer loop
      vertex -28.828426361083984 -48.828426361083984 50
      vertex -29.173412322998047 -48.43504333496094 -50
      vertex -29.173412322998047 -48.43504333496094 50
    endloop
  endfacet
  facet normal 0.751841411423408 0.6593439861474872 0
    outer loop
      vertex -29.173412322998047 -48.43504333496094 -50
      vertex -28.828426361083984 -48.828426361083984 50
      vertex -28.828426361083984 -48.828426361083984 -50
    endloop
  endfacet
  facet normal -0.1950932201373904 0.9807847039266181 0
    outer loop
      vertex 27.035274505615234 -49.86370086669922 -50
      vertex 26.522104263305664 -49.96577835083008 50
      vertex 27.035274505615234 -49.86370086669922 50
    endloop
  endfacet
  facet normal -0.1950932201373904 0.9807847039266181 0
    outer loop
      vertex 26.522104263305664 -49.96577835083008 50
      vertex 27.035274505615234 -49.86370086669922 -50
      vertex 26.522104263305664 -49.96577835083008 -50
    endloop
  endfacet
  facet normal -0.6593457932372825 0.751839826652126 0
    outer loop
      vertex 28.828426361083984 -48.828426361083984 -50
      vertex 28.43504524230957 -49.17341232299805 50
      vertex 28.828426361083984 -48.828426361083984 50
    endloop
  endfacet
  facet normal -0.6593457932372825 0.751839826652126 0
    outer loop
      vertex 28.43504524230957 -49.17341232299805 50
      vertex 28.828426361083984 -48.828426361083984 -50
      vertex 28.43504524230957 -49.17341232299805 -50
    endloop
  endfacet
  facet normal -0.44229143975910545 0.8968713856043227 0
    outer loop
      vertex 28 -49.4640998840332 -50
      vertex 27.530733108520508 -49.695518493652344 50
      vertex 28 -49.4640998840332 50
    endloop
  endfacet
  facet normal -0.44229143975910545 0.8968713856043227 0
    outer loop
      vertex 27.530733108520508 -49.695518493652344 50
      vertex 28 -49.4640998840332 -50
      vertex 27.530733108520508 -49.695518493652344 -50
    endloop
  endfacet
  facet normal 0.1950932201373904 0.9807847039266181 0
    outer loop
      vertex -26.522104263305664 -49.96577835083008 -50
      vertex -27.035274505615234 -49.86370086669922 50
      vertex -26.522104263305664 -49.96577835083008 50
    endloop
  endfacet
  facet normal 0.1950932201373904 0.9807847039266181 0
    outer loop
      vertex -27.035274505615234 -49.86370086669922 50
      vertex -26.522104263305664 -49.96577835083008 -50
      vertex -27.035274505615234 -49.86370086669922 -50
    endloop
  endfacet
  facet normal 0.3214340501933723 0.9469319676599184 0
    outer loop
      vertex -27.035274505615234 -49.86370086669922 -50
      vertex -27.530733108520508 -49.695518493652344 50
      vertex -27.035274505615234 -49.86370086669922 50
    endloop
  endfacet
  facet normal 0.3214340501933723 0.9469319676599184 0
    outer loop
      vertex -27.530733108520508 -49.695518493652344 50
      vertex -27.035274505615234 -49.86370086669922 -50
      vertex -27.530733108520508 -49.695518493652344 -50
    endloop
  endfacet
  facet normal 0.8314688194409101 0.5555714196190613 0
    outer loop
      vertex -29.173412322998047 -48.43504333496094 50
      vertex -29.464099884033203 -48 -50
      vertex -29.464099884033203 -48 50
    endloop
  endfacet
  facet normal 0.8314688194409101 0.5555714196190613 0
    outer loop
      vertex -29.464099884033203 -48 -50
      vertex -29.173412322998047 -48.43504333496094 50
      vertex -29.173412322998047 -48.43504333496094 -50
    endloop
  endfacet
  facet normal -0.9807855401855947 0.1950890159974446 0
    outer loop
      vertex 29.86370277404785 -47.035274505615234 -50
      vertex 29.965778350830078 -46.52210235595703 50
      vertex 29.965778350830078 -46.52210235595703 -50
    endloop
  endfacet
  facet normal -0.9807855401855947 0.1950890159974446 0
    outer loop
      vertex 29.965778350830078 -46.52210235595703 50
      vertex 29.86370277404785 -47.035274505615234 -50
      vertex 29.86370277404785 -47.035274505615234 50
    endloop
  endfacet
  facet normal -0.8314688194409101 0.5555714196190613 0
    outer loop
      vertex 29.173412322998047 -48.43504333496094 -50
      vertex 29.464099884033203 -48 50
      vertex 29.464099884033203 -48 -50
    endloop
  endfacet
  facet normal -0.8314688194409101 0.5555714196190613 0
    outer loop
      vertex 29.464099884033203 -48 50
      vertex 29.173412322998047 -48.43504333496094 -50
      vertex 29.173412322998047 -48.43504333496094 50
    endloop
  endfacet
  facet normal 0.6593457932372825 0.751839826652126 0
    outer loop
      vertex -28.43504524230957 -49.17341232299805 -50
      vertex -28.828426361083984 -48.828426361083984 50
      vertex -28.43504524230957 -49.17341232299805 50
    endloop
  endfacet
  facet normal 0.6593457932372825 0.751839826652126 0
    outer loop
      vertex -28.828426361083984 -48.828426361083984 50
      vertex -28.43504524230957 -49.17341232299805 -50
      vertex -28.828426361083984 -48.828426361083984 -50
    endloop
  endfacet
  facet normal 0.9469304814439834 0.32143842849333665 0
    outer loop
      vertex -29.695518493652344 -47.530731201171875 50
      vertex -29.86370277404785 -47.035274505615234 -50
      vertex -29.86370277404785 -47.035274505615234 50
    endloop
  endfacet
  facet normal 0.9469304814439834 0.32143842849333665 0
    outer loop
      vertex -29.86370277404785 -47.035274505615234 -50
      vertex -29.695518493652344 -47.530731201171875 50
      vertex -29.695518493652344 -47.530731201171875 -50
    endloop
  endfacet
  facet normal 0.8968720987122667 0.44228999372747985 0
    outer loop
      vertex -29.464099884033203 -48 50
      vertex -29.695518493652344 -47.530731201171875 -50
      vertex -29.695518493652344 -47.530731201171875 50
    endloop
  endfacet
  facet normal 0.8968720987122667 0.44228999372747985 0
    outer loop
      vertex -29.695518493652344 -47.530731201171875 -50
      vertex -29.464099884033203 -48 50
      vertex -29.464099884033203 -48 -50
    endloop
  endfacet
endsolid OpenSCAD_Model
