solid OpenSCAD_Model
  facet normal 0.8577320196057392 0.5140970555673898 0
    outer loop
      vertex -17.079792022705078 -16.555583953857422 -1
      vertex -17.175649642944336 -16.395652770996094 -3
      vertex -17.175649642944336 -16.395652770996094 -1
    endloop
  endfacet
  facet normal 0.8577320196057392 0.5140970555673898 0
    outer loop
      vertex -17.175649642944336 -16.395652770996094 -3
      vertex -17.079792022705078 -16.555583953857422 -1
      vertex -17.079792022705078 -16.555583953857422 -3
    endloop
  endfacet
  facet normal -0.9987953163543718 -0.04907052097308898 0
    outer loop
      vertex -13.59999942779541 -15.5 -3
      vertex -13.609148979187012 -15.313767433166504 -1
      vertex -13.609148979187012 -15.313767433166504 -3
    endloop
  endfacet
  facet normal -0.9987953163543718 -0.04907052097308898 0
    outer loop
      vertex -13.609148979187012 -15.313767433166504 -1
      vertex -13.59999942779541 -15.5 -3
      vertex -13.59999942779541 -15.5 -1
    endloop
  endfacet
  facet normal 0.4275603581330317 0.9039868030857274 0
    outer loop
      vertex -16.22709846496582 -17.25537109375 -3
      vertex -16.395652770996094 -17.175649642944336 -1
      vertex -16.22709846496582 -17.25537109375 -1
    endloop
  endfacet
  facet normal 0.4275603581330317 0.9039868030857274 0
    outer loop
      vertex -16.395652770996094 -17.175649642944336 -1
      vertex -16.22709846496582 -17.25537109375 -3
      vertex -16.395652770996094 -17.175649642944336 -3
    endloop
  endfacet
  facet normal 0.5140970555673898 -0.8577320196057392 0
    outer loop
      vertex -16.555583953857422 -13.920207023620605 -3
      vertex -16.395652770996094 -13.824349403381348 -1
      vertex -16.555583953857422 -13.920207023620605 -1
    endloop
  endfacet
  facet normal 0.5140970555673898 -0.8577320196057392 0
    outer loop
      vertex -16.395652770996094 -13.824349403381348 -1
      vertex -16.555583953857422 -13.920207023620605 -3
      vertex -16.395652770996094 -13.824349403381348 -3
    endloop
  endfacet
  facet normal -0.9987953040384869 0.04907077165346452 0
    outer loop
      vertex -13.609148979187012 -15.68623161315918 -3
      vertex -13.59999942779541 -15.5 -1
      vertex -13.59999942779541 -15.5 -3
    endloop
  endfacet
  facet normal -0.9987953040384869 0.04907077165346452 0
    outer loop
      vertex -13.59999942779541 -15.5 -1
      vertex -13.609148979187012 -15.68623161315918 -3
      vertex -13.609148979187012 -15.68623161315918 -1
    endloop
  endfacet
  facet normal -0.9891772758089653 0.14672531146040976 0
    outer loop
      vertex -13.636507034301758 -15.870671272277832 -3
      vertex -13.609148979187012 -15.68623161315918 -1
      vertex -13.609148979187012 -15.68623161315918 -3
    endloop
  endfacet
  facet normal -0.9891772758089653 0.14672531146040976 0
    outer loop
      vertex -13.609148979187012 -15.68623161315918 -1
      vertex -13.636507034301758 -15.870671272277832 -3
      vertex -13.636507034301758 -15.870671272277832 -1
    endloop
  endfacet
  facet normal -0.9700301735558344 -0.24298449002197162 0
    outer loop
      vertex -13.636507034301758 -15.129327774047852 -3
      vertex -13.68181324005127 -14.948458671569824 -1
      vertex -13.68181324005127 -14.948458671569824 -3
    endloop
  endfacet
  facet normal -0.9700301735558344 -0.24298449002197162 0
    outer loop
      vertex -13.68181324005127 -14.948458671569824 -1
      vertex -13.636507034301758 -15.129327774047852 -3
      vertex -13.636507034301758 -15.129327774047852 -1
    endloop
  endfacet
  facet normal 0.9415457264984477 -0.3368852102905531 0
    outer loop
      vertex -17.318185806274414 -14.948458671569824 -1
      vertex -17.25537109375 -14.772900581359863 -3
      vertex -17.25537109375 -14.772900581359863 -1
    endloop
  endfacet
  facet normal 0.9415457264984477 -0.3368852102905531 0
    outer loop
      vertex -17.25537109375 -14.772900581359863 -3
      vertex -17.318185806274414 -14.948458671569824 -1
      vertex -17.318185806274414 -14.948458671569824 -3
    endloop
  endfacet
  facet normal 0.24298449002197162 -0.9700301735558344 0
    outer loop
      vertex -16.05154037475586 -13.68181324005127 -3
      vertex -15.870671272277832 -13.636507034301758 -1
      vertex -16.05154037475586 -13.68181324005127 -1
    endloop
  endfacet
  facet normal 0.24298449002197162 -0.9700301735558344 0
    outer loop
      vertex -15.870671272277832 -13.636507034301758 -1
      vertex -16.05154037475586 -13.68181324005127 -3
      vertex -15.870671272277832 -13.636507034301758 -3
    endloop
  endfacet
  facet normal 0.7409482977727402 -0.6715620745900404 0
    outer loop
      vertex -16.968719482421875 -14.294651985168457 -1
      vertex -16.843502044677734 -14.15649700164795 -3
      vertex -16.843502044677734 -14.15649700164795 -1
    endloop
  endfacet
  facet normal 0.7409482977727402 -0.6715620745900404 0
    outer loop
      vertex -16.843502044677734 -14.15649700164795 -3
      vertex -16.968719482421875 -14.294651985168457 -1
      vertex -16.968719482421875 -14.294651985168457 -3
    endloop
  endfacet
  facet normal -0.14672531146040976 -0.9891772758089653 0
    outer loop
      vertex -15.313767433166504 -13.609148979187012 -3
      vertex -15.129327774047852 -13.636507034301758 -1
      vertex -15.313767433166504 -13.609148979187012 -1
    endloop
  endfacet
  facet normal -0.14672531146040976 -0.9891772758089653 0
    outer loop
      vertex -15.129327774047852 -13.636507034301758 -1
      vertex -15.313767433166504 -13.609148979187012 -3
      vertex -15.129327774047852 -13.636507034301758 -3
    endloop
  endfacet
  facet normal -0.8577320196057392 0.5140970555673898 0
    outer loop
      vertex -13.920207023620605 -16.555583953857422 -3
      vertex -13.824349403381348 -16.395652770996094 -1
      vertex -13.824349403381348 -16.395652770996094 -3
    endloop
  endfacet
  facet normal -0.8577320196057392 0.5140970555673898 0
    outer loop
      vertex -13.824349403381348 -16.395652770996094 -1
      vertex -13.920207023620605 -16.555583953857422 -3
      vertex -13.920207023620605 -16.555583953857422 -1
    endloop
  endfacet
  facet normal -0.04907052097308898 -0.9987953163543718 0
    outer loop
      vertex -15.5 -13.59999942779541 -3
      vertex -15.313767433166504 -13.609148979187012 -1
      vertex -15.5 -13.59999942779541 -1
    endloop
  endfacet
  facet normal -0.04907052097308898 -0.9987953163543718 0
    outer loop
      vertex -15.313767433166504 -13.609148979187012 -1
      vertex -15.5 -13.59999942779541 -3
      vertex -15.313767433166504 -13.609148979187012 -3
    endloop
  endfacet
  facet normal 0.595701553300181 0.8032058636462706 0
    outer loop
      vertex -16.555583953857422 -17.079792022705078 -3
      vertex -16.705347061157227 -16.968719482421875 -1
      vertex -16.555583953857422 -17.079792022705078 -1
    endloop
  endfacet
  facet normal 0.595701553300181 0.8032058636462706 0
    outer loop
      vertex -16.705347061157227 -16.968719482421875 -1
      vertex -16.555583953857422 -17.079792022705078 -3
      vertex -16.705347061157227 -16.968719482421875 -3
    endloop
  endfacet
  facet normal 0.7409482977727402 0.6715620745900404 0
    outer loop
      vertex -16.843502044677734 -16.843502044677734 -1
      vertex -16.968719482421875 -16.705347061157227 -3
      vertex -16.968719482421875 -16.705347061157227 -1
    endloop
  endfacet
  facet normal 0.7409482977727402 0.6715620745900404 0
    outer loop
      vertex -16.968719482421875 -16.705347061157227 -3
      vertex -16.843502044677734 -16.843502044677734 -1
      vertex -16.843502044677734 -16.843502044677734 -3
    endloop
  endfacet
  facet normal -0.7409482977727402 0.6715620745900404 0
    outer loop
      vertex -14.15649700164795 -16.843502044677734 -3
      vertex -14.031279563903809 -16.705347061157227 -1
      vertex -14.031279563903809 -16.705347061157227 -3
    endloop
  endfacet
  facet normal -0.7409482977727402 0.6715620745900404 0
    outer loop
      vertex -14.031279563903809 -16.705347061157227 -1
      vertex -14.15649700164795 -16.843502044677734 -3
      vertex -14.15649700164795 -16.843502044677734 -1
    endloop
  endfacet
  facet normal 0.989176533463332 0.1467303160409106 0
    outer loop
      vertex -17.36349105834961 -15.870671272277832 -1
      vertex -17.390850067138672 -15.68623161315918 -3
      vertex -17.390850067138672 -15.68623161315918 -1
    endloop
  endfacet
  facet normal 0.989176533463332 0.1467303160409106 0
    outer loop
      vertex -17.390850067138672 -15.68623161315918 -3
      vertex -17.36349105834961 -15.870671272277832 -1
      vertex -17.36349105834961 -15.870671272277832 -3
    endloop
  endfacet
  facet normal -0.8032058636462706 0.595701553300181 0
    outer loop
      vertex -14.031279563903809 -16.705347061157227 -3
      vertex -13.920207023620605 -16.555583953857422 -1
      vertex -13.920207023620605 -16.555583953857422 -3
    endloop
  endfacet
  facet normal -0.8032058636462706 0.595701553300181 0
    outer loop
      vertex -13.920207023620605 -16.555583953857422 -1
      vertex -14.031279563903809 -16.705347061157227 -3
      vertex -14.031279563903809 -16.705347061157227 -1
    endloop
  endfacet
  facet normal -0.9891772758089653 -0.14672531146040976 0
    outer loop
      vertex -13.609148979187012 -15.313767433166504 -3
      vertex -13.636507034301758 -15.129327774047852 -1
      vertex -13.636507034301758 -15.129327774047852 -3
    endloop
  endfacet
  facet normal -0.9891772758089653 -0.14672531146040976 0
    outer loop
      vertex -13.636507034301758 -15.129327774047852 -1
      vertex -13.609148979187012 -15.313767433166504 -3
      vertex -13.609148979187012 -15.313767433166504 -1
    endloop
  endfacet
  facet normal -0.24297967728370956 0.9700313790940499 0
    outer loop
      vertex -14.948458671569824 -17.318185806274414 -3
      vertex -15.129327774047852 -17.36349105834961 -1
      vertex -14.948458671569824 -17.318185806274414 -1
    endloop
  endfacet
  facet normal -0.24297967728370956 0.9700313790940499 0
    outer loop
      vertex -15.129327774047852 -17.36349105834961 -1
      vertex -14.948458671569824 -17.318185806274414 -3
      vertex -15.129327774047852 -17.36349105834961 -3
    endloop
  endfacet
  facet normal -0.9415457264984477 -0.3368852102905531 0
    outer loop
      vertex -13.68181324005127 -14.948458671569824 -3
      vertex -13.744627952575684 -14.772900581359863 -1
      vertex -13.744627952575684 -14.772900581359863 -3
    endloop
  endfacet
  facet normal -0.9415457264984477 -0.3368852102905531 0
    outer loop
      vertex -13.744627952575684 -14.772900581359863 -1
      vertex -13.68181324005127 -14.948458671569824 -3
      vertex -13.68181324005127 -14.948458671569824 -1
    endloop
  endfacet
  facet normal 0.595701553300181 -0.8032058636462706 0
    outer loop
      vertex -16.705347061157227 -14.031279563903809 -3
      vertex -16.555583953857422 -13.920207023620605 -1
      vertex -16.705347061157227 -14.031279563903809 -1
    endloop
  endfacet
  facet normal 0.595701553300181 -0.8032058636462706 0
    outer loop
      vertex -16.555583953857422 -13.920207023620605 -1
      vertex -16.705347061157227 -14.031279563903809 -3
      vertex -16.555583953857422 -13.920207023620605 -3
    endloop
  endfacet
  facet normal -0.9415457264984477 0.3368852102905531 0
    outer loop
      vertex -13.744627952575684 -16.22709846496582 -3
      vertex -13.68181324005127 -16.05154037475586 -1
      vertex -13.68181324005127 -16.05154037475586 -3
    endloop
  endfacet
  facet normal -0.9415457264984477 0.3368852102905531 0
    outer loop
      vertex -13.68181324005127 -16.05154037475586 -1
      vertex -13.744627952575684 -16.22709846496582 -3
      vertex -13.744627952575684 -16.22709846496582 -1
    endloop
  endfacet
  facet normal 0.04907077165346452 0.9987953040384869 0
    outer loop
      vertex -15.5 -17.399999618530273 -3
      vertex -15.68623161315918 -17.390850067138672 -1
      vertex -15.5 -17.399999618530273 -1
    endloop
  endfacet
  facet normal 0.04907077165346452 0.9987953040384869 0
    outer loop
      vertex -15.68623161315918 -17.390850067138672 -1
      vertex -15.5 -17.399999618530273 -3
      vertex -15.68623161315918 -17.390850067138672 -3
    endloop
  endfacet
  facet normal -0.04907052097308898 0.9987953163543718 0
    outer loop
      vertex -15.313767433166504 -17.390850067138672 -3
      vertex -15.5 -17.399999618530273 -1
      vertex -15.313767433166504 -17.390850067138672 -1
    endloop
  endfacet
  facet normal -0.04907052097308898 0.9987953163543718 0
    outer loop
      vertex -15.5 -17.399999618530273 -1
      vertex -15.313767433166504 -17.390850067138672 -3
      vertex -15.5 -17.399999618530273 -3
    endloop
  endfacet
  facet normal -0.9039877380912533 -0.4275583812541387 0
    outer loop
      vertex -13.744627952575684 -14.772900581359863 -3
      vertex -13.824349403381348 -14.604345321655273 -1
      vertex -13.824349403381348 -14.604345321655273 -3
    endloop
  endfacet
  facet normal -0.9039877380912533 -0.4275583812541387 0
    outer loop
      vertex -13.824349403381348 -14.604345321655273 -1
      vertex -13.744627952575684 -14.772900581359863 -3
      vertex -13.744627952575684 -14.772900581359863 -1
    endloop
  endfacet
  facet normal 0.4275603581330317 -0.9039868030857274 0
    outer loop
      vertex -16.395652770996094 -13.824349403381348 -3
      vertex -16.22709846496582 -13.744627952575684 -1
      vertex -16.395652770996094 -13.824349403381348 -1
    endloop
  endfacet
  facet normal 0.4275603581330317 -0.9039868030857274 0
    outer loop
      vertex -16.22709846496582 -13.744627952575684 -1
      vertex -16.395652770996094 -13.824349403381348 -3
      vertex -16.22709846496582 -13.744627952575684 -3
    endloop
  endfacet
  facet normal -0.5141015663138948 -0.8577293159928719 0
    outer loop
      vertex -14.604345321655273 -13.824349403381348 -3
      vertex -14.444416046142578 -13.920207023620605 -1
      vertex -14.604345321655273 -13.824349403381348 -1
    endloop
  endfacet
  facet normal -0.5141015663138948 -0.8577293159928719 0
    outer loop
      vertex -14.444416046142578 -13.920207023620605 -1
      vertex -14.604345321655273 -13.824349403381348 -3
      vertex -14.444416046142578 -13.920207023620605 -3
    endloop
  endfacet
  facet normal -0.7409482977727402 -0.6715620745900404 0
    outer loop
      vertex -14.031279563903809 -14.294651985168457 -3
      vertex -14.15649700164795 -14.15649700164795 -1
      vertex -14.15649700164795 -14.15649700164795 -3
    endloop
  endfacet
  facet normal -0.7409482977727402 -0.6715620745900404 0
    outer loop
      vertex -14.15649700164795 -14.15649700164795 -1
      vertex -14.031279563903809 -14.294651985168457 -3
      vertex -14.031279563903809 -14.294651985168457 -1
    endloop
  endfacet
  facet normal -0.1467303160409106 0.989176533463332 0
    outer loop
      vertex -15.129327774047852 -17.36349105834961 -3
      vertex -15.313767433166504 -17.390850067138672 -1
      vertex -15.129327774047852 -17.36349105834961 -1
    endloop
  endfacet
  facet normal -0.1467303160409106 0.989176533463332 0
    outer loop
      vertex -15.313767433166504 -17.390850067138672 -1
      vertex -15.129327774047852 -17.36349105834961 -3
      vertex -15.313767433166504 -17.390850067138672 -3
    endloop
  endfacet
  facet normal 0.1467303160409106 0.989176533463332 0
    outer loop
      vertex -15.68623161315918 -17.390850067138672 -3
      vertex -15.870671272277832 -17.36349105834961 -1
      vertex -15.68623161315918 -17.390850067138672 -1
    endloop
  endfacet
  facet normal 0.1467303160409106 0.989176533463332 0
    outer loop
      vertex -15.870671272277832 -17.36349105834961 -1
      vertex -15.68623161315918 -17.390850067138672 -3
      vertex -15.870671272277832 -17.36349105834961 -3
    endloop
  endfacet
  facet normal -0.3368852102905531 0.9415457264984477 0
    outer loop
      vertex -14.772900581359863 -17.25537109375 -3
      vertex -14.948458671569824 -17.318185806274414 -1
      vertex -14.772900581359863 -17.25537109375 -1
    endloop
  endfacet
  facet normal -0.3368852102905531 0.9415457264984477 0
    outer loop
      vertex -14.948458671569824 -17.318185806274414 -1
      vertex -14.772900581359863 -17.25537109375 -3
      vertex -14.948458671569824 -17.318185806274414 -3
    endloop
  endfacet
  facet normal -0.5956991060609613 -0.8032076786474165 0
    outer loop
      vertex -14.444416046142578 -13.920207023620605 -3
      vertex -14.294651985168457 -14.031279563903809 -1
      vertex -14.444416046142578 -13.920207023620605 -1
    endloop
  endfacet
  facet normal -0.5956991060609613 -0.8032076786474165 0
    outer loop
      vertex -14.294651985168457 -14.031279563903809 -1
      vertex -14.444416046142578 -13.920207023620605 -3
      vertex -14.294651985168457 -14.031279563903809 -3
    endloop
  endfacet
  facet normal 0.8577293159928719 -0.5141015663138948 0
    outer loop
      vertex -17.175649642944336 -14.604345321655273 -1
      vertex -17.079792022705078 -14.444416046142578 -3
      vertex -17.079792022705078 -14.444416046142578 -1
    endloop
  endfacet
  facet normal 0.8577293159928719 -0.5141015663138948 0
    outer loop
      vertex -17.079792022705078 -14.444416046142578 -3
      vertex -17.175649642944336 -14.604345321655273 -1
      vertex -17.175649642944336 -14.604345321655273 -3
    endloop
  endfacet
  facet normal -0.6715620745900404 0.7409482977727402 0
    outer loop
      vertex -14.15649700164795 -16.843502044677734 -3
      vertex -14.294651985168457 -16.968719482421875 -1
      vertex -14.15649700164795 -16.843502044677734 -1
    endloop
  endfacet
  facet normal -0.6715620745900404 0.7409482977727402 0
    outer loop
      vertex -14.294651985168457 -16.968719482421875 -1
      vertex -14.15649700164795 -16.843502044677734 -3
      vertex -14.294651985168457 -16.968719482421875 -3
    endloop
  endfacet
  facet normal -0.9039868030857274 0.4275603581330317 0
    outer loop
      vertex -13.824349403381348 -16.395652770996094 -3
      vertex -13.744627952575684 -16.22709846496582 -1
      vertex -13.744627952575684 -16.22709846496582 -3
    endloop
  endfacet
  facet normal -0.9039868030857274 0.4275603581330317 0
    outer loop
      vertex -13.744627952575684 -16.22709846496582 -1
      vertex -13.824349403381348 -16.395652770996094 -3
      vertex -13.824349403381348 -16.395652770996094 -1
    endloop
  endfacet
  facet normal 0.9987953163543718 -0.04907052097308898 0
    outer loop
      vertex -17.399999618530273 -15.5 -1
      vertex -17.390850067138672 -15.313767433166504 -3
      vertex -17.390850067138672 -15.313767433166504 -1
    endloop
  endfacet
  facet normal 0.9987953163543718 -0.04907052097308898 0
    outer loop
      vertex -17.390850067138672 -15.313767433166504 -3
      vertex -17.399999618530273 -15.5 -1
      vertex -17.399999618530273 -15.5 -3
    endloop
  endfacet
  facet normal -0.9700301735558344 0.24298449002197162 0
    outer loop
      vertex -13.68181324005127 -16.05154037475586 -3
      vertex -13.636507034301758 -15.870671272277832 -1
      vertex -13.636507034301758 -15.870671272277832 -3
    endloop
  endfacet
  facet normal -0.9700301735558344 0.24298449002197162 0
    outer loop
      vertex -13.636507034301758 -15.870671272277832 -1
      vertex -13.68181324005127 -16.05154037475586 -3
      vertex -13.68181324005127 -16.05154037475586 -1
    endloop
  endfacet
  facet normal 0.9039877380912533 -0.4275583812541387 0
    outer loop
      vertex -17.25537109375 -14.772900581359863 -1
      vertex -17.175649642944336 -14.604345321655273 -3
      vertex -17.175649642944336 -14.604345321655273 -1
    endloop
  endfacet
  facet normal 0.9039877380912533 -0.4275583812541387 0
    outer loop
      vertex -17.175649642944336 -14.604345321655273 -3
      vertex -17.25537109375 -14.772900581359863 -1
      vertex -17.25537109375 -14.772900581359863 -3
    endloop
  endfacet
  facet normal -0.4275583812541387 -0.9039877380912533 0
    outer loop
      vertex -14.772900581359863 -13.744627952575684 -3
      vertex -14.604345321655273 -13.824349403381348 -1
      vertex -14.772900581359863 -13.744627952575684 -1
    endloop
  endfacet
  facet normal -0.4275583812541387 -0.9039877380912533 0
    outer loop
      vertex -14.604345321655273 -13.824349403381348 -1
      vertex -14.772900581359863 -13.744627952575684 -3
      vertex -14.604345321655273 -13.824349403381348 -3
    endloop
  endfacet
  facet normal -0.6715620745900404 -0.7409482977727402 0
    outer loop
      vertex -14.294651985168457 -14.031279563903809 -3
      vertex -14.15649700164795 -14.15649700164795 -1
      vertex -14.294651985168457 -14.031279563903809 -1
    endloop
  endfacet
  facet normal -0.6715620745900404 -0.7409482977727402 0
    outer loop
      vertex -14.15649700164795 -14.15649700164795 -1
      vertex -14.294651985168457 -14.031279563903809 -3
      vertex -14.15649700164795 -14.15649700164795 -3
    endloop
  endfacet
  facet normal -0.8032076786474165 -0.5956991060609613 0
    outer loop
      vertex -13.920207023620605 -14.444416046142578 -3
      vertex -14.031279563903809 -14.294651985168457 -1
      vertex -14.031279563903809 -14.294651985168457 -3
    endloop
  endfacet
  facet normal -0.8032076786474165 -0.5956991060609613 0
    outer loop
      vertex -14.031279563903809 -14.294651985168457 -1
      vertex -13.920207023620605 -14.444416046142578 -3
      vertex -13.920207023620605 -14.444416046142578 -1
    endloop
  endfacet
  facet normal 0.9415457264984477 0.3368852102905531 0
    outer loop
      vertex -17.25537109375 -16.22709846496582 -1
      vertex -17.318185806274414 -16.05154037475586 -3
      vertex -17.318185806274414 -16.05154037475586 -1
    endloop
  endfacet
  facet normal 0.9415457264984477 0.3368852102905531 0
    outer loop
      vertex -17.318185806274414 -16.05154037475586 -3
      vertex -17.25537109375 -16.22709846496582 -1
      vertex -17.25537109375 -16.22709846496582 -3
    endloop
  endfacet
  facet normal 0.8032076786474165 -0.5956991060609613 0
    outer loop
      vertex -17.079792022705078 -14.444416046142578 -1
      vertex -16.968719482421875 -14.294651985168457 -3
      vertex -16.968719482421875 -14.294651985168457 -1
    endloop
  endfacet
  facet normal 0.8032076786474165 -0.5956991060609613 0
    outer loop
      vertex -16.968719482421875 -14.294651985168457 -3
      vertex -17.079792022705078 -14.444416046142578 -1
      vertex -17.079792022705078 -14.444416046142578 -3
    endloop
  endfacet
  facet normal 0.3368852102905531 -0.9415457264984477 0
    outer loop
      vertex -16.22709846496582 -13.744627952575684 -3
      vertex -16.05154037475586 -13.68181324005127 -1
      vertex -16.22709846496582 -13.744627952575684 -1
    endloop
  endfacet
  facet normal 0.3368852102905531 -0.9415457264984477 0
    outer loop
      vertex -16.05154037475586 -13.68181324005127 -1
      vertex -16.22709846496582 -13.744627952575684 -3
      vertex -16.05154037475586 -13.68181324005127 -3
    endloop
  endfacet
  facet normal 0.5140970555673898 0.8577320196057392 0
    outer loop
      vertex -16.395652770996094 -17.175649642944336 -3
      vertex -16.555583953857422 -17.079792022705078 -1
      vertex -16.395652770996094 -17.175649642944336 -1
    endloop
  endfacet
  facet normal 0.5140970555673898 0.8577320196057392 0
    outer loop
      vertex -16.555583953857422 -17.079792022705078 -1
      vertex -16.395652770996094 -17.175649642944336 -3
      vertex -16.555583953857422 -17.079792022705078 -3
    endloop
  endfacet
  facet normal 0.24297967728370956 0.9700313790940499 0
    outer loop
      vertex -15.870671272277832 -17.36349105834961 -3
      vertex -16.05154037475586 -17.318185806274414 -1
      vertex -15.870671272277832 -17.36349105834961 -1
    endloop
  endfacet
  facet normal 0.24297967728370956 0.9700313790940499 0
    outer loop
      vertex -16.05154037475586 -17.318185806274414 -1
      vertex -15.870671272277832 -17.36349105834961 -3
      vertex -16.05154037475586 -17.318185806274414 -3
    endloop
  endfacet
  facet normal 0.8032058636462706 0.595701553300181 0
    outer loop
      vertex -16.968719482421875 -16.705347061157227 -1
      vertex -17.079792022705078 -16.555583953857422 -3
      vertex -17.079792022705078 -16.555583953857422 -1
    endloop
  endfacet
  facet normal 0.8032058636462706 0.595701553300181 0
    outer loop
      vertex -17.079792022705078 -16.555583953857422 -3
      vertex -16.968719482421875 -16.705347061157227 -1
      vertex -16.968719482421875 -16.705347061157227 -3
    endloop
  endfacet
  facet normal 0.3368852102905531 0.9415457264984477 0
    outer loop
      vertex -16.05154037475586 -17.318185806274414 -3
      vertex -16.22709846496582 -17.25537109375 -1
      vertex -16.05154037475586 -17.318185806274414 -1
    endloop
  endfacet
  facet normal 0.3368852102905531 0.9415457264984477 0
    outer loop
      vertex -16.22709846496582 -17.25537109375 -1
      vertex -16.05154037475586 -17.318185806274414 -3
      vertex -16.22709846496582 -17.25537109375 -3
    endloop
  endfacet
  facet normal -0.24298449002197162 -0.9700301735558344 0
    outer loop
      vertex -15.129327774047852 -13.636507034301758 -3
      vertex -14.948458671569824 -13.68181324005127 -1
      vertex -15.129327774047852 -13.636507034301758 -1
    endloop
  endfacet
  facet normal -0.24298449002197162 -0.9700301735558344 0
    outer loop
      vertex -14.948458671569824 -13.68181324005127 -1
      vertex -15.129327774047852 -13.636507034301758 -3
      vertex -14.948458671569824 -13.68181324005127 -3
    endloop
  endfacet
  facet normal -0.8577293159928719 -0.5141015663138948 0
    outer loop
      vertex -13.824349403381348 -14.604345321655273 -3
      vertex -13.920207023620605 -14.444416046142578 -1
      vertex -13.920207023620605 -14.444416046142578 -3
    endloop
  endfacet
  facet normal -0.8577293159928719 -0.5141015663138948 0
    outer loop
      vertex -13.920207023620605 -14.444416046142578 -1
      vertex -13.824349403381348 -14.604345321655273 -3
      vertex -13.824349403381348 -14.604345321655273 -1
    endloop
  endfacet
  facet normal 0.9987953040384869 0.04907077165346452 0
    outer loop
      vertex -17.390850067138672 -15.68623161315918 -1
      vertex -17.399999618530273 -15.5 -3
      vertex -17.399999618530273 -15.5 -1
    endloop
  endfacet
  facet normal 0.9987953040384869 0.04907077165346452 0
    outer loop
      vertex -17.399999618530273 -15.5 -3
      vertex -17.390850067138672 -15.68623161315918 -1
      vertex -17.390850067138672 -15.68623161315918 -3
    endloop
  endfacet
  facet normal 0.6715620745900404 -0.7409482977727402 0
    outer loop
      vertex -16.843502044677734 -14.15649700164795 -3
      vertex -16.705347061157227 -14.031279563903809 -1
      vertex -16.843502044677734 -14.15649700164795 -1
    endloop
  endfacet
  facet normal 0.6715620745900404 -0.7409482977727402 0
    outer loop
      vertex -16.705347061157227 -14.031279563903809 -1
      vertex -16.843502044677734 -14.15649700164795 -3
      vertex -16.705347061157227 -14.031279563903809 -3
    endloop
  endfacet
  facet normal 0.9039868030857274 0.4275603581330317 0
    outer loop
      vertex -17.175649642944336 -16.395652770996094 -1
      vertex -17.25537109375 -16.22709846496582 -3
      vertex -17.25537109375 -16.22709846496582 -1
    endloop
  endfacet
  facet normal 0.9039868030857274 0.4275603581330317 0
    outer loop
      vertex -17.25537109375 -16.22709846496582 -3
      vertex -17.175649642944336 -16.395652770996094 -1
      vertex -17.175649642944336 -16.395652770996094 -3
    endloop
  endfacet
  facet normal 0.989176533463332 -0.1467303160409106 0
    outer loop
      vertex -17.390850067138672 -15.313767433166504 -1
      vertex -17.36349105834961 -15.129327774047852 -3
      vertex -17.36349105834961 -15.129327774047852 -1
    endloop
  endfacet
  facet normal 0.989176533463332 -0.1467303160409106 0
    outer loop
      vertex -17.36349105834961 -15.129327774047852 -3
      vertex -17.390850067138672 -15.313767433166504 -1
      vertex -17.390850067138672 -15.313767433166504 -3
    endloop
  endfacet
  facet normal 0.9700313790940499 0.24297967728370956 0
    outer loop
      vertex -17.318185806274414 -16.05154037475586 -1
      vertex -17.36349105834961 -15.870671272277832 -3
      vertex -17.36349105834961 -15.870671272277832 -1
    endloop
  endfacet
  facet normal 0.9700313790940499 0.24297967728370956 0
    outer loop
      vertex -17.36349105834961 -15.870671272277832 -3
      vertex -17.318185806274414 -16.05154037475586 -1
      vertex -17.318185806274414 -16.05154037475586 -3
    endloop
  endfacet
  facet normal -0.5141015663138948 0.8577293159928719 0
    outer loop
      vertex -14.444416046142578 -17.079792022705078 -3
      vertex -14.604345321655273 -17.175649642944336 -1
      vertex -14.444416046142578 -17.079792022705078 -1
    endloop
  endfacet
  facet normal -0.5141015663138948 0.8577293159928719 0
    outer loop
      vertex -14.604345321655273 -17.175649642944336 -1
      vertex -14.444416046142578 -17.079792022705078 -3
      vertex -14.604345321655273 -17.175649642944336 -3
    endloop
  endfacet
  facet normal -0.5956991060609613 0.8032076786474165 0
    outer loop
      vertex -14.294651985168457 -16.968719482421875 -3
      vertex -14.444416046142578 -17.079792022705078 -1
      vertex -14.294651985168457 -16.968719482421875 -1
    endloop
  endfacet
  facet normal -0.5956991060609613 0.8032076786474165 0
    outer loop
      vertex -14.444416046142578 -17.079792022705078 -1
      vertex -14.294651985168457 -16.968719482421875 -3
      vertex -14.444416046142578 -17.079792022705078 -3
    endloop
  endfacet
  facet normal 0.04907077165346452 -0.9987953040384869 0
    outer loop
      vertex -15.68623161315918 -13.609148979187012 -3
      vertex -15.5 -13.59999942779541 -1
      vertex -15.68623161315918 -13.609148979187012 -1
    endloop
  endfacet
  facet normal 0.04907077165346452 -0.9987953040384869 0
    outer loop
      vertex -15.5 -13.59999942779541 -1
      vertex -15.68623161315918 -13.609148979187012 -3
      vertex -15.5 -13.59999942779541 -3
    endloop
  endfacet
  facet normal -0.4275583812541387 0.9039877380912533 0
    outer loop
      vertex -14.604345321655273 -17.175649642944336 -3
      vertex -14.772900581359863 -17.25537109375 -1
      vertex -14.604345321655273 -17.175649642944336 -1
    endloop
  endfacet
  facet normal -0.4275583812541387 0.9039877380912533 0
    outer loop
      vertex -14.772900581359863 -17.25537109375 -1
      vertex -14.604345321655273 -17.175649642944336 -3
      vertex -14.772900581359863 -17.25537109375 -3
    endloop
  endfacet
  facet normal -0.3368852102905531 -0.9415457264984477 0
    outer loop
      vertex -14.948458671569824 -13.68181324005127 -3
      vertex -14.772900581359863 -13.744627952575684 -1
      vertex -14.948458671569824 -13.68181324005127 -1
    endloop
  endfacet
  facet normal -0.3368852102905531 -0.9415457264984477 0
    outer loop
      vertex -14.772900581359863 -13.744627952575684 -1
      vertex -14.948458671569824 -13.68181324005127 -3
      vertex -14.772900581359863 -13.744627952575684 -3
    endloop
  endfacet
  facet normal 0.9700313790940499 -0.24297967728370956 0
    outer loop
      vertex -17.36349105834961 -15.129327774047852 -1
      vertex -17.318185806274414 -14.948458671569824 -3
      vertex -17.318185806274414 -14.948458671569824 -1
    endloop
  endfacet
  facet normal 0.9700313790940499 -0.24297967728370956 0
    outer loop
      vertex -17.318185806274414 -14.948458671569824 -3
      vertex -17.36349105834961 -15.129327774047852 -1
      vertex -17.36349105834961 -15.129327774047852 -3
    endloop
  endfacet
  facet normal 0.14672531146040976 -0.9891772758089653 0
    outer loop
      vertex -15.870671272277832 -13.636507034301758 -3
      vertex -15.68623161315918 -13.609148979187012 -1
      vertex -15.870671272277832 -13.636507034301758 -1
    endloop
  endfacet
  facet normal 0.14672531146040976 -0.9891772758089653 0
    outer loop
      vertex -15.68623161315918 -13.609148979187012 -1
      vertex -15.870671272277832 -13.636507034301758 -3
      vertex -15.68623161315918 -13.609148979187012 -3
    endloop
  endfacet
  facet normal 0.6715620745900404 0.7409482977727402 0
    outer loop
      vertex -16.705347061157227 -16.968719482421875 -3
      vertex -16.843502044677734 -16.843502044677734 -1
      vertex -16.705347061157227 -16.968719482421875 -1
    endloop
  endfacet
  facet normal 0.6715620745900404 0.7409482977727402 0
    outer loop
      vertex -16.843502044677734 -16.843502044677734 -1
      vertex -16.705347061157227 -16.968719482421875 -3
      vertex -16.843502044677734 -16.843502044677734 -3
    endloop
  endfacet
  facet normal -0.8577293159928719 0.5141015663138948 0
    outer loop
      vertex -13.920207023620605 14.444416046142578 -3
      vertex -13.824349403381348 14.604345321655273 -1
      vertex -13.824349403381348 14.604345321655273 -3
    endloop
  endfacet
  facet normal -0.8577293159928719 0.5141015663138948 0
    outer loop
      vertex -13.824349403381348 14.604345321655273 -1
      vertex -13.920207023620605 14.444416046142578 -3
      vertex -13.920207023620605 14.444416046142578 -1
    endloop
  endfacet
  facet normal -0.9987953040384869 -0.04907077165346452 0
    outer loop
      vertex -13.59999942779541 15.5 -3
      vertex -13.609148979187012 15.68623161315918 -1
      vertex -13.609148979187012 15.68623161315918 -3
    endloop
  endfacet
  facet normal -0.9987953040384869 -0.04907077165346452 0
    outer loop
      vertex -13.609148979187012 15.68623161315918 -1
      vertex -13.59999942779541 15.5 -3
      vertex -13.59999942779541 15.5 -1
    endloop
  endfacet
  facet normal 0.9039868030857274 -0.4275603581330317 0
    outer loop
      vertex -17.25537109375 16.22709846496582 -1
      vertex -17.175649642944336 16.395652770996094 -3
      vertex -17.175649642944336 16.395652770996094 -1
    endloop
  endfacet
  facet normal 0.9039868030857274 -0.4275603581330317 0
    outer loop
      vertex -17.175649642944336 16.395652770996094 -3
      vertex -17.25537109375 16.22709846496582 -1
      vertex -17.25537109375 16.22709846496582 -3
    endloop
  endfacet
  facet normal 0.04907077165346452 -0.9987953040384869 0
    outer loop
      vertex -15.68623161315918 17.390850067138672 -3
      vertex -15.5 17.399999618530273 -1
      vertex -15.68623161315918 17.390850067138672 -1
    endloop
  endfacet
  facet normal 0.04907077165346452 -0.9987953040384869 0
    outer loop
      vertex -15.5 17.399999618530273 -1
      vertex -15.68623161315918 17.390850067138672 -3
      vertex -15.5 17.399999618530273 -3
    endloop
  endfacet
  facet normal 0.14672531146040976 0.9891772758089653 0
    outer loop
      vertex -15.68623161315918 13.609148979187012 -3
      vertex -15.870671272277832 13.636507034301758 -1
      vertex -15.68623161315918 13.609148979187012 -1
    endloop
  endfacet
  facet normal 0.14672531146040976 0.9891772758089653 0
    outer loop
      vertex -15.870671272277832 13.636507034301758 -1
      vertex -15.68623161315918 13.609148979187012 -3
      vertex -15.870671272277832 13.636507034301758 -3
    endloop
  endfacet
  facet normal -0.5141015663138948 -0.8577293159928719 0
    outer loop
      vertex -14.604345321655273 17.175649642944336 -3
      vertex -14.444416046142578 17.079792022705078 -1
      vertex -14.604345321655273 17.175649642944336 -1
    endloop
  endfacet
  facet normal -0.5141015663138948 -0.8577293159928719 0
    outer loop
      vertex -14.444416046142578 17.079792022705078 -1
      vertex -14.604345321655273 17.175649642944336 -3
      vertex -14.444416046142578 17.079792022705078 -3
    endloop
  endfacet
  facet normal 0.9700313790940499 -0.24297967728370956 0
    outer loop
      vertex -17.36349105834961 15.870671272277832 -1
      vertex -17.318185806274414 16.05154037475586 -3
      vertex -17.318185806274414 16.05154037475586 -1
    endloop
  endfacet
  facet normal 0.9700313790940499 -0.24297967728370956 0
    outer loop
      vertex -17.318185806274414 16.05154037475586 -3
      vertex -17.36349105834961 15.870671272277832 -1
      vertex -17.36349105834961 15.870671272277832 -3
    endloop
  endfacet
  facet normal -0.4275583812541387 -0.9039877380912533 0
    outer loop
      vertex -14.772900581359863 17.25537109375 -3
      vertex -14.604345321655273 17.175649642944336 -1
      vertex -14.772900581359863 17.25537109375 -1
    endloop
  endfacet
  facet normal -0.4275583812541387 -0.9039877380912533 0
    outer loop
      vertex -14.604345321655273 17.175649642944336 -1
      vertex -14.772900581359863 17.25537109375 -3
      vertex -14.604345321655273 17.175649642944336 -3
    endloop
  endfacet
  facet normal 0.1467303160409106 -0.989176533463332 0
    outer loop
      vertex -15.870671272277832 17.36349105834961 -3
      vertex -15.68623161315918 17.390850067138672 -1
      vertex -15.870671272277832 17.36349105834961 -1
    endloop
  endfacet
  facet normal 0.1467303160409106 -0.989176533463332 0
    outer loop
      vertex -15.68623161315918 17.390850067138672 -1
      vertex -15.870671272277832 17.36349105834961 -3
      vertex -15.68623161315918 17.390850067138672 -3
    endloop
  endfacet
  facet normal 0.7409482977727402 -0.6715620745900404 0
    outer loop
      vertex -16.968719482421875 16.705347061157227 -1
      vertex -16.843502044677734 16.843502044677734 -3
      vertex -16.843502044677734 16.843502044677734 -1
    endloop
  endfacet
  facet normal 0.7409482977727402 -0.6715620745900404 0
    outer loop
      vertex -16.843502044677734 16.843502044677734 -3
      vertex -16.968719482421875 16.705347061157227 -1
      vertex -16.968719482421875 16.705347061157227 -3
    endloop
  endfacet
  facet normal 0.6715620745900404 -0.7409482977727402 0
    outer loop
      vertex -16.843502044677734 16.843502044677734 -3
      vertex -16.705347061157227 16.968719482421875 -1
      vertex -16.843502044677734 16.843502044677734 -1
    endloop
  endfacet
  facet normal 0.6715620745900404 -0.7409482977727402 0
    outer loop
      vertex -16.705347061157227 16.968719482421875 -1
      vertex -16.843502044677734 16.843502044677734 -3
      vertex -16.705347061157227 16.968719482421875 -3
    endloop
  endfacet
  facet normal 0.24297967728370956 -0.9700313790940499 0
    outer loop
      vertex -16.05154037475586 17.318185806274414 -3
      vertex -15.870671272277832 17.36349105834961 -1
      vertex -16.05154037475586 17.318185806274414 -1
    endloop
  endfacet
  facet normal 0.24297967728370956 -0.9700313790940499 0
    outer loop
      vertex -15.870671272277832 17.36349105834961 -1
      vertex -16.05154037475586 17.318185806274414 -3
      vertex -15.870671272277832 17.36349105834961 -3
    endloop
  endfacet
  facet normal 0.3368852102905531 0.9415457264984477 0
    outer loop
      vertex -16.05154037475586 13.68181324005127 -3
      vertex -16.22709846496582 13.744627952575684 -1
      vertex -16.05154037475586 13.68181324005127 -1
    endloop
  endfacet
  facet normal 0.3368852102905531 0.9415457264984477 0
    outer loop
      vertex -16.22709846496582 13.744627952575684 -1
      vertex -16.05154037475586 13.68181324005127 -3
      vertex -16.22709846496582 13.744627952575684 -3
    endloop
  endfacet
  facet normal -0.9415457264984477 -0.3368852102905531 0
    outer loop
      vertex -13.68181324005127 16.05154037475586 -3
      vertex -13.744627952575684 16.22709846496582 -1
      vertex -13.744627952575684 16.22709846496582 -3
    endloop
  endfacet
  facet normal -0.9415457264984477 -0.3368852102905531 0
    outer loop
      vertex -13.744627952575684 16.22709846496582 -1
      vertex -13.68181324005127 16.05154037475586 -3
      vertex -13.68181324005127 16.05154037475586 -1
    endloop
  endfacet
  facet normal 0.9415457264984477 0.3368852102905531 0
    outer loop
      vertex -17.25537109375 14.772900581359863 -1
      vertex -17.318185806274414 14.948458671569824 -3
      vertex -17.318185806274414 14.948458671569824 -1
    endloop
  endfacet
  facet normal 0.9415457264984477 0.3368852102905531 0
    outer loop
      vertex -17.318185806274414 14.948458671569824 -3
      vertex -17.25537109375 14.772900581359863 -1
      vertex -17.25537109375 14.772900581359863 -3
    endloop
  endfacet
  facet normal 0.595701553300181 0.8032058636462706 0
    outer loop
      vertex -16.555583953857422 13.920207023620605 -3
      vertex -16.705347061157227 14.031279563903809 -1
      vertex -16.555583953857422 13.920207023620605 -1
    endloop
  endfacet
  facet normal 0.595701553300181 0.8032058636462706 0
    outer loop
      vertex -16.705347061157227 14.031279563903809 -1
      vertex -16.555583953857422 13.920207023620605 -3
      vertex -16.705347061157227 14.031279563903809 -3
    endloop
  endfacet
  facet normal -0.9891772758089653 -0.14672531146040976 0
    outer loop
      vertex -13.609148979187012 15.68623161315918 -3
      vertex -13.636507034301758 15.870671272277832 -1
      vertex -13.636507034301758 15.870671272277832 -3
    endloop
  endfacet
  facet normal -0.9891772758089653 -0.14672531146040976 0
    outer loop
      vertex -13.636507034301758 15.870671272277832 -1
      vertex -13.609148979187012 15.68623161315918 -3
      vertex -13.609148979187012 15.68623161315918 -1
    endloop
  endfacet
  facet normal -0.9700301735558344 -0.24298449002197162 0
    outer loop
      vertex -13.636507034301758 15.870671272277832 -3
      vertex -13.68181324005127 16.05154037475586 -1
      vertex -13.68181324005127 16.05154037475586 -3
    endloop
  endfacet
  facet normal -0.9700301735558344 -0.24298449002197162 0
    outer loop
      vertex -13.68181324005127 16.05154037475586 -1
      vertex -13.636507034301758 15.870671272277832 -3
      vertex -13.636507034301758 15.870671272277832 -1
    endloop
  endfacet
  facet normal -0.9039868030857274 -0.4275603581330317 0
    outer loop
      vertex -13.744627952575684 16.22709846496582 -3
      vertex -13.824349403381348 16.395652770996094 -1
      vertex -13.824349403381348 16.395652770996094 -3
    endloop
  endfacet
  facet normal -0.9039868030857274 -0.4275603581330317 0
    outer loop
      vertex -13.824349403381348 16.395652770996094 -1
      vertex -13.744627952575684 16.22709846496582 -3
      vertex -13.744627952575684 16.22709846496582 -1
    endloop
  endfacet
  facet normal 0.595701553300181 -0.8032058636462706 0
    outer loop
      vertex -16.705347061157227 16.968719482421875 -3
      vertex -16.555583953857422 17.079792022705078 -1
      vertex -16.705347061157227 16.968719482421875 -1
    endloop
  endfacet
  facet normal 0.595701553300181 -0.8032058636462706 0
    outer loop
      vertex -16.555583953857422 17.079792022705078 -1
      vertex -16.705347061157227 16.968719482421875 -3
      vertex -16.555583953857422 17.079792022705078 -3
    endloop
  endfacet
  facet normal -0.9415457264984477 0.3368852102905531 0
    outer loop
      vertex -13.744627952575684 14.772900581359863 -3
      vertex -13.68181324005127 14.948458671569824 -1
      vertex -13.68181324005127 14.948458671569824 -3
    endloop
  endfacet
  facet normal -0.9415457264984477 0.3368852102905531 0
    outer loop
      vertex -13.68181324005127 14.948458671569824 -1
      vertex -13.744627952575684 14.772900581359863 -3
      vertex -13.744627952575684 14.772900581359863 -1
    endloop
  endfacet
  facet normal -0.6715620745900404 -0.7409482977727402 0
    outer loop
      vertex -14.294651985168457 16.968719482421875 -3
      vertex -14.15649700164795 16.843502044677734 -1
      vertex -14.294651985168457 16.968719482421875 -1
    endloop
  endfacet
  facet normal -0.6715620745900404 -0.7409482977727402 0
    outer loop
      vertex -14.15649700164795 16.843502044677734 -1
      vertex -14.294651985168457 16.968719482421875 -3
      vertex -14.15649700164795 16.843502044677734 -3
    endloop
  endfacet
  facet normal -0.9987953163543718 0.04907052097308898 0
    outer loop
      vertex -13.609148979187012 15.313767433166504 -3
      vertex -13.59999942779541 15.5 -1
      vertex -13.59999942779541 15.5 -3
    endloop
  endfacet
  facet normal -0.9987953163543718 0.04907052097308898 0
    outer loop
      vertex -13.59999942779541 15.5 -1
      vertex -13.609148979187012 15.313767433166504 -3
      vertex -13.609148979187012 15.313767433166504 -1
    endloop
  endfacet
  facet normal -0.5956991060609613 0.8032076786474165 0
    outer loop
      vertex -14.294651985168457 14.031279563903809 -3
      vertex -14.444416046142578 13.920207023620605 -1
      vertex -14.294651985168457 14.031279563903809 -1
    endloop
  endfacet
  facet normal -0.5956991060609613 0.8032076786474165 0
    outer loop
      vertex -14.444416046142578 13.920207023620605 -1
      vertex -14.294651985168457 14.031279563903809 -3
      vertex -14.444416046142578 13.920207023620605 -3
    endloop
  endfacet
  facet normal -0.14672531146040976 0.9891772758089653 0
    outer loop
      vertex -15.129327774047852 13.636507034301758 -3
      vertex -15.313767433166504 13.609148979187012 -1
      vertex -15.129327774047852 13.636507034301758 -1
    endloop
  endfacet
  facet normal -0.14672531146040976 0.9891772758089653 0
    outer loop
      vertex -15.313767433166504 13.609148979187012 -1
      vertex -15.129327774047852 13.636507034301758 -3
      vertex -15.313767433166504 13.609148979187012 -3
    endloop
  endfacet
  facet normal -0.4275583812541387 0.9039877380912533 0
    outer loop
      vertex -14.604345321655273 13.824349403381348 -3
      vertex -14.772900581359863 13.744627952575684 -1
      vertex -14.604345321655273 13.824349403381348 -1
    endloop
  endfacet
  facet normal -0.4275583812541387 0.9039877380912533 0
    outer loop
      vertex -14.772900581359863 13.744627952575684 -1
      vertex -14.604345321655273 13.824349403381348 -3
      vertex -14.772900581359863 13.744627952575684 -3
    endloop
  endfacet
  facet normal -0.7409482977727402 0.6715620745900404 0
    outer loop
      vertex -14.15649700164795 14.15649700164795 -3
      vertex -14.031279563903809 14.294651985168457 -1
      vertex -14.031279563903809 14.294651985168457 -3
    endloop
  endfacet
  facet normal -0.7409482977727402 0.6715620745900404 0
    outer loop
      vertex -14.031279563903809 14.294651985168457 -1
      vertex -14.15649700164795 14.15649700164795 -3
      vertex -14.15649700164795 14.15649700164795 -1
    endloop
  endfacet
  facet normal -0.24297967728370956 -0.9700313790940499 0
    outer loop
      vertex -15.129327774047852 17.36349105834961 -3
      vertex -14.948458671569824 17.318185806274414 -1
      vertex -15.129327774047852 17.36349105834961 -1
    endloop
  endfacet
  facet normal -0.24297967728370956 -0.9700313790940499 0
    outer loop
      vertex -14.948458671569824 17.318185806274414 -1
      vertex -15.129327774047852 17.36349105834961 -3
      vertex -14.948458671569824 17.318185806274414 -3
    endloop
  endfacet
  facet normal -0.3368852102905531 -0.9415457264984477 0
    outer loop
      vertex -14.948458671569824 17.318185806274414 -3
      vertex -14.772900581359863 17.25537109375 -1
      vertex -14.948458671569824 17.318185806274414 -1
    endloop
  endfacet
  facet normal -0.3368852102905531 -0.9415457264984477 0
    outer loop
      vertex -14.772900581359863 17.25537109375 -1
      vertex -14.948458671569824 17.318185806274414 -3
      vertex -14.772900581359863 17.25537109375 -3
    endloop
  endfacet
  facet normal -0.6715620745900404 0.7409482977727402 0
    outer loop
      vertex -14.15649700164795 14.15649700164795 -3
      vertex -14.294651985168457 14.031279563903809 -1
      vertex -14.15649700164795 14.15649700164795 -1
    endloop
  endfacet
  facet normal -0.6715620745900404 0.7409482977727402 0
    outer loop
      vertex -14.294651985168457 14.031279563903809 -1
      vertex -14.15649700164795 14.15649700164795 -3
      vertex -14.294651985168457 14.031279563903809 -3
    endloop
  endfacet
  facet normal 0.9415457264984477 -0.3368852102905531 0
    outer loop
      vertex -17.318185806274414 16.05154037475586 -1
      vertex -17.25537109375 16.22709846496582 -3
      vertex -17.25537109375 16.22709846496582 -1
    endloop
  endfacet
  facet normal 0.9415457264984477 -0.3368852102905531 0
    outer loop
      vertex -17.25537109375 16.22709846496582 -3
      vertex -17.318185806274414 16.05154037475586 -1
      vertex -17.318185806274414 16.05154037475586 -3
    endloop
  endfacet
  facet normal 0.5140970555673898 -0.8577320196057392 0
    outer loop
      vertex -16.555583953857422 17.079792022705078 -3
      vertex -16.395652770996094 17.175649642944336 -1
      vertex -16.555583953857422 17.079792022705078 -1
    endloop
  endfacet
  facet normal 0.5140970555673898 -0.8577320196057392 0
    outer loop
      vertex -16.395652770996094 17.175649642944336 -1
      vertex -16.555583953857422 17.079792022705078 -3
      vertex -16.395652770996094 17.175649642944336 -3
    endloop
  endfacet
  facet normal 0.989176533463332 0.1467303160409106 0
    outer loop
      vertex -17.36349105834961 15.129327774047852 -1
      vertex -17.390850067138672 15.313767433166504 -3
      vertex -17.390850067138672 15.313767433166504 -1
    endloop
  endfacet
  facet normal 0.989176533463332 0.1467303160409106 0
    outer loop
      vertex -17.390850067138672 15.313767433166504 -3
      vertex -17.36349105834961 15.129327774047852 -1
      vertex -17.36349105834961 15.129327774047852 -3
    endloop
  endfacet
  facet normal -0.9039877380912533 0.4275583812541387 0
    outer loop
      vertex -13.824349403381348 14.604345321655273 -3
      vertex -13.744627952575684 14.772900581359863 -1
      vertex -13.744627952575684 14.772900581359863 -3
    endloop
  endfacet
  facet normal -0.9039877380912533 0.4275583812541387 0
    outer loop
      vertex -13.744627952575684 14.772900581359863 -1
      vertex -13.824349403381348 14.604345321655273 -3
      vertex -13.824349403381348 14.604345321655273 -1
    endloop
  endfacet
  facet normal 0.24298449002197162 0.9700301735558344 0
    outer loop
      vertex -15.870671272277832 13.636507034301758 -3
      vertex -16.05154037475586 13.68181324005127 -1
      vertex -15.870671272277832 13.636507034301758 -1
    endloop
  endfacet
  facet normal 0.24298449002197162 0.9700301735558344 0
    outer loop
      vertex -16.05154037475586 13.68181324005127 -1
      vertex -15.870671272277832 13.636507034301758 -3
      vertex -16.05154037475586 13.68181324005127 -3
    endloop
  endfacet
  facet normal -0.8032076786474165 0.5956991060609613 0
    outer loop
      vertex -14.031279563903809 14.294651985168457 -3
      vertex -13.920207023620605 14.444416046142578 -1
      vertex -13.920207023620605 14.444416046142578 -3
    endloop
  endfacet
  facet normal -0.8032076786474165 0.5956991060609613 0
    outer loop
      vertex -13.920207023620605 14.444416046142578 -1
      vertex -14.031279563903809 14.294651985168457 -3
      vertex -14.031279563903809 14.294651985168457 -1
    endloop
  endfacet
  facet normal -0.9891772758089653 0.14672531146040976 0
    outer loop
      vertex -13.636507034301758 15.129327774047852 -3
      vertex -13.609148979187012 15.313767433166504 -1
      vertex -13.609148979187012 15.313767433166504 -3
    endloop
  endfacet
  facet normal -0.9891772758089653 0.14672531146040976 0
    outer loop
      vertex -13.609148979187012 15.313767433166504 -1
      vertex -13.636507034301758 15.129327774047852 -3
      vertex -13.636507034301758 15.129327774047852 -1
    endloop
  endfacet
  facet normal 0.8032076786474165 0.5956991060609613 0
    outer loop
      vertex -16.968719482421875 14.294651985168457 -1
      vertex -17.079792022705078 14.444416046142578 -3
      vertex -17.079792022705078 14.444416046142578 -1
    endloop
  endfacet
  facet normal 0.8032076786474165 0.5956991060609613 0
    outer loop
      vertex -17.079792022705078 14.444416046142578 -3
      vertex -16.968719482421875 14.294651985168457 -1
      vertex -16.968719482421875 14.294651985168457 -3
    endloop
  endfacet
  facet normal -0.8577320196057392 -0.5140970555673898 0
    outer loop
      vertex -13.824349403381348 16.395652770996094 -3
      vertex -13.920207023620605 16.555583953857422 -1
      vertex -13.920207023620605 16.555583953857422 -3
    endloop
  endfacet
  facet normal -0.8577320196057392 -0.5140970555673898 0
    outer loop
      vertex -13.920207023620605 16.555583953857422 -1
      vertex -13.824349403381348 16.395652770996094 -3
      vertex -13.824349403381348 16.395652770996094 -1
    endloop
  endfacet
  facet normal -0.9700301735558344 0.24298449002197162 0
    outer loop
      vertex -13.68181324005127 14.948458671569824 -3
      vertex -13.636507034301758 15.129327774047852 -1
      vertex -13.636507034301758 15.129327774047852 -3
    endloop
  endfacet
  facet normal -0.9700301735558344 0.24298449002197162 0
    outer loop
      vertex -13.636507034301758 15.129327774047852 -1
      vertex -13.68181324005127 14.948458671569824 -3
      vertex -13.68181324005127 14.948458671569824 -1
    endloop
  endfacet
  facet normal -0.5956991060609613 -0.8032076786474165 0
    outer loop
      vertex -14.444416046142578 17.079792022705078 -3
      vertex -14.294651985168457 16.968719482421875 -1
      vertex -14.444416046142578 17.079792022705078 -1
    endloop
  endfacet
  facet normal -0.5956991060609613 -0.8032076786474165 0
    outer loop
      vertex -14.294651985168457 16.968719482421875 -1
      vertex -14.444416046142578 17.079792022705078 -3
      vertex -14.294651985168457 16.968719482421875 -3
    endloop
  endfacet
  facet normal 0.9700313790940499 0.24297967728370956 0
    outer loop
      vertex -17.318185806274414 14.948458671569824 -1
      vertex -17.36349105834961 15.129327774047852 -3
      vertex -17.36349105834961 15.129327774047852 -1
    endloop
  endfacet
  facet normal 0.9700313790940499 0.24297967728370956 0
    outer loop
      vertex -17.36349105834961 15.129327774047852 -3
      vertex -17.318185806274414 14.948458671569824 -1
      vertex -17.318185806274414 14.948458671569824 -3
    endloop
  endfacet
  facet normal -0.04907052097308898 -0.9987953163543718 0
    outer loop
      vertex -15.5 17.399999618530273 -3
      vertex -15.313767433166504 17.390850067138672 -1
      vertex -15.5 17.399999618530273 -1
    endloop
  endfacet
  facet normal -0.04907052097308898 -0.9987953163543718 0
    outer loop
      vertex -15.313767433166504 17.390850067138672 -1
      vertex -15.5 17.399999618530273 -3
      vertex -15.313767433166504 17.390850067138672 -3
    endloop
  endfacet
  facet normal -0.5141015663138948 0.8577293159928719 0
    outer loop
      vertex -14.444416046142578 13.920207023620605 -3
      vertex -14.604345321655273 13.824349403381348 -1
      vertex -14.444416046142578 13.920207023620605 -1
    endloop
  endfacet
  facet normal -0.5141015663138948 0.8577293159928719 0
    outer loop
      vertex -14.604345321655273 13.824349403381348 -1
      vertex -14.444416046142578 13.920207023620605 -3
      vertex -14.604345321655273 13.824349403381348 -3
    endloop
  endfacet
  facet normal -0.1467303160409106 -0.989176533463332 0
    outer loop
      vertex -15.313767433166504 17.390850067138672 -3
      vertex -15.129327774047852 17.36349105834961 -1
      vertex -15.313767433166504 17.390850067138672 -1
    endloop
  endfacet
  facet normal -0.1467303160409106 -0.989176533463332 0
    outer loop
      vertex -15.129327774047852 17.36349105834961 -1
      vertex -15.313767433166504 17.390850067138672 -3
      vertex -15.129327774047852 17.36349105834961 -3
    endloop
  endfacet
  facet normal 0.9987953163543718 0.04907052097308898 0
    outer loop
      vertex -17.390850067138672 15.313767433166504 -1
      vertex -17.399999618530273 15.5 -3
      vertex -17.399999618530273 15.5 -1
    endloop
  endfacet
  facet normal 0.9987953163543718 0.04907052097308898 0
    outer loop
      vertex -17.399999618530273 15.5 -3
      vertex -17.390850067138672 15.313767433166504 -1
      vertex -17.390850067138672 15.313767433166504 -3
    endloop
  endfacet
  facet normal 0.5140970555673898 0.8577320196057392 0
    outer loop
      vertex -16.395652770996094 13.824349403381348 -3
      vertex -16.555583953857422 13.920207023620605 -1
      vertex -16.395652770996094 13.824349403381348 -1
    endloop
  endfacet
  facet normal 0.5140970555673898 0.8577320196057392 0
    outer loop
      vertex -16.555583953857422 13.920207023620605 -1
      vertex -16.395652770996094 13.824349403381348 -3
      vertex -16.555583953857422 13.920207023620605 -3
    endloop
  endfacet
  facet normal 0.8577320196057392 -0.5140970555673898 0
    outer loop
      vertex -17.175649642944336 16.395652770996094 -1
      vertex -17.079792022705078 16.555583953857422 -3
      vertex -17.079792022705078 16.555583953857422 -1
    endloop
  endfacet
  facet normal 0.8577320196057392 -0.5140970555673898 0
    outer loop
      vertex -17.079792022705078 16.555583953857422 -3
      vertex -17.175649642944336 16.395652770996094 -1
      vertex -17.175649642944336 16.395652770996094 -3
    endloop
  endfacet
  facet normal 0.4275603581330317 -0.9039868030857274 0
    outer loop
      vertex -16.395652770996094 17.175649642944336 -3
      vertex -16.22709846496582 17.25537109375 -1
      vertex -16.395652770996094 17.175649642944336 -1
    endloop
  endfacet
  facet normal 0.4275603581330317 -0.9039868030857274 0
    outer loop
      vertex -16.22709846496582 17.25537109375 -1
      vertex -16.395652770996094 17.175649642944336 -3
      vertex -16.22709846496582 17.25537109375 -3
    endloop
  endfacet
  facet normal -0.7409482977727402 -0.6715620745900404 0
    outer loop
      vertex -14.031279563903809 16.705347061157227 -3
      vertex -14.15649700164795 16.843502044677734 -1
      vertex -14.15649700164795 16.843502044677734 -3
    endloop
  endfacet
  facet normal -0.7409482977727402 -0.6715620745900404 0
    outer loop
      vertex -14.15649700164795 16.843502044677734 -1
      vertex -14.031279563903809 16.705347061157227 -3
      vertex -14.031279563903809 16.705347061157227 -1
    endloop
  endfacet
  facet normal -0.8032058636462706 -0.595701553300181 0
    outer loop
      vertex -13.920207023620605 16.555583953857422 -3
      vertex -14.031279563903809 16.705347061157227 -1
      vertex -14.031279563903809 16.705347061157227 -3
    endloop
  endfacet
  facet normal -0.8032058636462706 -0.595701553300181 0
    outer loop
      vertex -14.031279563903809 16.705347061157227 -1
      vertex -13.920207023620605 16.555583953857422 -3
      vertex -13.920207023620605 16.555583953857422 -1
    endloop
  endfacet
  facet normal 0.989176533463332 -0.1467303160409106 0
    outer loop
      vertex -17.390850067138672 15.68623161315918 -1
      vertex -17.36349105834961 15.870671272277832 -3
      vertex -17.36349105834961 15.870671272277832 -1
    endloop
  endfacet
  facet normal 0.989176533463332 -0.1467303160409106 0
    outer loop
      vertex -17.36349105834961 15.870671272277832 -3
      vertex -17.390850067138672 15.68623161315918 -1
      vertex -17.390850067138672 15.68623161315918 -3
    endloop
  endfacet
  facet normal 0.9039877380912533 0.4275583812541387 0
    outer loop
      vertex -17.175649642944336 14.604345321655273 -1
      vertex -17.25537109375 14.772900581359863 -3
      vertex -17.25537109375 14.772900581359863 -1
    endloop
  endfacet
  facet normal 0.9039877380912533 0.4275583812541387 0
    outer loop
      vertex -17.25537109375 14.772900581359863 -3
      vertex -17.175649642944336 14.604345321655273 -1
      vertex -17.175649642944336 14.604345321655273 -3
    endloop
  endfacet
  facet normal 0.8032058636462706 -0.595701553300181 0
    outer loop
      vertex -17.079792022705078 16.555583953857422 -1
      vertex -16.968719482421875 16.705347061157227 -3
      vertex -16.968719482421875 16.705347061157227 -1
    endloop
  endfacet
  facet normal 0.8032058636462706 -0.595701553300181 0
    outer loop
      vertex -16.968719482421875 16.705347061157227 -3
      vertex -17.079792022705078 16.555583953857422 -1
      vertex -17.079792022705078 16.555583953857422 -3
    endloop
  endfacet
  facet normal 0.7409482977727402 0.6715620745900404 0
    outer loop
      vertex -16.843502044677734 14.15649700164795 -1
      vertex -16.968719482421875 14.294651985168457 -3
      vertex -16.968719482421875 14.294651985168457 -1
    endloop
  endfacet
  facet normal 0.7409482977727402 0.6715620745900404 0
    outer loop
      vertex -16.968719482421875 14.294651985168457 -3
      vertex -16.843502044677734 14.15649700164795 -1
      vertex -16.843502044677734 14.15649700164795 -3
    endloop
  endfacet
  facet normal 0.6715620745900404 0.7409482977727402 0
    outer loop
      vertex -16.705347061157227 14.031279563903809 -3
      vertex -16.843502044677734 14.15649700164795 -1
      vertex -16.705347061157227 14.031279563903809 -1
    endloop
  endfacet
  facet normal 0.6715620745900404 0.7409482977727402 0
    outer loop
      vertex -16.843502044677734 14.15649700164795 -1
      vertex -16.705347061157227 14.031279563903809 -3
      vertex -16.843502044677734 14.15649700164795 -3
    endloop
  endfacet
  facet normal 0.9987953040384869 -0.04907077165346452 0
    outer loop
      vertex -17.399999618530273 15.5 -1
      vertex -17.390850067138672 15.68623161315918 -3
      vertex -17.390850067138672 15.68623161315918 -1
    endloop
  endfacet
  facet normal 0.9987953040384869 -0.04907077165346452 0
    outer loop
      vertex -17.390850067138672 15.68623161315918 -3
      vertex -17.399999618530273 15.5 -1
      vertex -17.399999618530273 15.5 -3
    endloop
  endfacet
  facet normal 0.4275603581330317 0.9039868030857274 0
    outer loop
      vertex -16.22709846496582 13.744627952575684 -3
      vertex -16.395652770996094 13.824349403381348 -1
      vertex -16.22709846496582 13.744627952575684 -1
    endloop
  endfacet
  facet normal 0.4275603581330317 0.9039868030857274 0
    outer loop
      vertex -16.395652770996094 13.824349403381348 -1
      vertex -16.22709846496582 13.744627952575684 -3
      vertex -16.395652770996094 13.824349403381348 -3
    endloop
  endfacet
  facet normal 0.8577293159928719 0.5141015663138948 0
    outer loop
      vertex -17.079792022705078 14.444416046142578 -1
      vertex -17.175649642944336 14.604345321655273 -3
      vertex -17.175649642944336 14.604345321655273 -1
    endloop
  endfacet
  facet normal 0.8577293159928719 0.5141015663138948 0
    outer loop
      vertex -17.175649642944336 14.604345321655273 -3
      vertex -17.079792022705078 14.444416046142578 -1
      vertex -17.079792022705078 14.444416046142578 -3
    endloop
  endfacet
  facet normal -0.24298449002197162 0.9700301735558344 0
    outer loop
      vertex -14.948458671569824 13.68181324005127 -3
      vertex -15.129327774047852 13.636507034301758 -1
      vertex -14.948458671569824 13.68181324005127 -1
    endloop
  endfacet
  facet normal -0.24298449002197162 0.9700301735558344 0
    outer loop
      vertex -15.129327774047852 13.636507034301758 -1
      vertex -14.948458671569824 13.68181324005127 -3
      vertex -15.129327774047852 13.636507034301758 -3
    endloop
  endfacet
  facet normal -0.04907052097308898 0.9987953163543718 0
    outer loop
      vertex -15.313767433166504 13.609148979187012 -3
      vertex -15.5 13.59999942779541 -1
      vertex -15.313767433166504 13.609148979187012 -1
    endloop
  endfacet
  facet normal -0.04907052097308898 0.9987953163543718 0
    outer loop
      vertex -15.5 13.59999942779541 -1
      vertex -15.313767433166504 13.609148979187012 -3
      vertex -15.5 13.59999942779541 -3
    endloop
  endfacet
  facet normal 0.04907077165346452 0.9987953040384869 0
    outer loop
      vertex -15.5 13.59999942779541 -3
      vertex -15.68623161315918 13.609148979187012 -1
      vertex -15.5 13.59999942779541 -1
    endloop
  endfacet
  facet normal 0.04907077165346452 0.9987953040384869 0
    outer loop
      vertex -15.68623161315918 13.609148979187012 -1
      vertex -15.5 13.59999942779541 -3
      vertex -15.68623161315918 13.609148979187012 -3
    endloop
  endfacet
  facet normal 0.3368852102905531 -0.9415457264984477 0
    outer loop
      vertex -16.22709846496582 17.25537109375 -3
      vertex -16.05154037475586 17.318185806274414 -1
      vertex -16.22709846496582 17.25537109375 -1
    endloop
  endfacet
  facet normal 0.3368852102905531 -0.9415457264984477 0
    outer loop
      vertex -16.05154037475586 17.318185806274414 -1
      vertex -16.22709846496582 17.25537109375 -3
      vertex -16.05154037475586 17.318185806274414 -3
    endloop
  endfacet
  facet normal -0.3368852102905531 0.9415457264984477 0
    outer loop
      vertex -14.772900581359863 13.744627952575684 -3
      vertex -14.948458671569824 13.68181324005127 -1
      vertex -14.772900581359863 13.744627952575684 -1
    endloop
  endfacet
  facet normal -0.3368852102905531 0.9415457264984477 0
    outer loop
      vertex -14.948458671569824 13.68181324005127 -1
      vertex -14.772900581359863 13.744627952575684 -3
      vertex -14.948458671569824 13.68181324005127 -3
    endloop
  endfacet
  facet normal -0.9987953163543718 -0.04907052097308898 0
    outer loop
      vertex 17.399999618530273 -15.5 -3
      vertex 17.390850067138672 -15.313767433166504 -1
      vertex 17.390850067138672 -15.313767433166504 -3
    endloop
  endfacet
  facet normal -0.9987953163543718 -0.04907052097308898 0
    outer loop
      vertex 17.390850067138672 -15.313767433166504 -1
      vertex 17.399999618530273 -15.5 -3
      vertex 17.399999618530273 -15.5 -1
    endloop
  endfacet
  facet normal 0.9700301735558344 -0.24298449002197162 0
    outer loop
      vertex 13.636507034301758 -15.129327774047852 -1
      vertex 13.68181324005127 -14.948458671569824 -3
      vertex 13.68181324005127 -14.948458671569824 -1
    endloop
  endfacet
  facet normal 0.9700301735558344 -0.24298449002197162 0
    outer loop
      vertex 13.68181324005127 -14.948458671569824 -3
      vertex 13.636507034301758 -15.129327774047852 -1
      vertex 13.636507034301758 -15.129327774047852 -3
    endloop
  endfacet
  facet normal -0.9700313790940499 -0.24297967728370956 0
    outer loop
      vertex 17.36349105834961 -15.129327774047852 -3
      vertex 17.318185806274414 -14.948458671569824 -1
      vertex 17.318185806274414 -14.948458671569824 -3
    endloop
  endfacet
  facet normal -0.9700313790940499 -0.24297967728370956 0
    outer loop
      vertex 17.318185806274414 -14.948458671569824 -1
      vertex 17.36349105834961 -15.129327774047852 -3
      vertex 17.36349105834961 -15.129327774047852 -1
    endloop
  endfacet
  facet normal -0.14672531146040976 -0.9891772758089653 0
    outer loop
      vertex 15.68623161315918 -13.609148979187012 -3
      vertex 15.870671272277832 -13.636507034301758 -1
      vertex 15.68623161315918 -13.609148979187012 -1
    endloop
  endfacet
  facet normal -0.14672531146040976 -0.9891772758089653 0
    outer loop
      vertex 15.870671272277832 -13.636507034301758 -1
      vertex 15.68623161315918 -13.609148979187012 -3
      vertex 15.870671272277832 -13.636507034301758 -3
    endloop
  endfacet
  facet normal 0.9700301735558344 0.24298449002197162 0
    outer loop
      vertex 13.68181324005127 -16.05154037475586 -1
      vertex 13.636507034301758 -15.870671272277832 -3
      vertex 13.636507034301758 -15.870671272277832 -1
    endloop
  endfacet
  facet normal 0.9700301735558344 0.24298449002197162 0
    outer loop
      vertex 13.636507034301758 -15.870671272277832 -3
      vertex 13.68181324005127 -16.05154037475586 -1
      vertex 13.68181324005127 -16.05154037475586 -3
    endloop
  endfacet
  facet normal 0.5141015663138948 -0.8577293159928719 0
    outer loop
      vertex 14.444416046142578 -13.920207023620605 -3
      vertex 14.604345321655273 -13.824349403381348 -1
      vertex 14.444416046142578 -13.920207023620605 -1
    endloop
  endfacet
  facet normal 0.5141015663138948 -0.8577293159928719 0
    outer loop
      vertex 14.604345321655273 -13.824349403381348 -1
      vertex 14.444416046142578 -13.920207023620605 -3
      vertex 14.604345321655273 -13.824349403381348 -3
    endloop
  endfacet
  facet normal -0.9987953040384869 0.04907077165346452 0
    outer loop
      vertex 17.390850067138672 -15.68623161315918 -3
      vertex 17.399999618530273 -15.5 -1
      vertex 17.399999618530273 -15.5 -3
    endloop
  endfacet
  facet normal -0.9987953040384869 0.04907077165346452 0
    outer loop
      vertex 17.399999618530273 -15.5 -1
      vertex 17.390850067138672 -15.68623161315918 -3
      vertex 17.390850067138672 -15.68623161315918 -1
    endloop
  endfacet
  facet normal 0.9039868030857274 0.4275603581330317 0
    outer loop
      vertex 13.824349403381348 -16.395652770996094 -1
      vertex 13.744627952575684 -16.22709846496582 -3
      vertex 13.744627952575684 -16.22709846496582 -1
    endloop
  endfacet
  facet normal 0.9039868030857274 0.4275603581330317 0
    outer loop
      vertex 13.744627952575684 -16.22709846496582 -3
      vertex 13.824349403381348 -16.395652770996094 -1
      vertex 13.824349403381348 -16.395652770996094 -3
    endloop
  endfacet
  facet normal 0.8577320196057392 0.5140970555673898 0
    outer loop
      vertex 13.920207023620605 -16.555583953857422 -1
      vertex 13.824349403381348 -16.395652770996094 -3
      vertex 13.824349403381348 -16.395652770996094 -1
    endloop
  endfacet
  facet normal 0.8577320196057392 0.5140970555673898 0
    outer loop
      vertex 13.824349403381348 -16.395652770996094 -3
      vertex 13.920207023620605 -16.555583953857422 -1
      vertex 13.920207023620605 -16.555583953857422 -3
    endloop
  endfacet
  facet normal -0.6715620745900404 -0.7409482977727402 0
    outer loop
      vertex 16.705347061157227 -14.031279563903809 -3
      vertex 16.843502044677734 -14.15649700164795 -1
      vertex 16.705347061157227 -14.031279563903809 -1
    endloop
  endfacet
  facet normal -0.6715620745900404 -0.7409482977727402 0
    outer loop
      vertex 16.843502044677734 -14.15649700164795 -1
      vertex 16.705347061157227 -14.031279563903809 -3
      vertex 16.843502044677734 -14.15649700164795 -3
    endloop
  endfacet
  facet normal 0.7409482977727402 -0.6715620745900404 0
    outer loop
      vertex 14.031279563903809 -14.294651985168457 -1
      vertex 14.15649700164795 -14.15649700164795 -3
      vertex 14.15649700164795 -14.15649700164795 -1
    endloop
  endfacet
  facet normal 0.7409482977727402 -0.6715620745900404 0
    outer loop
      vertex 14.15649700164795 -14.15649700164795 -3
      vertex 14.031279563903809 -14.294651985168457 -1
      vertex 14.031279563903809 -14.294651985168457 -3
    endloop
  endfacet
  facet normal -0.7409482977727402 0.6715620745900404 0
    outer loop
      vertex 16.843502044677734 -16.843502044677734 -3
      vertex 16.968719482421875 -16.705347061157227 -1
      vertex 16.968719482421875 -16.705347061157227 -3
    endloop
  endfacet
  facet normal -0.7409482977727402 0.6715620745900404 0
    outer loop
      vertex 16.968719482421875 -16.705347061157227 -1
      vertex 16.843502044677734 -16.843502044677734 -3
      vertex 16.843502044677734 -16.843502044677734 -1
    endloop
  endfacet
  facet normal -0.989176533463332 0.1467303160409106 0
    outer loop
      vertex 17.36349105834961 -15.870671272277832 -3
      vertex 17.390850067138672 -15.68623161315918 -1
      vertex 17.390850067138672 -15.68623161315918 -3
    endloop
  endfacet
  facet normal -0.989176533463332 0.1467303160409106 0
    outer loop
      vertex 17.390850067138672 -15.68623161315918 -1
      vertex 17.36349105834961 -15.870671272277832 -3
      vertex 17.36349105834961 -15.870671272277832 -1
    endloop
  endfacet
  facet normal -0.04907077165346452 -0.9987953040384869 0
    outer loop
      vertex 15.5 -13.59999942779541 -3
      vertex 15.68623161315918 -13.609148979187012 -1
      vertex 15.5 -13.59999942779541 -1
    endloop
  endfacet
  facet normal -0.04907077165346452 -0.9987953040384869 0
    outer loop
      vertex 15.68623161315918 -13.609148979187012 -1
      vertex 15.5 -13.59999942779541 -3
      vertex 15.68623161315918 -13.609148979187012 -3
    endloop
  endfacet
  facet normal -0.7409482977727402 -0.6715620745900404 0
    outer loop
      vertex 16.968719482421875 -14.294651985168457 -3
      vertex 16.843502044677734 -14.15649700164795 -1
      vertex 16.843502044677734 -14.15649700164795 -3
    endloop
  endfacet
  facet normal -0.7409482977727402 -0.6715620745900404 0
    outer loop
      vertex 16.843502044677734 -14.15649700164795 -1
      vertex 16.968719482421875 -14.294651985168457 -3
      vertex 16.968719482421875 -14.294651985168457 -1
    endloop
  endfacet
  facet normal -0.989176533463332 -0.1467303160409106 0
    outer loop
      vertex 17.390850067138672 -15.313767433166504 -3
      vertex 17.36349105834961 -15.129327774047852 -1
      vertex 17.36349105834961 -15.129327774047852 -3
    endloop
  endfacet
  facet normal -0.989176533463332 -0.1467303160409106 0
    outer loop
      vertex 17.36349105834961 -15.129327774047852 -1
      vertex 17.390850067138672 -15.313767433166504 -3
      vertex 17.390850067138672 -15.313767433166504 -1
    endloop
  endfacet
  facet normal -0.6715620745900404 0.7409482977727402 0
    outer loop
      vertex 16.843502044677734 -16.843502044677734 -3
      vertex 16.705347061157227 -16.968719482421875 -1
      vertex 16.843502044677734 -16.843502044677734 -1
    endloop
  endfacet
  facet normal -0.6715620745900404 0.7409482977727402 0
    outer loop
      vertex 16.705347061157227 -16.968719482421875 -1
      vertex 16.843502044677734 -16.843502044677734 -3
      vertex 16.705347061157227 -16.968719482421875 -3
    endloop
  endfacet
  facet normal -0.4275603581330317 -0.9039868030857274 0
    outer loop
      vertex 16.22709846496582 -13.744627952575684 -3
      vertex 16.395652770996094 -13.824349403381348 -1
      vertex 16.22709846496582 -13.744627952575684 -1
    endloop
  endfacet
  facet normal -0.4275603581330317 -0.9039868030857274 0
    outer loop
      vertex 16.395652770996094 -13.824349403381348 -1
      vertex 16.22709846496582 -13.744627952575684 -3
      vertex 16.395652770996094 -13.824349403381348 -3
    endloop
  endfacet
  facet normal -0.8577320196057392 0.5140970555673898 0
    outer loop
      vertex 17.079792022705078 -16.555583953857422 -3
      vertex 17.175649642944336 -16.395652770996094 -1
      vertex 17.175649642944336 -16.395652770996094 -3
    endloop
  endfacet
  facet normal -0.8577320196057392 0.5140970555673898 0
    outer loop
      vertex 17.175649642944336 -16.395652770996094 -1
      vertex 17.079792022705078 -16.555583953857422 -3
      vertex 17.079792022705078 -16.555583953857422 -1
    endloop
  endfacet
  facet normal 0.4275583812541387 0.9039877380912533 0
    outer loop
      vertex 14.772900581359863 -17.25537109375 -3
      vertex 14.604345321655273 -17.175649642944336 -1
      vertex 14.772900581359863 -17.25537109375 -1
    endloop
  endfacet
  facet normal 0.4275583812541387 0.9039877380912533 0
    outer loop
      vertex 14.604345321655273 -17.175649642944336 -1
      vertex 14.772900581359863 -17.25537109375 -3
      vertex 14.604345321655273 -17.175649642944336 -3
    endloop
  endfacet
  facet normal -0.04907077165346452 0.9987953040384869 0
    outer loop
      vertex 15.68623161315918 -17.390850067138672 -3
      vertex 15.5 -17.399999618530273 -1
      vertex 15.68623161315918 -17.390850067138672 -1
    endloop
  endfacet
  facet normal -0.04907077165346452 0.9987953040384869 0
    outer loop
      vertex 15.5 -17.399999618530273 -1
      vertex 15.68623161315918 -17.390850067138672 -3
      vertex 15.5 -17.399999618530273 -3
    endloop
  endfacet
  facet normal 0.9891772758089653 -0.14672531146040976 0
    outer loop
      vertex 13.609148979187012 -15.313767433166504 -1
      vertex 13.636507034301758 -15.129327774047852 -3
      vertex 13.636507034301758 -15.129327774047852 -1
    endloop
  endfacet
  facet normal 0.9891772758089653 -0.14672531146040976 0
    outer loop
      vertex 13.636507034301758 -15.129327774047852 -3
      vertex 13.609148979187012 -15.313767433166504 -1
      vertex 13.609148979187012 -15.313767433166504 -3
    endloop
  endfacet
  facet normal -0.4275603581330317 0.9039868030857274 0
    outer loop
      vertex 16.395652770996094 -17.175649642944336 -3
      vertex 16.22709846496582 -17.25537109375 -1
      vertex 16.395652770996094 -17.175649642944336 -1
    endloop
  endfacet
  facet normal -0.4275603581330317 0.9039868030857274 0
    outer loop
      vertex 16.22709846496582 -17.25537109375 -1
      vertex 16.395652770996094 -17.175649642944336 -3
      vertex 16.22709846496582 -17.25537109375 -3
    endloop
  endfacet
  facet normal -0.9415457264984477 0.3368852102905531 0
    outer loop
      vertex 17.25537109375 -16.22709846496582 -3
      vertex 17.318185806274414 -16.05154037475586 -1
      vertex 17.318185806274414 -16.05154037475586 -3
    endloop
  endfacet
  facet normal -0.9415457264984477 0.3368852102905531 0
    outer loop
      vertex 17.318185806274414 -16.05154037475586 -1
      vertex 17.25537109375 -16.22709846496582 -3
      vertex 17.25537109375 -16.22709846496582 -1
    endloop
  endfacet
  facet normal -0.24298449002197162 -0.9700301735558344 0
    outer loop
      vertex 15.870671272277832 -13.636507034301758 -3
      vertex 16.05154037475586 -13.68181324005127 -1
      vertex 15.870671272277832 -13.636507034301758 -1
    endloop
  endfacet
  facet normal -0.24298449002197162 -0.9700301735558344 0
    outer loop
      vertex 16.05154037475586 -13.68181324005127 -1
      vertex 15.870671272277832 -13.636507034301758 -3
      vertex 16.05154037475586 -13.68181324005127 -3
    endloop
  endfacet
  facet normal 0.24297967728370956 0.9700313790940499 0
    outer loop
      vertex 15.129327774047852 -17.36349105834961 -3
      vertex 14.948458671569824 -17.318185806274414 -1
      vertex 15.129327774047852 -17.36349105834961 -1
    endloop
  endfacet
  facet normal 0.24297967728370956 0.9700313790940499 0
    outer loop
      vertex 14.948458671569824 -17.318185806274414 -1
      vertex 15.129327774047852 -17.36349105834961 -3
      vertex 14.948458671569824 -17.318185806274414 -3
    endloop
  endfacet
  facet normal -0.1467303160409106 0.989176533463332 0
    outer loop
      vertex 15.870671272277832 -17.36349105834961 -3
      vertex 15.68623161315918 -17.390850067138672 -1
      vertex 15.870671272277832 -17.36349105834961 -1
    endloop
  endfacet
  facet normal -0.1467303160409106 0.989176533463332 0
    outer loop
      vertex 15.68623161315918 -17.390850067138672 -1
      vertex 15.870671272277832 -17.36349105834961 -3
      vertex 15.68623161315918 -17.390850067138672 -3
    endloop
  endfacet
  facet normal -0.595701553300181 0.8032058636462706 0
    outer loop
      vertex 16.705347061157227 -16.968719482421875 -3
      vertex 16.555583953857422 -17.079792022705078 -1
      vertex 16.705347061157227 -16.968719482421875 -1
    endloop
  endfacet
  facet normal -0.595701553300181 0.8032058636462706 0
    outer loop
      vertex 16.555583953857422 -17.079792022705078 -1
      vertex 16.705347061157227 -16.968719482421875 -3
      vertex 16.555583953857422 -17.079792022705078 -3
    endloop
  endfacet
  facet normal -0.5140970555673898 -0.8577320196057392 0
    outer loop
      vertex 16.395652770996094 -13.824349403381348 -3
      vertex 16.555583953857422 -13.920207023620605 -1
      vertex 16.395652770996094 -13.824349403381348 -1
    endloop
  endfacet
  facet normal -0.5140970555673898 -0.8577320196057392 0
    outer loop
      vertex 16.555583953857422 -13.920207023620605 -1
      vertex 16.395652770996094 -13.824349403381348 -3
      vertex 16.555583953857422 -13.920207023620605 -3
    endloop
  endfacet
  facet normal -0.9415457264984477 -0.3368852102905531 0
    outer loop
      vertex 17.318185806274414 -14.948458671569824 -3
      vertex 17.25537109375 -14.772900581359863 -1
      vertex 17.25537109375 -14.772900581359863 -3
    endloop
  endfacet
  facet normal -0.9415457264984477 -0.3368852102905531 0
    outer loop
      vertex 17.25537109375 -14.772900581359863 -1
      vertex 17.318185806274414 -14.948458671569824 -3
      vertex 17.318185806274414 -14.948458671569824 -1
    endloop
  endfacet
  facet normal 0.9415457264984477 -0.3368852102905531 0
    outer loop
      vertex 13.68181324005127 -14.948458671569824 -1
      vertex 13.744627952575684 -14.772900581359863 -3
      vertex 13.744627952575684 -14.772900581359863 -1
    endloop
  endfacet
  facet normal 0.9415457264984477 -0.3368852102905531 0
    outer loop
      vertex 13.744627952575684 -14.772900581359863 -3
      vertex 13.68181324005127 -14.948458671569824 -1
      vertex 13.68181324005127 -14.948458671569824 -3
    endloop
  endfacet
  facet normal -0.5140970555673898 0.8577320196057392 0
    outer loop
      vertex 16.555583953857422 -17.079792022705078 -3
      vertex 16.395652770996094 -17.175649642944336 -1
      vertex 16.555583953857422 -17.079792022705078 -1
    endloop
  endfacet
  facet normal -0.5140970555673898 0.8577320196057392 0
    outer loop
      vertex 16.395652770996094 -17.175649642944336 -1
      vertex 16.555583953857422 -17.079792022705078 -3
      vertex 16.395652770996094 -17.175649642944336 -3
    endloop
  endfacet
  facet normal 0.5956991060609613 -0.8032076786474165 0
    outer loop
      vertex 14.294651985168457 -14.031279563903809 -3
      vertex 14.444416046142578 -13.920207023620605 -1
      vertex 14.294651985168457 -14.031279563903809 -1
    endloop
  endfacet
  facet normal 0.5956991060609613 -0.8032076786474165 0
    outer loop
      vertex 14.444416046142578 -13.920207023620605 -1
      vertex 14.294651985168457 -14.031279563903809 -3
      vertex 14.444416046142578 -13.920207023620605 -3
    endloop
  endfacet
  facet normal -0.8032058636462706 0.595701553300181 0
    outer loop
      vertex 16.968719482421875 -16.705347061157227 -3
      vertex 17.079792022705078 -16.555583953857422 -1
      vertex 17.079792022705078 -16.555583953857422 -3
    endloop
  endfacet
  facet normal -0.8032058636462706 0.595701553300181 0
    outer loop
      vertex 17.079792022705078 -16.555583953857422 -1
      vertex 16.968719482421875 -16.705347061157227 -3
      vertex 16.968719482421875 -16.705347061157227 -1
    endloop
  endfacet
  facet normal -0.595701553300181 -0.8032058636462706 0
    outer loop
      vertex 16.555583953857422 -13.920207023620605 -3
      vertex 16.705347061157227 -14.031279563903809 -1
      vertex 16.555583953857422 -13.920207023620605 -1
    endloop
  endfacet
  facet normal -0.595701553300181 -0.8032058636462706 0
    outer loop
      vertex 16.705347061157227 -14.031279563903809 -1
      vertex 16.555583953857422 -13.920207023620605 -3
      vertex 16.705347061157227 -14.031279563903809 -3
    endloop
  endfacet
  facet normal 0.7409482977727402 0.6715620745900404 0
    outer loop
      vertex 14.15649700164795 -16.843502044677734 -1
      vertex 14.031279563903809 -16.705347061157227 -3
      vertex 14.031279563903809 -16.705347061157227 -1
    endloop
  endfacet
  facet normal 0.7409482977727402 0.6715620745900404 0
    outer loop
      vertex 14.031279563903809 -16.705347061157227 -3
      vertex 14.15649700164795 -16.843502044677734 -1
      vertex 14.15649700164795 -16.843502044677734 -3
    endloop
  endfacet
  facet normal 0.6715620745900404 -0.7409482977727402 0
    outer loop
      vertex 14.15649700164795 -14.15649700164795 -3
      vertex 14.294651985168457 -14.031279563903809 -1
      vertex 14.15649700164795 -14.15649700164795 -1
    endloop
  endfacet
  facet normal 0.6715620745900404 -0.7409482977727402 0
    outer loop
      vertex 14.294651985168457 -14.031279563903809 -1
      vertex 14.15649700164795 -14.15649700164795 -3
      vertex 14.294651985168457 -14.031279563903809 -3
    endloop
  endfacet
  facet normal 0.1467303160409106 0.989176533463332 0
    outer loop
      vertex 15.313767433166504 -17.390850067138672 -3
      vertex 15.129327774047852 -17.36349105834961 -1
      vertex 15.313767433166504 -17.390850067138672 -1
    endloop
  endfacet
  facet normal 0.1467303160409106 0.989176533463332 0
    outer loop
      vertex 15.129327774047852 -17.36349105834961 -1
      vertex 15.313767433166504 -17.390850067138672 -3
      vertex 15.129327774047852 -17.36349105834961 -3
    endloop
  endfacet
  facet normal -0.9039868030857274 0.4275603581330317 0
    outer loop
      vertex 17.175649642944336 -16.395652770996094 -3
      vertex 17.25537109375 -16.22709846496582 -1
      vertex 17.25537109375 -16.22709846496582 -3
    endloop
  endfacet
  facet normal -0.9039868030857274 0.4275603581330317 0
    outer loop
      vertex 17.25537109375 -16.22709846496582 -1
      vertex 17.175649642944336 -16.395652770996094 -3
      vertex 17.175649642944336 -16.395652770996094 -1
    endloop
  endfacet
  facet normal 0.04907052097308898 0.9987953163543718 0
    outer loop
      vertex 15.5 -17.399999618530273 -3
      vertex 15.313767433166504 -17.390850067138672 -1
      vertex 15.5 -17.399999618530273 -1
    endloop
  endfacet
  facet normal 0.04907052097308898 0.9987953163543718 0
    outer loop
      vertex 15.313767433166504 -17.390850067138672 -1
      vertex 15.5 -17.399999618530273 -3
      vertex 15.313767433166504 -17.390850067138672 -3
    endloop
  endfacet
  facet normal -0.9700313790940499 0.24297967728370956 0
    outer loop
      vertex 17.318185806274414 -16.05154037475586 -3
      vertex 17.36349105834961 -15.870671272277832 -1
      vertex 17.36349105834961 -15.870671272277832 -3
    endloop
  endfacet
  facet normal -0.9700313790940499 0.24297967728370956 0
    outer loop
      vertex 17.36349105834961 -15.870671272277832 -1
      vertex 17.318185806274414 -16.05154037475586 -3
      vertex 17.318185806274414 -16.05154037475586 -1
    endloop
  endfacet
  facet normal 0.9039877380912533 -0.4275583812541387 0
    outer loop
      vertex 13.744627952575684 -14.772900581359863 -1
      vertex 13.824349403381348 -14.604345321655273 -3
      vertex 13.824349403381348 -14.604345321655273 -1
    endloop
  endfacet
  facet normal 0.9039877380912533 -0.4275583812541387 0
    outer loop
      vertex 13.824349403381348 -14.604345321655273 -3
      vertex 13.744627952575684 -14.772900581359863 -1
      vertex 13.744627952575684 -14.772900581359863 -3
    endloop
  endfacet
  facet normal 0.9987953040384869 0.04907077165346452 0
    outer loop
      vertex 13.609148979187012 -15.68623161315918 -1
      vertex 13.59999942779541 -15.5 -3
      vertex 13.59999942779541 -15.5 -1
    endloop
  endfacet
  facet normal 0.9987953040384869 0.04907077165346452 0
    outer loop
      vertex 13.59999942779541 -15.5 -3
      vertex 13.609148979187012 -15.68623161315918 -1
      vertex 13.609148979187012 -15.68623161315918 -3
    endloop
  endfacet
  facet normal -0.8032076786474165 -0.5956991060609613 0
    outer loop
      vertex 17.079792022705078 -14.444416046142578 -3
      vertex 16.968719482421875 -14.294651985168457 -1
      vertex 16.968719482421875 -14.294651985168457 -3
    endloop
  endfacet
  facet normal -0.8032076786474165 -0.5956991060609613 0
    outer loop
      vertex 16.968719482421875 -14.294651985168457 -1
      vertex 17.079792022705078 -14.444416046142578 -3
      vertex 17.079792022705078 -14.444416046142578 -1
    endloop
  endfacet
  facet normal -0.8577293159928719 -0.5141015663138948 0
    outer loop
      vertex 17.175649642944336 -14.604345321655273 -3
      vertex 17.079792022705078 -14.444416046142578 -1
      vertex 17.079792022705078 -14.444416046142578 -3
    endloop
  endfacet
  facet normal -0.8577293159928719 -0.5141015663138948 0
    outer loop
      vertex 17.079792022705078 -14.444416046142578 -1
      vertex 17.175649642944336 -14.604345321655273 -3
      vertex 17.175649642944336 -14.604345321655273 -1
    endloop
  endfacet
  facet normal 0.9987953163543718 -0.04907052097308898 0
    outer loop
      vertex 13.59999942779541 -15.5 -1
      vertex 13.609148979187012 -15.313767433166504 -3
      vertex 13.609148979187012 -15.313767433166504 -1
    endloop
  endfacet
  facet normal 0.9987953163543718 -0.04907052097308898 0
    outer loop
      vertex 13.609148979187012 -15.313767433166504 -3
      vertex 13.59999942779541 -15.5 -1
      vertex 13.59999942779541 -15.5 -3
    endloop
  endfacet
  facet normal 0.5956991060609613 0.8032076786474165 0
    outer loop
      vertex 14.444416046142578 -17.079792022705078 -3
      vertex 14.294651985168457 -16.968719482421875 -1
      vertex 14.444416046142578 -17.079792022705078 -1
    endloop
  endfacet
  facet normal 0.5956991060609613 0.8032076786474165 0
    outer loop
      vertex 14.294651985168457 -16.968719482421875 -1
      vertex 14.444416046142578 -17.079792022705078 -3
      vertex 14.294651985168457 -16.968719482421875 -3
    endloop
  endfacet
  facet normal 0.4275583812541387 -0.9039877380912533 0
    outer loop
      vertex 14.604345321655273 -13.824349403381348 -3
      vertex 14.772900581359863 -13.744627952575684 -1
      vertex 14.604345321655273 -13.824349403381348 -1
    endloop
  endfacet
  facet normal 0.4275583812541387 -0.9039877380912533 0
    outer loop
      vertex 14.772900581359863 -13.744627952575684 -1
      vertex 14.604345321655273 -13.824349403381348 -3
      vertex 14.772900581359863 -13.744627952575684 -3
    endloop
  endfacet
  facet normal 0.6715620745900404 0.7409482977727402 0
    outer loop
      vertex 14.294651985168457 -16.968719482421875 -3
      vertex 14.15649700164795 -16.843502044677734 -1
      vertex 14.294651985168457 -16.968719482421875 -1
    endloop
  endfacet
  facet normal 0.6715620745900404 0.7409482977727402 0
    outer loop
      vertex 14.15649700164795 -16.843502044677734 -1
      vertex 14.294651985168457 -16.968719482421875 -3
      vertex 14.15649700164795 -16.843502044677734 -3
    endloop
  endfacet
  facet normal 0.9891772758089653 0.14672531146040976 0
    outer loop
      vertex 13.636507034301758 -15.870671272277832 -1
      vertex 13.609148979187012 -15.68623161315918 -3
      vertex 13.609148979187012 -15.68623161315918 -1
    endloop
  endfacet
  facet normal 0.9891772758089653 0.14672531146040976 0
    outer loop
      vertex 13.609148979187012 -15.68623161315918 -3
      vertex 13.636507034301758 -15.870671272277832 -1
      vertex 13.636507034301758 -15.870671272277832 -3
    endloop
  endfacet
  facet normal 0.24298449002197162 -0.9700301735558344 0
    outer loop
      vertex 14.948458671569824 -13.68181324005127 -3
      vertex 15.129327774047852 -13.636507034301758 -1
      vertex 14.948458671569824 -13.68181324005127 -1
    endloop
  endfacet
  facet normal 0.24298449002197162 -0.9700301735558344 0
    outer loop
      vertex 15.129327774047852 -13.636507034301758 -1
      vertex 14.948458671569824 -13.68181324005127 -3
      vertex 15.129327774047852 -13.636507034301758 -3
    endloop
  endfacet
  facet normal 0.8577293159928719 -0.5141015663138948 0
    outer loop
      vertex 13.824349403381348 -14.604345321655273 -1
      vertex 13.920207023620605 -14.444416046142578 -3
      vertex 13.920207023620605 -14.444416046142578 -1
    endloop
  endfacet
  facet normal 0.8577293159928719 -0.5141015663138948 0
    outer loop
      vertex 13.920207023620605 -14.444416046142578 -3
      vertex 13.824349403381348 -14.604345321655273 -1
      vertex 13.824349403381348 -14.604345321655273 -3
    endloop
  endfacet
  facet normal 0.8032076786474165 -0.5956991060609613 0
    outer loop
      vertex 13.920207023620605 -14.444416046142578 -1
      vertex 14.031279563903809 -14.294651985168457 -3
      vertex 14.031279563903809 -14.294651985168457 -1
    endloop
  endfacet
  facet normal 0.8032076786474165 -0.5956991060609613 0
    outer loop
      vertex 14.031279563903809 -14.294651985168457 -3
      vertex 13.920207023620605 -14.444416046142578 -1
      vertex 13.920207023620605 -14.444416046142578 -3
    endloop
  endfacet
  facet normal 0.04907052097308898 -0.9987953163543718 0
    outer loop
      vertex 15.313767433166504 -13.609148979187012 -3
      vertex 15.5 -13.59999942779541 -1
      vertex 15.313767433166504 -13.609148979187012 -1
    endloop
  endfacet
  facet normal 0.04907052097308898 -0.9987953163543718 0
    outer loop
      vertex 15.5 -13.59999942779541 -1
      vertex 15.313767433166504 -13.609148979187012 -3
      vertex 15.5 -13.59999942779541 -3
    endloop
  endfacet
  facet normal 0.9415457264984477 0.3368852102905531 0
    outer loop
      vertex 13.744627952575684 -16.22709846496582 -1
      vertex 13.68181324005127 -16.05154037475586 -3
      vertex 13.68181324005127 -16.05154037475586 -1
    endloop
  endfacet
  facet normal 0.9415457264984477 0.3368852102905531 0
    outer loop
      vertex 13.68181324005127 -16.05154037475586 -3
      vertex 13.744627952575684 -16.22709846496582 -1
      vertex 13.744627952575684 -16.22709846496582 -3
    endloop
  endfacet
  facet normal -0.3368852102905531 0.9415457264984477 0
    outer loop
      vertex 16.22709846496582 -17.25537109375 -3
      vertex 16.05154037475586 -17.318185806274414 -1
      vertex 16.22709846496582 -17.25537109375 -1
    endloop
  endfacet
  facet normal -0.3368852102905531 0.9415457264984477 0
    outer loop
      vertex 16.05154037475586 -17.318185806274414 -1
      vertex 16.22709846496582 -17.25537109375 -3
      vertex 16.05154037475586 -17.318185806274414 -3
    endloop
  endfacet
  facet normal -0.3368852102905531 -0.9415457264984477 0
    outer loop
      vertex 16.05154037475586 -13.68181324005127 -3
      vertex 16.22709846496582 -13.744627952575684 -1
      vertex 16.05154037475586 -13.68181324005127 -1
    endloop
  endfacet
  facet normal -0.3368852102905531 -0.9415457264984477 0
    outer loop
      vertex 16.22709846496582 -13.744627952575684 -1
      vertex 16.05154037475586 -13.68181324005127 -3
      vertex 16.22709846496582 -13.744627952575684 -3
    endloop
  endfacet
  facet normal -0.9039877380912533 -0.4275583812541387 0
    outer loop
      vertex 17.25537109375 -14.772900581359863 -3
      vertex 17.175649642944336 -14.604345321655273 -1
      vertex 17.175649642944336 -14.604345321655273 -3
    endloop
  endfacet
  facet normal -0.9039877380912533 -0.4275583812541387 0
    outer loop
      vertex 17.175649642944336 -14.604345321655273 -1
      vertex 17.25537109375 -14.772900581359863 -3
      vertex 17.25537109375 -14.772900581359863 -1
    endloop
  endfacet
  facet normal 0.14672531146040976 -0.9891772758089653 0
    outer loop
      vertex 15.129327774047852 -13.636507034301758 -3
      vertex 15.313767433166504 -13.609148979187012 -1
      vertex 15.129327774047852 -13.636507034301758 -1
    endloop
  endfacet
  facet normal 0.14672531146040976 -0.9891772758089653 0
    outer loop
      vertex 15.313767433166504 -13.609148979187012 -1
      vertex 15.129327774047852 -13.636507034301758 -3
      vertex 15.313767433166504 -13.609148979187012 -3
    endloop
  endfacet
  facet normal 0.8032058636462706 0.595701553300181 0
    outer loop
      vertex 14.031279563903809 -16.705347061157227 -1
      vertex 13.920207023620605 -16.555583953857422 -3
      vertex 13.920207023620605 -16.555583953857422 -1
    endloop
  endfacet
  facet normal 0.8032058636462706 0.595701553300181 0
    outer loop
      vertex 13.920207023620605 -16.555583953857422 -3
      vertex 14.031279563903809 -16.705347061157227 -1
      vertex 14.031279563903809 -16.705347061157227 -3
    endloop
  endfacet
  facet normal 0.5141015663138948 0.8577293159928719 0
    outer loop
      vertex 14.604345321655273 -17.175649642944336 -3
      vertex 14.444416046142578 -17.079792022705078 -1
      vertex 14.604345321655273 -17.175649642944336 -1
    endloop
  endfacet
  facet normal 0.5141015663138948 0.8577293159928719 0
    outer loop
      vertex 14.444416046142578 -17.079792022705078 -1
      vertex 14.604345321655273 -17.175649642944336 -3
      vertex 14.444416046142578 -17.079792022705078 -3
    endloop
  endfacet
  facet normal 0.3368852102905531 0.9415457264984477 0
    outer loop
      vertex 14.948458671569824 -17.318185806274414 -3
      vertex 14.772900581359863 -17.25537109375 -1
      vertex 14.948458671569824 -17.318185806274414 -1
    endloop
  endfacet
  facet normal 0.3368852102905531 0.9415457264984477 0
    outer loop
      vertex 14.772900581359863 -17.25537109375 -1
      vertex 14.948458671569824 -17.318185806274414 -3
      vertex 14.772900581359863 -17.25537109375 -3
    endloop
  endfacet
  facet normal 0.3368852102905531 -0.9415457264984477 0
    outer loop
      vertex 14.772900581359863 -13.744627952575684 -3
      vertex 14.948458671569824 -13.68181324005127 -1
      vertex 14.772900581359863 -13.744627952575684 -1
    endloop
  endfacet
  facet normal 0.3368852102905531 -0.9415457264984477 0
    outer loop
      vertex 14.948458671569824 -13.68181324005127 -1
      vertex 14.772900581359863 -13.744627952575684 -3
      vertex 14.948458671569824 -13.68181324005127 -3
    endloop
  endfacet
  facet normal -0.24297967728370956 0.9700313790940499 0
    outer loop
      vertex 16.05154037475586 -17.318185806274414 -3
      vertex 15.870671272277832 -17.36349105834961 -1
      vertex 16.05154037475586 -17.318185806274414 -1
    endloop
  endfacet
  facet normal -0.24297967728370956 0.9700313790940499 0
    outer loop
      vertex 15.870671272277832 -17.36349105834961 -1
      vertex 16.05154037475586 -17.318185806274414 -3
      vertex 15.870671272277832 -17.36349105834961 -3
    endloop
  endfacet
  facet normal -0.8577293159928719 0.5141015663138948 0
    outer loop
      vertex 17.079792022705078 14.444416046142578 -3
      vertex 17.175649642944336 14.604345321655273 -1
      vertex 17.175649642944336 14.604345321655273 -3
    endloop
  endfacet
  facet normal -0.8577293159928719 0.5141015663138948 0
    outer loop
      vertex 17.175649642944336 14.604345321655273 -1
      vertex 17.079792022705078 14.444416046142578 -3
      vertex 17.079792022705078 14.444416046142578 -1
    endloop
  endfacet
  facet normal -0.9987953040384869 -0.04907077165346452 0
    outer loop
      vertex 17.399999618530273 15.5 -3
      vertex 17.390850067138672 15.68623161315918 -1
      vertex 17.390850067138672 15.68623161315918 -3
    endloop
  endfacet
  facet normal -0.9987953040384869 -0.04907077165346452 0
    outer loop
      vertex 17.390850067138672 15.68623161315918 -1
      vertex 17.399999618530273 15.5 -3
      vertex 17.399999618530273 15.5 -1
    endloop
  endfacet
  facet normal 0.9039868030857274 -0.4275603581330317 0
    outer loop
      vertex 13.744627952575684 16.22709846496582 -1
      vertex 13.824349403381348 16.395652770996094 -3
      vertex 13.824349403381348 16.395652770996094 -1
    endloop
  endfacet
  facet normal 0.9039868030857274 -0.4275603581330317 0
    outer loop
      vertex 13.824349403381348 16.395652770996094 -3
      vertex 13.744627952575684 16.22709846496582 -1
      vertex 13.744627952575684 16.22709846496582 -3
    endloop
  endfacet
  facet normal 0.04907052097308898 -0.9987953163543718 0
    outer loop
      vertex 15.313767433166504 17.390850067138672 -3
      vertex 15.5 17.399999618530273 -1
      vertex 15.313767433166504 17.390850067138672 -1
    endloop
  endfacet
  facet normal 0.04907052097308898 -0.9987953163543718 0
    outer loop
      vertex 15.5 17.399999618530273 -1
      vertex 15.313767433166504 17.390850067138672 -3
      vertex 15.5 17.399999618530273 -3
    endloop
  endfacet
  facet normal 0.14672531146040976 0.9891772758089653 0
    outer loop
      vertex 15.313767433166504 13.609148979187012 -3
      vertex 15.129327774047852 13.636507034301758 -1
      vertex 15.313767433166504 13.609148979187012 -1
    endloop
  endfacet
  facet normal 0.14672531146040976 0.9891772758089653 0
    outer loop
      vertex 15.129327774047852 13.636507034301758 -1
      vertex 15.313767433166504 13.609148979187012 -3
      vertex 15.129327774047852 13.636507034301758 -3
    endloop
  endfacet
  facet normal -0.5140970555673898 -0.8577320196057392 0
    outer loop
      vertex 16.395652770996094 17.175649642944336 -3
      vertex 16.555583953857422 17.079792022705078 -1
      vertex 16.395652770996094 17.175649642944336 -1
    endloop
  endfacet
  facet normal -0.5140970555673898 -0.8577320196057392 0
    outer loop
      vertex 16.555583953857422 17.079792022705078 -1
      vertex 16.395652770996094 17.175649642944336 -3
      vertex 16.555583953857422 17.079792022705078 -3
    endloop
  endfacet
  facet normal 0.9700301735558344 -0.24298449002197162 0
    outer loop
      vertex 13.636507034301758 15.870671272277832 -1
      vertex 13.68181324005127 16.05154037475586 -3
      vertex 13.68181324005127 16.05154037475586 -1
    endloop
  endfacet
  facet normal 0.9700301735558344 -0.24298449002197162 0
    outer loop
      vertex 13.68181324005127 16.05154037475586 -3
      vertex 13.636507034301758 15.870671272277832 -1
      vertex 13.636507034301758 15.870671272277832 -3
    endloop
  endfacet
  facet normal -0.4275603581330317 -0.9039868030857274 0
    outer loop
      vertex 16.22709846496582 17.25537109375 -3
      vertex 16.395652770996094 17.175649642944336 -1
      vertex 16.22709846496582 17.25537109375 -1
    endloop
  endfacet
  facet normal -0.4275603581330317 -0.9039868030857274 0
    outer loop
      vertex 16.395652770996094 17.175649642944336 -1
      vertex 16.22709846496582 17.25537109375 -3
      vertex 16.395652770996094 17.175649642944336 -3
    endloop
  endfacet
  facet normal 0.1467303160409106 -0.989176533463332 0
    outer loop
      vertex 15.129327774047852 17.36349105834961 -3
      vertex 15.313767433166504 17.390850067138672 -1
      vertex 15.129327774047852 17.36349105834961 -1
    endloop
  endfacet
  facet normal 0.1467303160409106 -0.989176533463332 0
    outer loop
      vertex 15.313767433166504 17.390850067138672 -1
      vertex 15.129327774047852 17.36349105834961 -3
      vertex 15.313767433166504 17.390850067138672 -3
    endloop
  endfacet
  facet normal 0.7409482977727402 -0.6715620745900404 0
    outer loop
      vertex 14.031279563903809 16.705347061157227 -1
      vertex 14.15649700164795 16.843502044677734 -3
      vertex 14.15649700164795 16.843502044677734 -1
    endloop
  endfacet
  facet normal 0.7409482977727402 -0.6715620745900404 0
    outer loop
      vertex 14.15649700164795 16.843502044677734 -3
      vertex 14.031279563903809 16.705347061157227 -1
      vertex 14.031279563903809 16.705347061157227 -3
    endloop
  endfacet
  facet normal 0.6715620745900404 -0.7409482977727402 0
    outer loop
      vertex 14.15649700164795 16.843502044677734 -3
      vertex 14.294651985168457 16.968719482421875 -1
      vertex 14.15649700164795 16.843502044677734 -1
    endloop
  endfacet
  facet normal 0.6715620745900404 -0.7409482977727402 0
    outer loop
      vertex 14.294651985168457 16.968719482421875 -1
      vertex 14.15649700164795 16.843502044677734 -3
      vertex 14.294651985168457 16.968719482421875 -3
    endloop
  endfacet
  facet normal 0.24297967728370956 -0.9700313790940499 0
    outer loop
      vertex 14.948458671569824 17.318185806274414 -3
      vertex 15.129327774047852 17.36349105834961 -1
      vertex 14.948458671569824 17.318185806274414 -1
    endloop
  endfacet
  facet normal 0.24297967728370956 -0.9700313790940499 0
    outer loop
      vertex 15.129327774047852 17.36349105834961 -1
      vertex 14.948458671569824 17.318185806274414 -3
      vertex 15.129327774047852 17.36349105834961 -3
    endloop
  endfacet
  facet normal 0.3368852102905531 0.9415457264984477 0
    outer loop
      vertex 14.948458671569824 13.68181324005127 -3
      vertex 14.772900581359863 13.744627952575684 -1
      vertex 14.948458671569824 13.68181324005127 -1
    endloop
  endfacet
  facet normal 0.3368852102905531 0.9415457264984477 0
    outer loop
      vertex 14.772900581359863 13.744627952575684 -1
      vertex 14.948458671569824 13.68181324005127 -3
      vertex 14.772900581359863 13.744627952575684 -3
    endloop
  endfacet
  facet normal -0.9415457264984477 -0.3368852102905531 0
    outer loop
      vertex 17.318185806274414 16.05154037475586 -3
      vertex 17.25537109375 16.22709846496582 -1
      vertex 17.25537109375 16.22709846496582 -3
    endloop
  endfacet
  facet normal -0.9415457264984477 -0.3368852102905531 0
    outer loop
      vertex 17.25537109375 16.22709846496582 -1
      vertex 17.318185806274414 16.05154037475586 -3
      vertex 17.318185806274414 16.05154037475586 -1
    endloop
  endfacet
  facet normal 0.9415457264984477 0.3368852102905531 0
    outer loop
      vertex 13.744627952575684 14.772900581359863 -1
      vertex 13.68181324005127 14.948458671569824 -3
      vertex 13.68181324005127 14.948458671569824 -1
    endloop
  endfacet
  facet normal 0.9415457264984477 0.3368852102905531 0
    outer loop
      vertex 13.68181324005127 14.948458671569824 -3
      vertex 13.744627952575684 14.772900581359863 -1
      vertex 13.744627952575684 14.772900581359863 -3
    endloop
  endfacet
  facet normal 0.5956991060609613 0.8032076786474165 0
    outer loop
      vertex 14.444416046142578 13.920207023620605 -3
      vertex 14.294651985168457 14.031279563903809 -1
      vertex 14.444416046142578 13.920207023620605 -1
    endloop
  endfacet
  facet normal 0.5956991060609613 0.8032076786474165 0
    outer loop
      vertex 14.294651985168457 14.031279563903809 -1
      vertex 14.444416046142578 13.920207023620605 -3
      vertex 14.294651985168457 14.031279563903809 -3
    endloop
  endfacet
  facet normal -0.989176533463332 -0.1467303160409106 0
    outer loop
      vertex 17.390850067138672 15.68623161315918 -3
      vertex 17.36349105834961 15.870671272277832 -1
      vertex 17.36349105834961 15.870671272277832 -3
    endloop
  endfacet
  facet normal -0.989176533463332 -0.1467303160409106 0
    outer loop
      vertex 17.36349105834961 15.870671272277832 -1
      vertex 17.390850067138672 15.68623161315918 -3
      vertex 17.390850067138672 15.68623161315918 -1
    endloop
  endfacet
  facet normal -0.9700313790940499 -0.24297967728370956 0
    outer loop
      vertex 17.36349105834961 15.870671272277832 -3
      vertex 17.318185806274414 16.05154037475586 -1
      vertex 17.318185806274414 16.05154037475586 -3
    endloop
  endfacet
  facet normal -0.9700313790940499 -0.24297967728370956 0
    outer loop
      vertex 17.318185806274414 16.05154037475586 -1
      vertex 17.36349105834961 15.870671272277832 -3
      vertex 17.36349105834961 15.870671272277832 -1
    endloop
  endfacet
  facet normal -0.9039868030857274 -0.4275603581330317 0
    outer loop
      vertex 17.25537109375 16.22709846496582 -3
      vertex 17.175649642944336 16.395652770996094 -1
      vertex 17.175649642944336 16.395652770996094 -3
    endloop
  endfacet
  facet normal -0.9039868030857274 -0.4275603581330317 0
    outer loop
      vertex 17.175649642944336 16.395652770996094 -1
      vertex 17.25537109375 16.22709846496582 -3
      vertex 17.25537109375 16.22709846496582 -1
    endloop
  endfacet
  facet normal 0.5956991060609613 -0.8032076786474165 0
    outer loop
      vertex 14.294651985168457 16.968719482421875 -3
      vertex 14.444416046142578 17.079792022705078 -1
      vertex 14.294651985168457 16.968719482421875 -1
    endloop
  endfacet
  facet normal 0.5956991060609613 -0.8032076786474165 0
    outer loop
      vertex 14.444416046142578 17.079792022705078 -1
      vertex 14.294651985168457 16.968719482421875 -3
      vertex 14.444416046142578 17.079792022705078 -3
    endloop
  endfacet
  facet normal -0.9415457264984477 0.3368852102905531 0
    outer loop
      vertex 17.25537109375 14.772900581359863 -3
      vertex 17.318185806274414 14.948458671569824 -1
      vertex 17.318185806274414 14.948458671569824 -3
    endloop
  endfacet
  facet normal -0.9415457264984477 0.3368852102905531 0
    outer loop
      vertex 17.318185806274414 14.948458671569824 -1
      vertex 17.25537109375 14.772900581359863 -3
      vertex 17.25537109375 14.772900581359863 -1
    endloop
  endfacet
  facet normal -0.6715620745900404 -0.7409482977727402 0
    outer loop
      vertex 16.705347061157227 16.968719482421875 -3
      vertex 16.843502044677734 16.843502044677734 -1
      vertex 16.705347061157227 16.968719482421875 -1
    endloop
  endfacet
  facet normal -0.6715620745900404 -0.7409482977727402 0
    outer loop
      vertex 16.843502044677734 16.843502044677734 -1
      vertex 16.705347061157227 16.968719482421875 -3
      vertex 16.843502044677734 16.843502044677734 -3
    endloop
  endfacet
  facet normal -0.9987953163543718 0.04907052097308898 0
    outer loop
      vertex 17.390850067138672 15.313767433166504 -3
      vertex 17.399999618530273 15.5 -1
      vertex 17.399999618530273 15.5 -3
    endloop
  endfacet
  facet normal -0.9987953163543718 0.04907052097308898 0
    outer loop
      vertex 17.399999618530273 15.5 -1
      vertex 17.390850067138672 15.313767433166504 -3
      vertex 17.390850067138672 15.313767433166504 -1
    endloop
  endfacet
  facet normal -0.595701553300181 0.8032058636462706 0
    outer loop
      vertex 16.705347061157227 14.031279563903809 -3
      vertex 16.555583953857422 13.920207023620605 -1
      vertex 16.705347061157227 14.031279563903809 -1
    endloop
  endfacet
  facet normal -0.595701553300181 0.8032058636462706 0
    outer loop
      vertex 16.555583953857422 13.920207023620605 -1
      vertex 16.705347061157227 14.031279563903809 -3
      vertex 16.555583953857422 13.920207023620605 -3
    endloop
  endfacet
  facet normal -0.14672531146040976 0.9891772758089653 0
    outer loop
      vertex 15.870671272277832 13.636507034301758 -3
      vertex 15.68623161315918 13.609148979187012 -1
      vertex 15.870671272277832 13.636507034301758 -1
    endloop
  endfacet
  facet normal -0.14672531146040976 0.9891772758089653 0
    outer loop
      vertex 15.68623161315918 13.609148979187012 -1
      vertex 15.870671272277832 13.636507034301758 -3
      vertex 15.68623161315918 13.609148979187012 -3
    endloop
  endfacet
  facet normal -0.4275603581330317 0.9039868030857274 0
    outer loop
      vertex 16.395652770996094 13.824349403381348 -3
      vertex 16.22709846496582 13.744627952575684 -1
      vertex 16.395652770996094 13.824349403381348 -1
    endloop
  endfacet
  facet normal -0.4275603581330317 0.9039868030857274 0
    outer loop
      vertex 16.22709846496582 13.744627952575684 -1
      vertex 16.395652770996094 13.824349403381348 -3
      vertex 16.22709846496582 13.744627952575684 -3
    endloop
  endfacet
  facet normal -0.7409482977727402 0.6715620745900404 0
    outer loop
      vertex 16.843502044677734 14.15649700164795 -3
      vertex 16.968719482421875 14.294651985168457 -1
      vertex 16.968719482421875 14.294651985168457 -3
    endloop
  endfacet
  facet normal -0.7409482977727402 0.6715620745900404 0
    outer loop
      vertex 16.968719482421875 14.294651985168457 -1
      vertex 16.843502044677734 14.15649700164795 -3
      vertex 16.843502044677734 14.15649700164795 -1
    endloop
  endfacet
  facet normal -0.24297967728370956 -0.9700313790940499 0
    outer loop
      vertex 15.870671272277832 17.36349105834961 -3
      vertex 16.05154037475586 17.318185806274414 -1
      vertex 15.870671272277832 17.36349105834961 -1
    endloop
  endfacet
  facet normal -0.24297967728370956 -0.9700313790940499 0
    outer loop
      vertex 16.05154037475586 17.318185806274414 -1
      vertex 15.870671272277832 17.36349105834961 -3
      vertex 16.05154037475586 17.318185806274414 -3
    endloop
  endfacet
  facet normal -0.3368852102905531 -0.9415457264984477 0
    outer loop
      vertex 16.05154037475586 17.318185806274414 -3
      vertex 16.22709846496582 17.25537109375 -1
      vertex 16.05154037475586 17.318185806274414 -1
    endloop
  endfacet
  facet normal -0.3368852102905531 -0.9415457264984477 0
    outer loop
      vertex 16.22709846496582 17.25537109375 -1
      vertex 16.05154037475586 17.318185806274414 -3
      vertex 16.22709846496582 17.25537109375 -3
    endloop
  endfacet
  facet normal -0.6715620745900404 0.7409482977727402 0
    outer loop
      vertex 16.843502044677734 14.15649700164795 -3
      vertex 16.705347061157227 14.031279563903809 -1
      vertex 16.843502044677734 14.15649700164795 -1
    endloop
  endfacet
  facet normal -0.6715620745900404 0.7409482977727402 0
    outer loop
      vertex 16.705347061157227 14.031279563903809 -1
      vertex 16.843502044677734 14.15649700164795 -3
      vertex 16.705347061157227 14.031279563903809 -3
    endloop
  endfacet
  facet normal 0.9415457264984477 -0.3368852102905531 0
    outer loop
      vertex 13.68181324005127 16.05154037475586 -1
      vertex 13.744627952575684 16.22709846496582 -3
      vertex 13.744627952575684 16.22709846496582 -1
    endloop
  endfacet
  facet normal 0.9415457264984477 -0.3368852102905531 0
    outer loop
      vertex 13.744627952575684 16.22709846496582 -3
      vertex 13.68181324005127 16.05154037475586 -1
      vertex 13.68181324005127 16.05154037475586 -3
    endloop
  endfacet
  facet normal 0.5141015663138948 -0.8577293159928719 0
    outer loop
      vertex 14.444416046142578 17.079792022705078 -3
      vertex 14.604345321655273 17.175649642944336 -1
      vertex 14.444416046142578 17.079792022705078 -1
    endloop
  endfacet
  facet normal 0.5141015663138948 -0.8577293159928719 0
    outer loop
      vertex 14.604345321655273 17.175649642944336 -1
      vertex 14.444416046142578 17.079792022705078 -3
      vertex 14.604345321655273 17.175649642944336 -3
    endloop
  endfacet
  facet normal 0.9891772758089653 0.14672531146040976 0
    outer loop
      vertex 13.636507034301758 15.129327774047852 -1
      vertex 13.609148979187012 15.313767433166504 -3
      vertex 13.609148979187012 15.313767433166504 -1
    endloop
  endfacet
  facet normal 0.9891772758089653 0.14672531146040976 0
    outer loop
      vertex 13.609148979187012 15.313767433166504 -3
      vertex 13.636507034301758 15.129327774047852 -1
      vertex 13.636507034301758 15.129327774047852 -3
    endloop
  endfacet
  facet normal -0.9039877380912533 0.4275583812541387 0
    outer loop
      vertex 17.175649642944336 14.604345321655273 -3
      vertex 17.25537109375 14.772900581359863 -1
      vertex 17.25537109375 14.772900581359863 -3
    endloop
  endfacet
  facet normal -0.9039877380912533 0.4275583812541387 0
    outer loop
      vertex 17.25537109375 14.772900581359863 -1
      vertex 17.175649642944336 14.604345321655273 -3
      vertex 17.175649642944336 14.604345321655273 -1
    endloop
  endfacet
  facet normal 0.24298449002197162 0.9700301735558344 0
    outer loop
      vertex 15.129327774047852 13.636507034301758 -3
      vertex 14.948458671569824 13.68181324005127 -1
      vertex 15.129327774047852 13.636507034301758 -1
    endloop
  endfacet
  facet normal 0.24298449002197162 0.9700301735558344 0
    outer loop
      vertex 14.948458671569824 13.68181324005127 -1
      vertex 15.129327774047852 13.636507034301758 -3
      vertex 14.948458671569824 13.68181324005127 -3
    endloop
  endfacet
  facet normal -0.8032076786474165 0.5956991060609613 0
    outer loop
      vertex 16.968719482421875 14.294651985168457 -3
      vertex 17.079792022705078 14.444416046142578 -1
      vertex 17.079792022705078 14.444416046142578 -3
    endloop
  endfacet
  facet normal -0.8032076786474165 0.5956991060609613 0
    outer loop
      vertex 17.079792022705078 14.444416046142578 -1
      vertex 16.968719482421875 14.294651985168457 -3
      vertex 16.968719482421875 14.294651985168457 -1
    endloop
  endfacet
  facet normal -0.989176533463332 0.1467303160409106 0
    outer loop
      vertex 17.36349105834961 15.129327774047852 -3
      vertex 17.390850067138672 15.313767433166504 -1
      vertex 17.390850067138672 15.313767433166504 -3
    endloop
  endfacet
  facet normal -0.989176533463332 0.1467303160409106 0
    outer loop
      vertex 17.390850067138672 15.313767433166504 -1
      vertex 17.36349105834961 15.129327774047852 -3
      vertex 17.36349105834961 15.129327774047852 -1
    endloop
  endfacet
  facet normal 0.8032076786474165 0.5956991060609613 0
    outer loop
      vertex 14.031279563903809 14.294651985168457 -1
      vertex 13.920207023620605 14.444416046142578 -3
      vertex 13.920207023620605 14.444416046142578 -1
    endloop
  endfacet
  facet normal 0.8032076786474165 0.5956991060609613 0
    outer loop
      vertex 13.920207023620605 14.444416046142578 -3
      vertex 14.031279563903809 14.294651985168457 -1
      vertex 14.031279563903809 14.294651985168457 -3
    endloop
  endfacet
  facet normal -0.8577320196057392 -0.5140970555673898 0
    outer loop
      vertex 17.175649642944336 16.395652770996094 -3
      vertex 17.079792022705078 16.555583953857422 -1
      vertex 17.079792022705078 16.555583953857422 -3
    endloop
  endfacet
  facet normal -0.8577320196057392 -0.5140970555673898 0
    outer loop
      vertex 17.079792022705078 16.555583953857422 -1
      vertex 17.175649642944336 16.395652770996094 -3
      vertex 17.175649642944336 16.395652770996094 -1
    endloop
  endfacet
  facet normal -0.9700313790940499 0.24297967728370956 0
    outer loop
      vertex 17.318185806274414 14.948458671569824 -3
      vertex 17.36349105834961 15.129327774047852 -1
      vertex 17.36349105834961 15.129327774047852 -3
    endloop
  endfacet
  facet normal -0.9700313790940499 0.24297967728370956 0
    outer loop
      vertex 17.36349105834961 15.129327774047852 -1
      vertex 17.318185806274414 14.948458671569824 -3
      vertex 17.318185806274414 14.948458671569824 -1
    endloop
  endfacet
  facet normal -0.595701553300181 -0.8032058636462706 0
    outer loop
      vertex 16.555583953857422 17.079792022705078 -3
      vertex 16.705347061157227 16.968719482421875 -1
      vertex 16.555583953857422 17.079792022705078 -1
    endloop
  endfacet
  facet normal -0.595701553300181 -0.8032058636462706 0
    outer loop
      vertex 16.705347061157227 16.968719482421875 -1
      vertex 16.555583953857422 17.079792022705078 -3
      vertex 16.705347061157227 16.968719482421875 -3
    endloop
  endfacet
  facet normal 0.9700301735558344 0.24298449002197162 0
    outer loop
      vertex 13.68181324005127 14.948458671569824 -1
      vertex 13.636507034301758 15.129327774047852 -3
      vertex 13.636507034301758 15.129327774047852 -1
    endloop
  endfacet
  facet normal 0.9700301735558344 0.24298449002197162 0
    outer loop
      vertex 13.636507034301758 15.129327774047852 -3
      vertex 13.68181324005127 14.948458671569824 -1
      vertex 13.68181324005127 14.948458671569824 -3
    endloop
  endfacet
  facet normal -0.04907077165346452 -0.9987953040384869 0
    outer loop
      vertex 15.5 17.399999618530273 -3
      vertex 15.68623161315918 17.390850067138672 -1
      vertex 15.5 17.399999618530273 -1
    endloop
  endfacet
  facet normal -0.04907077165346452 -0.9987953040384869 0
    outer loop
      vertex 15.68623161315918 17.390850067138672 -1
      vertex 15.5 17.399999618530273 -3
      vertex 15.68623161315918 17.390850067138672 -3
    endloop
  endfacet
  facet normal -0.5140970555673898 0.8577320196057392 0
    outer loop
      vertex 16.555583953857422 13.920207023620605 -3
      vertex 16.395652770996094 13.824349403381348 -1
      vertex 16.555583953857422 13.920207023620605 -1
    endloop
  endfacet
  facet normal -0.5140970555673898 0.8577320196057392 0
    outer loop
      vertex 16.395652770996094 13.824349403381348 -1
      vertex 16.555583953857422 13.920207023620605 -3
      vertex 16.395652770996094 13.824349403381348 -3
    endloop
  endfacet
  facet normal -0.1467303160409106 -0.989176533463332 0
    outer loop
      vertex 15.68623161315918 17.390850067138672 -3
      vertex 15.870671272277832 17.36349105834961 -1
      vertex 15.68623161315918 17.390850067138672 -1
    endloop
  endfacet
  facet normal -0.1467303160409106 -0.989176533463332 0
    outer loop
      vertex 15.870671272277832 17.36349105834961 -1
      vertex 15.68623161315918 17.390850067138672 -3
      vertex 15.870671272277832 17.36349105834961 -3
    endloop
  endfacet
  facet normal 0.9987953163543718 0.04907052097308898 0
    outer loop
      vertex 13.609148979187012 15.313767433166504 -1
      vertex 13.59999942779541 15.5 -3
      vertex 13.59999942779541 15.5 -1
    endloop
  endfacet
  facet normal 0.9987953163543718 0.04907052097308898 0
    outer loop
      vertex 13.59999942779541 15.5 -3
      vertex 13.609148979187012 15.313767433166504 -1
      vertex 13.609148979187012 15.313767433166504 -3
    endloop
  endfacet
  facet normal 0.5141015663138948 0.8577293159928719 0
    outer loop
      vertex 14.604345321655273 13.824349403381348 -3
      vertex 14.444416046142578 13.920207023620605 -1
      vertex 14.604345321655273 13.824349403381348 -1
    endloop
  endfacet
  facet normal 0.5141015663138948 0.8577293159928719 0
    outer loop
      vertex 14.444416046142578 13.920207023620605 -1
      vertex 14.604345321655273 13.824349403381348 -3
      vertex 14.444416046142578 13.920207023620605 -3
    endloop
  endfacet
  facet normal 0.8577320196057392 -0.5140970555673898 0
    outer loop
      vertex 13.824349403381348 16.395652770996094 -1
      vertex 13.920207023620605 16.555583953857422 -3
      vertex 13.920207023620605 16.555583953857422 -1
    endloop
  endfacet
  facet normal 0.8577320196057392 -0.5140970555673898 0
    outer loop
      vertex 13.920207023620605 16.555583953857422 -3
      vertex 13.824349403381348 16.395652770996094 -1
      vertex 13.824349403381348 16.395652770996094 -3
    endloop
  endfacet
  facet normal 0.4275583812541387 -0.9039877380912533 0
    outer loop
      vertex 14.604345321655273 17.175649642944336 -3
      vertex 14.772900581359863 17.25537109375 -1
      vertex 14.604345321655273 17.175649642944336 -1
    endloop
  endfacet
  facet normal 0.4275583812541387 -0.9039877380912533 0
    outer loop
      vertex 14.772900581359863 17.25537109375 -1
      vertex 14.604345321655273 17.175649642944336 -3
      vertex 14.772900581359863 17.25537109375 -3
    endloop
  endfacet
  facet normal -0.7409482977727402 -0.6715620745900404 0
    outer loop
      vertex 16.968719482421875 16.705347061157227 -3
      vertex 16.843502044677734 16.843502044677734 -1
      vertex 16.843502044677734 16.843502044677734 -3
    endloop
  endfacet
  facet normal -0.7409482977727402 -0.6715620745900404 0
    outer loop
      vertex 16.843502044677734 16.843502044677734 -1
      vertex 16.968719482421875 16.705347061157227 -3
      vertex 16.968719482421875 16.705347061157227 -1
    endloop
  endfacet
  facet normal -0.8032058636462706 -0.595701553300181 0
    outer loop
      vertex 17.079792022705078 16.555583953857422 -3
      vertex 16.968719482421875 16.705347061157227 -1
      vertex 16.968719482421875 16.705347061157227 -3
    endloop
  endfacet
  facet normal -0.8032058636462706 -0.595701553300181 0
    outer loop
      vertex 16.968719482421875 16.705347061157227 -1
      vertex 17.079792022705078 16.555583953857422 -3
      vertex 17.079792022705078 16.555583953857422 -1
    endloop
  endfacet
  facet normal 0.9891772758089653 -0.14672531146040976 0
    outer loop
      vertex 13.609148979187012 15.68623161315918 -1
      vertex 13.636507034301758 15.870671272277832 -3
      vertex 13.636507034301758 15.870671272277832 -1
    endloop
  endfacet
  facet normal 0.9891772758089653 -0.14672531146040976 0
    outer loop
      vertex 13.636507034301758 15.870671272277832 -3
      vertex 13.609148979187012 15.68623161315918 -1
      vertex 13.609148979187012 15.68623161315918 -3
    endloop
  endfacet
  facet normal 0.9039877380912533 0.4275583812541387 0
    outer loop
      vertex 13.824349403381348 14.604345321655273 -1
      vertex 13.744627952575684 14.772900581359863 -3
      vertex 13.744627952575684 14.772900581359863 -1
    endloop
  endfacet
  facet normal 0.9039877380912533 0.4275583812541387 0
    outer loop
      vertex 13.744627952575684 14.772900581359863 -3
      vertex 13.824349403381348 14.604345321655273 -1
      vertex 13.824349403381348 14.604345321655273 -3
    endloop
  endfacet
  facet normal 0.8032058636462706 -0.595701553300181 0
    outer loop
      vertex 13.920207023620605 16.555583953857422 -1
      vertex 14.031279563903809 16.705347061157227 -3
      vertex 14.031279563903809 16.705347061157227 -1
    endloop
  endfacet
  facet normal 0.8032058636462706 -0.595701553300181 0
    outer loop
      vertex 14.031279563903809 16.705347061157227 -3
      vertex 13.920207023620605 16.555583953857422 -1
      vertex 13.920207023620605 16.555583953857422 -3
    endloop
  endfacet
  facet normal 0.7409482977727402 0.6715620745900404 0
    outer loop
      vertex 14.15649700164795 14.15649700164795 -1
      vertex 14.031279563903809 14.294651985168457 -3
      vertex 14.031279563903809 14.294651985168457 -1
    endloop
  endfacet
  facet normal 0.7409482977727402 0.6715620745900404 0
    outer loop
      vertex 14.031279563903809 14.294651985168457 -3
      vertex 14.15649700164795 14.15649700164795 -1
      vertex 14.15649700164795 14.15649700164795 -3
    endloop
  endfacet
  facet normal 0.6715620745900404 0.7409482977727402 0
    outer loop
      vertex 14.294651985168457 14.031279563903809 -3
      vertex 14.15649700164795 14.15649700164795 -1
      vertex 14.294651985168457 14.031279563903809 -1
    endloop
  endfacet
  facet normal 0.6715620745900404 0.7409482977727402 0
    outer loop
      vertex 14.15649700164795 14.15649700164795 -1
      vertex 14.294651985168457 14.031279563903809 -3
      vertex 14.15649700164795 14.15649700164795 -3
    endloop
  endfacet
  facet normal 0.9987953040384869 -0.04907077165346452 0
    outer loop
      vertex 13.59999942779541 15.5 -1
      vertex 13.609148979187012 15.68623161315918 -3
      vertex 13.609148979187012 15.68623161315918 -1
    endloop
  endfacet
  facet normal 0.9987953040384869 -0.04907077165346452 0
    outer loop
      vertex 13.609148979187012 15.68623161315918 -3
      vertex 13.59999942779541 15.5 -1
      vertex 13.59999942779541 15.5 -3
    endloop
  endfacet
  facet normal 0.4275583812541387 0.9039877380912533 0
    outer loop
      vertex 14.772900581359863 13.744627952575684 -3
      vertex 14.604345321655273 13.824349403381348 -1
      vertex 14.772900581359863 13.744627952575684 -1
    endloop
  endfacet
  facet normal 0.4275583812541387 0.9039877380912533 0
    outer loop
      vertex 14.604345321655273 13.824349403381348 -1
      vertex 14.772900581359863 13.744627952575684 -3
      vertex 14.604345321655273 13.824349403381348 -3
    endloop
  endfacet
  facet normal 0.8577293159928719 0.5141015663138948 0
    outer loop
      vertex 13.920207023620605 14.444416046142578 -1
      vertex 13.824349403381348 14.604345321655273 -3
      vertex 13.824349403381348 14.604345321655273 -1
    endloop
  endfacet
  facet normal 0.8577293159928719 0.5141015663138948 0
    outer loop
      vertex 13.824349403381348 14.604345321655273 -3
      vertex 13.920207023620605 14.444416046142578 -1
      vertex 13.920207023620605 14.444416046142578 -3
    endloop
  endfacet
  facet normal -0.24298449002197162 0.9700301735558344 0
    outer loop
      vertex 16.05154037475586 13.68181324005127 -3
      vertex 15.870671272277832 13.636507034301758 -1
      vertex 16.05154037475586 13.68181324005127 -1
    endloop
  endfacet
  facet normal -0.24298449002197162 0.9700301735558344 0
    outer loop
      vertex 15.870671272277832 13.636507034301758 -1
      vertex 16.05154037475586 13.68181324005127 -3
      vertex 15.870671272277832 13.636507034301758 -3
    endloop
  endfacet
  facet normal -0.04907077165346452 0.9987953040384869 0
    outer loop
      vertex 15.68623161315918 13.609148979187012 -3
      vertex 15.5 13.59999942779541 -1
      vertex 15.68623161315918 13.609148979187012 -1
    endloop
  endfacet
  facet normal -0.04907077165346452 0.9987953040384869 0
    outer loop
      vertex 15.5 13.59999942779541 -1
      vertex 15.68623161315918 13.609148979187012 -3
      vertex 15.5 13.59999942779541 -3
    endloop
  endfacet
  facet normal 0.04907052097308898 0.9987953163543718 0
    outer loop
      vertex 15.5 13.59999942779541 -3
      vertex 15.313767433166504 13.609148979187012 -1
      vertex 15.5 13.59999942779541 -1
    endloop
  endfacet
  facet normal 0.04907052097308898 0.9987953163543718 0
    outer loop
      vertex 15.313767433166504 13.609148979187012 -1
      vertex 15.5 13.59999942779541 -3
      vertex 15.313767433166504 13.609148979187012 -3
    endloop
  endfacet
  facet normal 0.3368852102905531 -0.9415457264984477 0
    outer loop
      vertex 14.772900581359863 17.25537109375 -3
      vertex 14.948458671569824 17.318185806274414 -1
      vertex 14.772900581359863 17.25537109375 -1
    endloop
  endfacet
  facet normal 0.3368852102905531 -0.9415457264984477 0
    outer loop
      vertex 14.948458671569824 17.318185806274414 -1
      vertex 14.772900581359863 17.25537109375 -3
      vertex 14.948458671569824 17.318185806274414 -3
    endloop
  endfacet
  facet normal -0.3368852102905531 0.9415457264984477 0
    outer loop
      vertex 16.22709846496582 13.744627952575684 -3
      vertex 16.05154037475586 13.68181324005127 -1
      vertex 16.22709846496582 13.744627952575684 -1
    endloop
  endfacet
  facet normal -0.3368852102905531 0.9415457264984477 0
    outer loop
      vertex 16.05154037475586 13.68181324005127 -1
      vertex 16.22709846496582 13.744627952575684 -3
      vertex 16.05154037475586 13.68181324005127 -3
    endloop
  endfacet
  facet normal -0.9891764852307277 -0.14673064119870816 0
    outer loop
      vertex 11.19582748413086 1.1026926040649414 -3
      vertex 11.033833503723145 2.194766044616699 -1
      vertex 11.033833503723145 2.194766044616699 -3
    endloop
  endfacet
  facet normal -0.9891764852307277 -0.14673064119870816 0
    outer loop
      vertex 11.033833503723145 2.194766044616699 -1
      vertex 11.19582748413086 1.1026926040649414 -3
      vertex 11.19582748413086 1.1026926040649414 -1
    endloop
  endfacet
  facet normal -0.9987954250439971 -0.04906830862360116 0
    outer loop
      vertex 11.25 0 -3
      vertex 11.19582748413086 1.1026926040649414 -1
      vertex 11.19582748413086 1.1026926040649414 -3
    endloop
  endfacet
  facet normal -0.9987954250439971 -0.04906830862360116 0
    outer loop
      vertex 11.19582748413086 1.1026926040649414 -1
      vertex 11.25 0 -3
      vertex 11.25 0 -1
    endloop
  endfacet
  facet normal 0.9039892940563247 -0.4275550914578702 0
    outer loop
      vertex -10.393644332885742 4.305188179016113 -1
      vertex -9.921613693237305 5.303213119506836 -3
      vertex -9.921613693237305 5.303213119506836 -1
    endloop
  endfacet
  facet normal 0.9039892940563247 -0.4275550914578702 0
    outer loop
      vertex -9.921613693237305 5.303213119506836 -3
      vertex -10.393644332885742 4.305188179016113 -1
      vertex -10.393644332885742 4.305188179016113 -3
    endloop
  endfacet
  facet normal -0.9415440871354693 0.33688979203923025 0
    outer loop
      vertex 10.393644332885742 -4.305188179016113 -3
      vertex 10.765578269958496 -3.265702247619629 -1
      vertex 10.765578269958496 -3.265702247619629 -3
    endloop
  endfacet
  facet normal -0.9415440871354693 0.33688979203923025 0
    outer loop
      vertex 10.765578269958496 -3.265702247619629 -1
      vertex 10.393644332885742 -4.305188179016113 -3
      vertex 10.393644332885742 -4.305188179016113 -1
    endloop
  endfacet
  facet normal 0.5956993635411323 -0.8032074876871418 0
    outer loop
      vertex -7.136923789978027 8.696367263793945 -3
      vertex -6.250164985656738 9.354032516479492 -1
      vertex -7.136923789978027 8.696367263793945 -1
    endloop
  endfacet
  facet normal 0.5956993635411323 -0.8032074876871418 0
    outer loop
      vertex -6.250164985656738 9.354032516479492 -1
      vertex -7.136923789978027 8.696367263793945 -3
      vertex -6.250164985656738 9.354032516479492 -3
    endloop
  endfacet
  facet normal -0.9039892940563247 0.4275550914578702 0
    outer loop
      vertex 9.921613693237305 -5.303213119506836 -3
      vertex 10.393644332885742 -4.305188179016113 -1
      vertex 10.393644332885742 -4.305188179016113 -3
    endloop
  endfacet
  facet normal -0.9039892940563247 0.4275550914578702 0
    outer loop
      vertex 10.393644332885742 -4.305188179016113 -1
      vertex 9.921613693237305 -5.303213119506836 -3
      vertex 9.921613693237305 -5.303213119506836 -1
    endloop
  endfacet
  facet normal -0.2429799069241764 0.9700313215722051 0
    outer loop
      vertex 3.265702247619629 -10.765578269958496 -3
      vertex 2.194766044616699 -11.033833503723145 -1
      vertex 3.265702247619629 -10.765578269958496 -1
    endloop
  endfacet
  facet normal -0.2429799069241764 0.9700313215722051 0
    outer loop
      vertex 2.194766044616699 -11.033833503723145 -1
      vertex 3.265702247619629 -10.765578269958496 -3
      vertex 2.194766044616699 -11.033833503723145 -3
    endloop
  endfacet
  facet normal 0.8577285816897002 -0.5141027914265542 0
    outer loop
      vertex -9.921613693237305 5.303213119506836 -1
      vertex -9.354032516479492 6.250164985656738 -3
      vertex -9.354032516479492 6.250164985656738 -1
    endloop
  endfacet
  facet normal 0.8577285816897002 -0.5141027914265542 0
    outer loop
      vertex -9.354032516479492 6.250164985656738 -3
      vertex -9.921613693237305 5.303213119506836 -1
      vertex -9.921613693237305 5.303213119506836 -3
    endloop
  endfacet
  facet normal -0.9987954250439971 0.04906830862360116 0
    outer loop
      vertex 11.19582748413086 -1.1026926040649414 -3
      vertex 11.25 0 -1
      vertex 11.25 0 -3
    endloop
  endfacet
  facet normal -0.9987954250439971 0.04906830862360116 0
    outer loop
      vertex 11.25 0 -1
      vertex 11.19582748413086 -1.1026926040649414 -3
      vertex 11.19582748413086 -1.1026926040649414 -1
    endloop
  endfacet
  facet normal -0.9891764852307277 0.14673064119870816 0
    outer loop
      vertex 11.033833503723145 -2.194766044616699 -3
      vertex 11.19582748413086 -1.1026926040649414 -1
      vertex 11.19582748413086 -1.1026926040649414 -3
    endloop
  endfacet
  facet normal -0.9891764852307277 0.14673064119870816 0
    outer loop
      vertex 11.19582748413086 -1.1026926040649414 -1
      vertex 11.033833503723145 -2.194766044616699 -3
      vertex 11.033833503723145 -2.194766044616699 -1
    endloop
  endfacet
  facet normal 0.67155849336721 -0.7409515436156154 0
    outer loop
      vertex -7.954951286315918 7.954951286315918 -3
      vertex -7.136923789978027 8.696367263793945 -1
      vertex -7.954951286315918 7.954951286315918 -1
    endloop
  endfacet
  facet normal 0.67155849336721 -0.7409515436156154 0
    outer loop
      vertex -7.136923789978027 8.696367263793945 -1
      vertex -7.954951286315918 7.954951286315918 -3
      vertex -7.136923789978027 8.696367263793945 -3
    endloop
  endfacet
  facet normal 0.04906830862360116 0.9987954250439971 0
    outer loop
      vertex 0 -11.25 -3
      vertex -1.1026926040649414 -11.19582748413086 -1
      vertex 0 -11.25 -1
    endloop
  endfacet
  facet normal 0.04906830862360116 0.9987954250439971 0
    outer loop
      vertex -1.1026926040649414 -11.19582748413086 -1
      vertex 0 -11.25 -3
      vertex -1.1026926040649414 -11.19582748413086 -3
    endloop
  endfacet
  facet normal -0.04906830862360116 -0.9987954250439971 0
    outer loop
      vertex 0 11.25 -3
      vertex 1.1026926040649414 11.19582748413086 -1
      vertex 0 11.25 -1
    endloop
  endfacet
  facet normal -0.04906830862360116 -0.9987954250439971 0
    outer loop
      vertex 1.1026926040649414 11.19582748413086 -1
      vertex 0 11.25 -3
      vertex 1.1026926040649414 11.19582748413086 -3
    endloop
  endfacet
  facet normal -0.9700313215722051 -0.2429799069241764 0
    outer loop
      vertex 11.033833503723145 2.194766044616699 -3
      vertex 10.765578269958496 3.265702247619629 -1
      vertex 10.765578269958496 3.265702247619629 -3
    endloop
  endfacet
  facet normal -0.9700313215722051 -0.2429799069241764 0
    outer loop
      vertex 10.765578269958496 3.265702247619629 -1
      vertex 11.033833503723145 2.194766044616699 -3
      vertex 11.033833503723145 2.194766044616699 -1
    endloop
  endfacet
  facet normal 0.33688979203923025 0.9415440871354693 0
    outer loop
      vertex -3.265702247619629 -10.765578269958496 -3
      vertex -4.305188179016113 -10.393644332885742 -1
      vertex -3.265702247619629 -10.765578269958496 -1
    endloop
  endfacet
  facet normal 0.33688979203923025 0.9415440871354693 0
    outer loop
      vertex -4.305188179016113 -10.393644332885742 -1
      vertex -3.265702247619629 -10.765578269958496 -3
      vertex -4.305188179016113 -10.393644332885742 -3
    endloop
  endfacet
  facet normal -0.9415440871354693 -0.33688979203923025 0
    outer loop
      vertex 10.765578269958496 3.265702247619629 -3
      vertex 10.393644332885742 4.305188179016113 -1
      vertex 10.393644332885742 4.305188179016113 -3
    endloop
  endfacet
  facet normal -0.9415440871354693 -0.33688979203923025 0
    outer loop
      vertex 10.393644332885742 4.305188179016113 -1
      vertex 10.765578269958496 3.265702247619629 -3
      vertex 10.765578269958496 3.265702247619629 -1
    endloop
  endfacet
  facet normal 0.9700313215722051 0.2429799069241764 0
    outer loop
      vertex -10.765578269958496 -3.265702247619629 -1
      vertex -11.033833503723145 -2.194766044616699 -3
      vertex -11.033833503723145 -2.194766044616699 -1
    endloop
  endfacet
  facet normal 0.9700313215722051 0.2429799069241764 0
    outer loop
      vertex -11.033833503723145 -2.194766044616699 -3
      vertex -10.765578269958496 -3.265702247619629 -1
      vertex -10.765578269958496 -3.265702247619629 -3
    endloop
  endfacet
  facet normal -0.8032074876871418 0.5956993635411323 0
    outer loop
      vertex 8.696367263793945 -7.136923789978027 -3
      vertex 9.354032516479492 -6.250164985656738 -1
      vertex 9.354032516479492 -6.250164985656738 -3
    endloop
  endfacet
  facet normal -0.8032074876871418 0.5956993635411323 0
    outer loop
      vertex 9.354032516479492 -6.250164985656738 -1
      vertex 8.696367263793945 -7.136923789978027 -3
      vertex 8.696367263793945 -7.136923789978027 -1
    endloop
  endfacet
  facet normal -0.5956993635411323 -0.8032074876871418 0
    outer loop
      vertex 6.250164985656738 9.354032516479492 -3
      vertex 7.136923789978027 8.696367263793945 -1
      vertex 6.250164985656738 9.354032516479492 -1
    endloop
  endfacet
  facet normal -0.5956993635411323 -0.8032074876871418 0
    outer loop
      vertex 7.136923789978027 8.696367263793945 -1
      vertex 6.250164985656738 9.354032516479492 -3
      vertex 7.136923789978027 8.696367263793945 -3
    endloop
  endfacet
  facet normal 0.5956993635411323 0.8032074876871418 0
    outer loop
      vertex -6.250164985656738 -9.354032516479492 -3
      vertex -7.136923789978027 -8.696367263793945 -1
      vertex -6.250164985656738 -9.354032516479492 -1
    endloop
  endfacet
  facet normal 0.5956993635411323 0.8032074876871418 0
    outer loop
      vertex -7.136923789978027 -8.696367263793945 -1
      vertex -6.250164985656738 -9.354032516479492 -3
      vertex -7.136923789978027 -8.696367263793945 -3
    endloop
  endfacet
  facet normal 0.9039892940563247 0.4275550914578702 0
    outer loop
      vertex -9.921613693237305 -5.303213119506836 -1
      vertex -10.393644332885742 -4.305188179016113 -3
      vertex -10.393644332885742 -4.305188179016113 -1
    endloop
  endfacet
  facet normal 0.9039892940563247 0.4275550914578702 0
    outer loop
      vertex -10.393644332885742 -4.305188179016113 -3
      vertex -9.921613693237305 -5.303213119506836 -1
      vertex -9.921613693237305 -5.303213119506836 -3
    endloop
  endfacet
  facet normal 0.2429799069241764 0.9700313215722051 0
    outer loop
      vertex -2.194766044616699 -11.033833503723145 -3
      vertex -3.265702247619629 -10.765578269958496 -1
      vertex -2.194766044616699 -11.033833503723145 -1
    endloop
  endfacet
  facet normal 0.2429799069241764 0.9700313215722051 0
    outer loop
      vertex -3.265702247619629 -10.765578269958496 -1
      vertex -2.194766044616699 -11.033833503723145 -3
      vertex -3.265702247619629 -10.765578269958496 -3
    endloop
  endfacet
  facet normal 0.5141027914265542 -0.8577285816897002 0
    outer loop
      vertex -6.250164985656738 9.354032516479492 -3
      vertex -5.303213119506836 9.921613693237305 -1
      vertex -6.250164985656738 9.354032516479492 -1
    endloop
  endfacet
  facet normal 0.5141027914265542 -0.8577285816897002 0
    outer loop
      vertex -5.303213119506836 9.921613693237305 -1
      vertex -6.250164985656738 9.354032516479492 -3
      vertex -5.303213119506836 9.921613693237305 -3
    endloop
  endfacet
  facet normal 0.8032074876871418 -0.5956993635411323 0
    outer loop
      vertex -9.354032516479492 6.250164985656738 -1
      vertex -8.696367263793945 7.136923789978027 -3
      vertex -8.696367263793945 7.136923789978027 -1
    endloop
  endfacet
  facet normal 0.8032074876871418 -0.5956993635411323 0
    outer loop
      vertex -8.696367263793945 7.136923789978027 -3
      vertex -9.354032516479492 6.250164985656738 -1
      vertex -9.354032516479492 6.250164985656738 -3
    endloop
  endfacet
  facet normal -0.04906830862360116 0.9987954250439971 0
    outer loop
      vertex 1.1026926040649414 -11.19582748413086 -3
      vertex 0 -11.25 -1
      vertex 1.1026926040649414 -11.19582748413086 -1
    endloop
  endfacet
  facet normal -0.04906830862360116 0.9987954250439971 0
    outer loop
      vertex 0 -11.25 -1
      vertex 1.1026926040649414 -11.19582748413086 -3
      vertex 0 -11.25 -3
    endloop
  endfacet
  facet normal -0.8577285816897002 -0.5141027914265542 0
    outer loop
      vertex 9.921613693237305 5.303213119506836 -3
      vertex 9.354032516479492 6.250164985656738 -1
      vertex 9.354032516479492 6.250164985656738 -3
    endloop
  endfacet
  facet normal -0.8577285816897002 -0.5141027914265542 0
    outer loop
      vertex 9.354032516479492 6.250164985656738 -1
      vertex 9.921613693237305 5.303213119506836 -3
      vertex 9.921613693237305 5.303213119506836 -1
    endloop
  endfacet
  facet normal -0.67155849336721 -0.7409515436156154 0
    outer loop
      vertex 7.136923789978027 8.696367263793945 -3
      vertex 7.954951286315918 7.954951286315918 -1
      vertex 7.136923789978027 8.696367263793945 -1
    endloop
  endfacet
  facet normal -0.67155849336721 -0.7409515436156154 0
    outer loop
      vertex 7.954951286315918 7.954951286315918 -1
      vertex 7.136923789978027 8.696367263793945 -3
      vertex 7.954951286315918 7.954951286315918 -3
    endloop
  endfacet
  facet normal -0.5141027914265542 -0.8577285816897002 0
    outer loop
      vertex 5.303213119506836 9.921613693237305 -3
      vertex 6.250164985656738 9.354032516479492 -1
      vertex 5.303213119506836 9.921613693237305 -1
    endloop
  endfacet
  facet normal -0.5141027914265542 -0.8577285816897002 0
    outer loop
      vertex 6.250164985656738 9.354032516479492 -1
      vertex 5.303213119506836 9.921613693237305 -3
      vertex 6.250164985656738 9.354032516479492 -3
    endloop
  endfacet
  facet normal 0.9891764852307277 -0.14673064119870816 0
    outer loop
      vertex -11.19582748413086 1.1026926040649414 -1
      vertex -11.033833503723145 2.194766044616699 -3
      vertex -11.033833503723145 2.194766044616699 -1
    endloop
  endfacet
  facet normal 0.9891764852307277 -0.14673064119870816 0
    outer loop
      vertex -11.033833503723145 2.194766044616699 -3
      vertex -11.19582748413086 1.1026926040649414 -1
      vertex -11.19582748413086 1.1026926040649414 -3
    endloop
  endfacet
  facet normal 0.2429799069241764 -0.9700313215722051 0
    outer loop
      vertex -3.265702247619629 10.765578269958496 -3
      vertex -2.194766044616699 11.033833503723145 -1
      vertex -3.265702247619629 10.765578269958496 -1
    endloop
  endfacet
  facet normal 0.2429799069241764 -0.9700313215722051 0
    outer loop
      vertex -2.194766044616699 11.033833503723145 -1
      vertex -3.265702247619629 10.765578269958496 -3
      vertex -2.194766044616699 11.033833503723145 -3
    endloop
  endfacet
  facet normal -0.7409515436156154 -0.67155849336721 0
    outer loop
      vertex 8.696367263793945 7.136923789978027 -3
      vertex 7.954951286315918 7.954951286315918 -1
      vertex 7.954951286315918 7.954951286315918 -3
    endloop
  endfacet
  facet normal -0.7409515436156154 -0.67155849336721 0
    outer loop
      vertex 7.954951286315918 7.954951286315918 -1
      vertex 8.696367263793945 7.136923789978027 -3
      vertex 8.696367263793945 7.136923789978027 -1
    endloop
  endfacet
  facet normal -0.33688979203923025 -0.9415440871354693 0
    outer loop
      vertex 3.265702247619629 10.765578269958496 -3
      vertex 4.305188179016113 10.393644332885742 -1
      vertex 3.265702247619629 10.765578269958496 -1
    endloop
  endfacet
  facet normal -0.33688979203923025 -0.9415440871354693 0
    outer loop
      vertex 4.305188179016113 10.393644332885742 -1
      vertex 3.265702247619629 10.765578269958496 -3
      vertex 4.305188179016113 10.393644332885742 -3
    endloop
  endfacet
  facet normal 0.9987954250439971 -0.04906830862360116 0
    outer loop
      vertex -11.25 0 -1
      vertex -11.19582748413086 1.1026926040649414 -3
      vertex -11.19582748413086 1.1026926040649414 -1
    endloop
  endfacet
  facet normal 0.9987954250439971 -0.04906830862360116 0
    outer loop
      vertex -11.19582748413086 1.1026926040649414 -3
      vertex -11.25 0 -1
      vertex -11.25 0 -3
    endloop
  endfacet
  facet normal 0.9415440871354693 0.33688979203923025 0
    outer loop
      vertex -10.393644332885742 -4.305188179016113 -1
      vertex -10.765578269958496 -3.265702247619629 -3
      vertex -10.765578269958496 -3.265702247619629 -1
    endloop
  endfacet
  facet normal 0.9415440871354693 0.33688979203923025 0
    outer loop
      vertex -10.765578269958496 -3.265702247619629 -3
      vertex -10.393644332885742 -4.305188179016113 -1
      vertex -10.393644332885742 -4.305188179016113 -3
    endloop
  endfacet
  facet normal 0.7409515436156154 0.67155849336721 0
    outer loop
      vertex -7.954951286315918 -7.954951286315918 -1
      vertex -8.696367263793945 -7.136923789978027 -3
      vertex -8.696367263793945 -7.136923789978027 -1
    endloop
  endfacet
  facet normal 0.7409515436156154 0.67155849336721 0
    outer loop
      vertex -8.696367263793945 -7.136923789978027 -3
      vertex -7.954951286315918 -7.954951286315918 -1
      vertex -7.954951286315918 -7.954951286315918 -3
    endloop
  endfacet
  facet normal 0.9987954250439971 0.04906830862360116 0
    outer loop
      vertex -11.19582748413086 -1.1026926040649414 -1
      vertex -11.25 0 -3
      vertex -11.25 0 -1
    endloop
  endfacet
  facet normal 0.9987954250439971 0.04906830862360116 0
    outer loop
      vertex -11.25 0 -3
      vertex -11.19582748413086 -1.1026926040649414 -1
      vertex -11.19582748413086 -1.1026926040649414 -3
    endloop
  endfacet
  facet normal -0.9700313215722051 0.2429799069241764 0
    outer loop
      vertex 10.765578269958496 -3.265702247619629 -3
      vertex 11.033833503723145 -2.194766044616699 -1
      vertex 11.033833503723145 -2.194766044616699 -3
    endloop
  endfacet
  facet normal -0.9700313215722051 0.2429799069241764 0
    outer loop
      vertex 11.033833503723145 -2.194766044616699 -1
      vertex 10.765578269958496 -3.265702247619629 -3
      vertex 10.765578269958496 -3.265702247619629 -1
    endloop
  endfacet
  facet normal 0.7409515436156154 -0.67155849336721 0
    outer loop
      vertex -8.696367263793945 7.136923789978027 -1
      vertex -7.954951286315918 7.954951286315918 -3
      vertex -7.954951286315918 7.954951286315918 -1
    endloop
  endfacet
  facet normal 0.7409515436156154 -0.67155849336721 0
    outer loop
      vertex -7.954951286315918 7.954951286315918 -3
      vertex -8.696367263793945 7.136923789978027 -1
      vertex -8.696367263793945 7.136923789978027 -3
    endloop
  endfacet
  facet normal -0.67155849336721 0.7409515436156154 0
    outer loop
      vertex 7.954951286315918 -7.954951286315918 -3
      vertex 7.136923789978027 -8.696367263793945 -1
      vertex 7.954951286315918 -7.954951286315918 -1
    endloop
  endfacet
  facet normal -0.67155849336721 0.7409515436156154 0
    outer loop
      vertex 7.136923789978027 -8.696367263793945 -1
      vertex 7.954951286315918 -7.954951286315918 -3
      vertex 7.136923789978027 -8.696367263793945 -3
    endloop
  endfacet
  facet normal -0.8032074876871418 -0.5956993635411323 0
    outer loop
      vertex 9.354032516479492 6.250164985656738 -3
      vertex 8.696367263793945 7.136923789978027 -1
      vertex 8.696367263793945 7.136923789978027 -3
    endloop
  endfacet
  facet normal -0.8032074876871418 -0.5956993635411323 0
    outer loop
      vertex 8.696367263793945 7.136923789978027 -1
      vertex 9.354032516479492 6.250164985656738 -3
      vertex 9.354032516479492 6.250164985656738 -1
    endloop
  endfacet
  facet normal 0.9415440871354693 -0.33688979203923025 0
    outer loop
      vertex -10.765578269958496 3.265702247619629 -1
      vertex -10.393644332885742 4.305188179016113 -3
      vertex -10.393644332885742 4.305188179016113 -1
    endloop
  endfacet
  facet normal 0.9415440871354693 -0.33688979203923025 0
    outer loop
      vertex -10.393644332885742 4.305188179016113 -3
      vertex -10.765578269958496 3.265702247619629 -1
      vertex -10.765578269958496 3.265702247619629 -3
    endloop
  endfacet
  facet normal 0.4275550914578702 0.9039892940563247 0
    outer loop
      vertex -4.305188179016113 -10.393644332885742 -3
      vertex -5.303213119506836 -9.921613693237305 -1
      vertex -4.305188179016113 -10.393644332885742 -1
    endloop
  endfacet
  facet normal 0.4275550914578702 0.9039892940563247 0
    outer loop
      vertex -5.303213119506836 -9.921613693237305 -1
      vertex -4.305188179016113 -10.393644332885742 -3
      vertex -5.303213119506836 -9.921613693237305 -3
    endloop
  endfacet
  facet normal -0.9039892940563247 -0.4275550914578702 0
    outer loop
      vertex 10.393644332885742 4.305188179016113 -3
      vertex 9.921613693237305 5.303213119506836 -1
      vertex 9.921613693237305 5.303213119506836 -3
    endloop
  endfacet
  facet normal -0.9039892940563247 -0.4275550914578702 0
    outer loop
      vertex 9.921613693237305 5.303213119506836 -1
      vertex 10.393644332885742 4.305188179016113 -3
      vertex 10.393644332885742 4.305188179016113 -1
    endloop
  endfacet
  facet normal -0.8577285816897002 0.5141027914265542 0
    outer loop
      vertex 9.354032516479492 -6.250164985656738 -3
      vertex 9.921613693237305 -5.303213119506836 -1
      vertex 9.921613693237305 -5.303213119506836 -3
    endloop
  endfacet
  facet normal -0.8577285816897002 0.5141027914265542 0
    outer loop
      vertex 9.921613693237305 -5.303213119506836 -1
      vertex 9.354032516479492 -6.250164985656738 -3
      vertex 9.354032516479492 -6.250164985656738 -1
    endloop
  endfacet
  facet normal 0.14673064119870816 -0.9891764852307277 0
    outer loop
      vertex -2.194766044616699 11.033833503723145 -3
      vertex -1.1026926040649414 11.19582748413086 -1
      vertex -2.194766044616699 11.033833503723145 -1
    endloop
  endfacet
  facet normal 0.14673064119870816 -0.9891764852307277 0
    outer loop
      vertex -1.1026926040649414 11.19582748413086 -1
      vertex -2.194766044616699 11.033833503723145 -3
      vertex -1.1026926040649414 11.19582748413086 -3
    endloop
  endfacet
  facet normal 0.9700313215722051 -0.2429799069241764 0
    outer loop
      vertex -11.033833503723145 2.194766044616699 -1
      vertex -10.765578269958496 3.265702247619629 -3
      vertex -10.765578269958496 3.265702247619629 -1
    endloop
  endfacet
  facet normal 0.9700313215722051 -0.2429799069241764 0
    outer loop
      vertex -10.765578269958496 3.265702247619629 -3
      vertex -11.033833503723145 2.194766044616699 -1
      vertex -11.033833503723145 2.194766044616699 -3
    endloop
  endfacet
  facet normal 0.14673064119870816 0.9891764852307277 0
    outer loop
      vertex -1.1026926040649414 -11.19582748413086 -3
      vertex -2.194766044616699 -11.033833503723145 -1
      vertex -1.1026926040649414 -11.19582748413086 -1
    endloop
  endfacet
  facet normal 0.14673064119870816 0.9891764852307277 0
    outer loop
      vertex -2.194766044616699 -11.033833503723145 -1
      vertex -1.1026926040649414 -11.19582748413086 -3
      vertex -2.194766044616699 -11.033833503723145 -3
    endloop
  endfacet
  facet normal -0.14673064119870816 0.9891764852307277 0
    outer loop
      vertex 2.194766044616699 -11.033833503723145 -3
      vertex 1.1026926040649414 -11.19582748413086 -1
      vertex 2.194766044616699 -11.033833503723145 -1
    endloop
  endfacet
  facet normal -0.14673064119870816 0.9891764852307277 0
    outer loop
      vertex 1.1026926040649414 -11.19582748413086 -1
      vertex 2.194766044616699 -11.033833503723145 -3
      vertex 1.1026926040649414 -11.19582748413086 -3
    endloop
  endfacet
  facet normal -0.4275550914578702 -0.9039892940563247 0
    outer loop
      vertex 4.305188179016113 10.393644332885742 -3
      vertex 5.303213119506836 9.921613693237305 -1
      vertex 4.305188179016113 10.393644332885742 -1
    endloop
  endfacet
  facet normal -0.4275550914578702 -0.9039892940563247 0
    outer loop
      vertex 5.303213119506836 9.921613693237305 -1
      vertex 4.305188179016113 10.393644332885742 -3
      vertex 5.303213119506836 9.921613693237305 -3
    endloop
  endfacet
  facet normal -0.14673064119870816 -0.9891764852307277 0
    outer loop
      vertex 1.1026926040649414 11.19582748413086 -3
      vertex 2.194766044616699 11.033833503723145 -1
      vertex 1.1026926040649414 11.19582748413086 -1
    endloop
  endfacet
  facet normal -0.14673064119870816 -0.9891764852307277 0
    outer loop
      vertex 2.194766044616699 11.033833503723145 -1
      vertex 1.1026926040649414 11.19582748413086 -3
      vertex 2.194766044616699 11.033833503723145 -3
    endloop
  endfacet
  facet normal 0.04906830862360116 -0.9987954250439971 0
    outer loop
      vertex -1.1026926040649414 11.19582748413086 -3
      vertex 0 11.25 -1
      vertex -1.1026926040649414 11.19582748413086 -1
    endloop
  endfacet
  facet normal 0.04906830862360116 -0.9987954250439971 0
    outer loop
      vertex 0 11.25 -1
      vertex -1.1026926040649414 11.19582748413086 -3
      vertex 0 11.25 -3
    endloop
  endfacet
  facet normal -0.5141027914265542 0.8577285816897002 0
    outer loop
      vertex 6.250164985656738 -9.354032516479492 -3
      vertex 5.303213119506836 -9.921613693237305 -1
      vertex 6.250164985656738 -9.354032516479492 -1
    endloop
  endfacet
  facet normal -0.5141027914265542 0.8577285816897002 0
    outer loop
      vertex 5.303213119506836 -9.921613693237305 -1
      vertex 6.250164985656738 -9.354032516479492 -3
      vertex 5.303213119506836 -9.921613693237305 -3
    endloop
  endfacet
  facet normal 0.5141027914265542 0.8577285816897002 0
    outer loop
      vertex -5.303213119506836 -9.921613693237305 -3
      vertex -6.250164985656738 -9.354032516479492 -1
      vertex -5.303213119506836 -9.921613693237305 -1
    endloop
  endfacet
  facet normal 0.5141027914265542 0.8577285816897002 0
    outer loop
      vertex -6.250164985656738 -9.354032516479492 -1
      vertex -5.303213119506836 -9.921613693237305 -3
      vertex -6.250164985656738 -9.354032516479492 -3
    endloop
  endfacet
  facet normal -0.7409515436156154 0.67155849336721 0
    outer loop
      vertex 7.954951286315918 -7.954951286315918 -3
      vertex 8.696367263793945 -7.136923789978027 -1
      vertex 8.696367263793945 -7.136923789978027 -3
    endloop
  endfacet
  facet normal -0.7409515436156154 0.67155849336721 0
    outer loop
      vertex 8.696367263793945 -7.136923789978027 -1
      vertex 7.954951286315918 -7.954951286315918 -3
      vertex 7.954951286315918 -7.954951286315918 -1
    endloop
  endfacet
  facet normal 0.8577285816897002 0.5141027914265542 0
    outer loop
      vertex -9.354032516479492 -6.250164985656738 -1
      vertex -9.921613693237305 -5.303213119506836 -3
      vertex -9.921613693237305 -5.303213119506836 -1
    endloop
  endfacet
  facet normal 0.8577285816897002 0.5141027914265542 0
    outer loop
      vertex -9.921613693237305 -5.303213119506836 -3
      vertex -9.354032516479492 -6.250164985656738 -1
      vertex -9.354032516479492 -6.250164985656738 -3
    endloop
  endfacet
  facet normal 0.4275550914578702 -0.9039892940563247 0
    outer loop
      vertex -5.303213119506836 9.921613693237305 -3
      vertex -4.305188179016113 10.393644332885742 -1
      vertex -5.303213119506836 9.921613693237305 -1
    endloop
  endfacet
  facet normal 0.4275550914578702 -0.9039892940563247 0
    outer loop
      vertex -4.305188179016113 10.393644332885742 -1
      vertex -5.303213119506836 9.921613693237305 -3
      vertex -4.305188179016113 10.393644332885742 -3
    endloop
  endfacet
  facet normal -0.2429799069241764 -0.9700313215722051 0
    outer loop
      vertex 2.194766044616699 11.033833503723145 -3
      vertex 3.265702247619629 10.765578269958496 -1
      vertex 2.194766044616699 11.033833503723145 -1
    endloop
  endfacet
  facet normal -0.2429799069241764 -0.9700313215722051 0
    outer loop
      vertex 3.265702247619629 10.765578269958496 -1
      vertex 2.194766044616699 11.033833503723145 -3
      vertex 3.265702247619629 10.765578269958496 -3
    endloop
  endfacet
  facet normal -0.5956993635411323 0.8032074876871418 0
    outer loop
      vertex 7.136923789978027 -8.696367263793945 -3
      vertex 6.250164985656738 -9.354032516479492 -1
      vertex 7.136923789978027 -8.696367263793945 -1
    endloop
  endfacet
  facet normal -0.5956993635411323 0.8032074876871418 0
    outer loop
      vertex 6.250164985656738 -9.354032516479492 -1
      vertex 7.136923789978027 -8.696367263793945 -3
      vertex 6.250164985656738 -9.354032516479492 -3
    endloop
  endfacet
  facet normal -0.4275550914578702 0.9039892940563247 0
    outer loop
      vertex 5.303213119506836 -9.921613693237305 -3
      vertex 4.305188179016113 -10.393644332885742 -1
      vertex 5.303213119506836 -9.921613693237305 -1
    endloop
  endfacet
  facet normal -0.4275550914578702 0.9039892940563247 0
    outer loop
      vertex 4.305188179016113 -10.393644332885742 -1
      vertex 5.303213119506836 -9.921613693237305 -3
      vertex 4.305188179016113 -10.393644332885742 -3
    endloop
  endfacet
  facet normal -0.33688979203923025 0.9415440871354693 0
    outer loop
      vertex 4.305188179016113 -10.393644332885742 -3
      vertex 3.265702247619629 -10.765578269958496 -1
      vertex 4.305188179016113 -10.393644332885742 -1
    endloop
  endfacet
  facet normal -0.33688979203923025 0.9415440871354693 0
    outer loop
      vertex 3.265702247619629 -10.765578269958496 -1
      vertex 4.305188179016113 -10.393644332885742 -3
      vertex 3.265702247619629 -10.765578269958496 -3
    endloop
  endfacet
  facet normal 0.9891764852307277 0.14673064119870816 0
    outer loop
      vertex -11.033833503723145 -2.194766044616699 -1
      vertex -11.19582748413086 -1.1026926040649414 -3
      vertex -11.19582748413086 -1.1026926040649414 -1
    endloop
  endfacet
  facet normal 0.9891764852307277 0.14673064119870816 0
    outer loop
      vertex -11.19582748413086 -1.1026926040649414 -3
      vertex -11.033833503723145 -2.194766044616699 -1
      vertex -11.033833503723145 -2.194766044616699 -3
    endloop
  endfacet
  facet normal 0.67155849336721 0.7409515436156154 0
    outer loop
      vertex -7.136923789978027 -8.696367263793945 -3
      vertex -7.954951286315918 -7.954951286315918 -1
      vertex -7.136923789978027 -8.696367263793945 -1
    endloop
  endfacet
  facet normal 0.67155849336721 0.7409515436156154 0
    outer loop
      vertex -7.954951286315918 -7.954951286315918 -1
      vertex -7.136923789978027 -8.696367263793945 -3
      vertex -7.954951286315918 -7.954951286315918 -3
    endloop
  endfacet
  facet normal 0.8032074876871418 0.5956993635411323 0
    outer loop
      vertex -8.696367263793945 -7.136923789978027 -1
      vertex -9.354032516479492 -6.250164985656738 -3
      vertex -9.354032516479492 -6.250164985656738 -1
    endloop
  endfacet
  facet normal 0.8032074876871418 0.5956993635411323 0
    outer loop
      vertex -9.354032516479492 -6.250164985656738 -3
      vertex -8.696367263793945 -7.136923789978027 -1
      vertex -8.696367263793945 -7.136923789978027 -3
    endloop
  endfacet
  facet normal 0.33688979203923025 -0.9415440871354693 0
    outer loop
      vertex -4.305188179016113 10.393644332885742 -3
      vertex -3.265702247619629 10.765578269958496 -1
      vertex -4.305188179016113 10.393644332885742 -1
    endloop
  endfacet
  facet normal 0.33688979203923025 -0.9415440871354693 0
    outer loop
      vertex -3.265702247619629 10.765578269958496 -1
      vertex -4.305188179016113 10.393644332885742 -3
      vertex -3.265702247619629 10.765578269958496 -3
    endloop
  endfacet
  facet normal -0.7071067811865475 0.7071067811865475 0
    outer loop
      vertex -21.299999237060547 17.057357788085938 -3
      vertex -17.057357788085938 21.299999237060547 -1
      vertex -17.057357788085938 21.299999237060547 -3
    endloop
  endfacet
  facet normal -0.7071067811865475 0.7071067811865475 0
    outer loop
      vertex -17.057357788085938 21.299999237060547 -1
      vertex -21.299999237060547 17.057357788085938 -3
      vertex -21.299999237060547 17.057357788085938 -1
    endloop
  endfacet
  facet normal 0 0 -1
    outer loop
      vertex -7.954951286315918 -7.954951286315918 -3
      vertex -14.294651985168457 -14.031279563903809 -3
      vertex -8.696367263793945 -7.136923789978027 -3
    endloop
  endfacet
  facet normal 0 0 -1
    outer loop
      vertex -11.25 0 -3
      vertex -13.609148979187012 15.313767433166504 -3
      vertex -13.59999942779541 15.5 -3
    endloop
  endfacet
  facet normal 0 0 -1
    outer loop
      vertex -14.444416046142578 -13.920207023620605 -3
      vertex -8.696367263793945 -7.136923789978027 -3
      vertex -14.294651985168457 -14.031279563903809 -3
    endloop
  endfacet
  facet normal 0 0 -1
    outer loop
      vertex -11.25 0 -3
      vertex -13.636507034301758 15.129327774047852 -3
      vertex -13.609148979187012 15.313767433166504 -3
    endloop
  endfacet
  facet normal 0 0 -1
    outer loop
      vertex -14.604345321655273 -13.824349403381348 -3
      vertex -8.696367263793945 -7.136923789978027 -3
      vertex -14.444416046142578 -13.920207023620605 -3
    endloop
  endfacet
  facet normal 0 0 -1
    outer loop
      vertex -11.25 0 -3
      vertex -13.68181324005127 14.948458671569824 -3
      vertex -13.636507034301758 15.129327774047852 -3
    endloop
  endfacet
  facet normal 0 0 -1
    outer loop
      vertex -14.772900581359863 -13.744627952575684 -3
      vertex -8.696367263793945 -7.136923789978027 -3
      vertex -14.604345321655273 -13.824349403381348 -3
    endloop
  endfacet
  facet normal 0 0 -1
    outer loop
      vertex -11.25 0 -3
      vertex -13.744627952575684 14.772900581359863 -3
      vertex -13.68181324005127 14.948458671569824 -3
    endloop
  endfacet
  facet normal 0 0 -1
    outer loop
      vertex -8.696367263793945 -7.136923789978027 -3
      vertex -14.772900581359863 -13.744627952575684 -3
      vertex -9.354032516479492 -6.250164985656738 -3
    endloop
  endfacet
  facet normal 0 0 -1
    outer loop
      vertex -11.25 0 -3
      vertex -13.824349403381348 14.604345321655273 -3
      vertex -13.744627952575684 14.772900581359863 -3
    endloop
  endfacet
  facet normal 0 0 -1
    outer loop
      vertex -14.948458671569824 -13.68181324005127 -3
      vertex -9.354032516479492 -6.250164985656738 -3
      vertex -14.772900581359863 -13.744627952575684 -3
    endloop
  endfacet
  facet normal 0 0 -1
    outer loop
      vertex -11.25 0 -3
      vertex -13.920207023620605 14.444416046142578 -3
      vertex -13.824349403381348 14.604345321655273 -3
    endloop
  endfacet
  facet normal 0 0 -1
    outer loop
      vertex -15.129327774047852 -13.636507034301758 -3
      vertex -9.354032516479492 -6.250164985656738 -3
      vertex -14.948458671569824 -13.68181324005127 -3
    endloop
  endfacet
  facet normal 0 0 -1
    outer loop
      vertex -11.25 0 -3
      vertex -14.031279563903809 14.294651985168457 -3
      vertex -13.920207023620605 14.444416046142578 -3
    endloop
  endfacet
  facet normal 0 0 -1
    outer loop
      vertex -9.354032516479492 -6.250164985656738 -3
      vertex -15.129327774047852 -13.636507034301758 -3
      vertex -9.921613693237305 -5.303213119506836 -3
    endloop
  endfacet
  facet normal 0 0 -1
    outer loop
      vertex -11.25 0 -3
      vertex -14.15649700164795 14.15649700164795 -3
      vertex -14.031279563903809 14.294651985168457 -3
    endloop
  endfacet
  facet normal 0 0 -1
    outer loop
      vertex -15.313767433166504 -13.609148979187012 -3
      vertex -9.921613693237305 -5.303213119506836 -3
      vertex -15.129327774047852 -13.636507034301758 -3
    endloop
  endfacet
  facet normal 0 0 -1
    outer loop
      vertex -11.25 0 -3
      vertex -14.294651985168457 14.031279563903809 -3
      vertex -14.15649700164795 14.15649700164795 -3
    endloop
  endfacet
  facet normal 0 0 -1
    outer loop
      vertex -15.5 -13.59999942779541 -3
      vertex -9.921613693237305 -5.303213119506836 -3
      vertex -15.313767433166504 -13.609148979187012 -3
    endloop
  endfacet
  facet normal 0 0 -1
    outer loop
      vertex -11.25 0 -3
      vertex -14.444416046142578 13.920207023620605 -3
      vertex -14.294651985168457 14.031279563903809 -3
    endloop
  endfacet
  facet normal 0 0 -1
    outer loop
      vertex -9.921613693237305 -5.303213119506836 -3
      vertex -15.5 -13.59999942779541 -3
      vertex -10.393644332885742 -4.305188179016113 -3
    endloop
  endfacet
  facet normal 0 0 -1
    outer loop
      vertex -11.25 0 -3
      vertex -14.604345321655273 13.824349403381348 -3
      vertex -14.444416046142578 13.920207023620605 -3
    endloop
  endfacet
  facet normal 0 0 -1
    outer loop
      vertex -15.68623161315918 -13.609148979187012 -3
      vertex -10.393644332885742 -4.305188179016113 -3
      vertex -15.5 -13.59999942779541 -3
    endloop
  endfacet
  facet normal 0 0 -1
    outer loop
      vertex -11.25 0 -3
      vertex -14.772900581359863 13.744627952575684 -3
      vertex -14.604345321655273 13.824349403381348 -3
    endloop
  endfacet
  facet normal 0 0 -1
    outer loop
      vertex -15.870671272277832 -13.636507034301758 -3
      vertex -10.393644332885742 -4.305188179016113 -3
      vertex -15.68623161315918 -13.609148979187012 -3
    endloop
  endfacet
  facet normal 0 0 -1
    outer loop
      vertex -11.25 0 -3
      vertex -14.948458671569824 13.68181324005127 -3
      vertex -14.772900581359863 13.744627952575684 -3
    endloop
  endfacet
  facet normal 0 0 -1
    outer loop
      vertex -10.393644332885742 -4.305188179016113 -3
      vertex -15.870671272277832 -13.636507034301758 -3
      vertex -10.765578269958496 -3.265702247619629 -3
    endloop
  endfacet
  facet normal 0 0 -1
    outer loop
      vertex -11.25 0 -3
      vertex -15.129327774047852 13.636507034301758 -3
      vertex -14.948458671569824 13.68181324005127 -3
    endloop
  endfacet
  facet normal 0 0 -1
    outer loop
      vertex -16.05154037475586 -13.68181324005127 -3
      vertex -10.765578269958496 -3.265702247619629 -3
      vertex -15.870671272277832 -13.636507034301758 -3
    endloop
  endfacet
  facet normal 0 0 -1
    outer loop
      vertex -11.25 0 -3
      vertex -15.313767433166504 13.609148979187012 -3
      vertex -15.129327774047852 13.636507034301758 -3
    endloop
  endfacet
  facet normal 0 0 -1
    outer loop
      vertex -16.22709846496582 -13.744627952575684 -3
      vertex -10.765578269958496 -3.265702247619629 -3
      vertex -16.05154037475586 -13.68181324005127 -3
    endloop
  endfacet
  facet normal 0 0 -1
    outer loop
      vertex -11.25 0 -3
      vertex -15.5 13.59999942779541 -3
      vertex -15.313767433166504 13.609148979187012 -3
    endloop
  endfacet
  facet normal 0 0 -1
    outer loop
      vertex -10.765578269958496 -3.265702247619629 -3
      vertex -16.22709846496582 -13.744627952575684 -3
      vertex -11.033833503723145 -2.194766044616699 -3
    endloop
  endfacet
  facet normal 0 0 -1
    outer loop
      vertex -11.25 0 -3
      vertex -15.68623161315918 13.609148979187012 -3
      vertex -15.5 13.59999942779541 -3
    endloop
  endfacet
  facet normal 0 0 -1
    outer loop
      vertex -16.395652770996094 -13.824349403381348 -3
      vertex -11.033833503723145 -2.194766044616699 -3
      vertex -16.22709846496582 -13.744627952575684 -3
    endloop
  endfacet
  facet normal 0 0 -1
    outer loop
      vertex -11.25 0 -3
      vertex -15.870671272277832 13.636507034301758 -3
      vertex -15.68623161315918 13.609148979187012 -3
    endloop
  endfacet
  facet normal 0 0 -1
    outer loop
      vertex -16.555583953857422 -13.920207023620605 -3
      vertex -11.033833503723145 -2.194766044616699 -3
      vertex -16.395652770996094 -13.824349403381348 -3
    endloop
  endfacet
  facet normal 0 0 -1
    outer loop
      vertex -11.25 0 -3
      vertex -16.05154037475586 13.68181324005127 -3
      vertex -15.870671272277832 13.636507034301758 -3
    endloop
  endfacet
  facet normal 0 0 -1
    outer loop
      vertex -11.033833503723145 -2.194766044616699 -3
      vertex -16.555583953857422 -13.920207023620605 -3
      vertex -11.19582748413086 -1.1026926040649414 -3
    endloop
  endfacet
  facet normal 0 0 -1
    outer loop
      vertex -11.25 0 -3
      vertex -16.22709846496582 13.744627952575684 -3
      vertex -16.05154037475586 13.68181324005127 -3
    endloop
  endfacet
  facet normal 0 0 -1
    outer loop
      vertex -16.705347061157227 -14.031279563903809 -3
      vertex -11.19582748413086 -1.1026926040649414 -3
      vertex -16.555583953857422 -13.920207023620605 -3
    endloop
  endfacet
  facet normal 0 0 -1
    outer loop
      vertex -11.25 0 -3
      vertex -16.395652770996094 13.824349403381348 -3
      vertex -16.22709846496582 13.744627952575684 -3
    endloop
  endfacet
  facet normal 0 0 -1
    outer loop
      vertex -11.19582748413086 -1.1026926040649414 -3
      vertex -16.705347061157227 -14.031279563903809 -3
      vertex -11.25 0 -3
    endloop
  endfacet
  facet normal 0 0 -1
    outer loop
      vertex -11.25 0 -3
      vertex -16.555583953857422 13.920207023620605 -3
      vertex -16.395652770996094 13.824349403381348 -3
    endloop
  endfacet
  facet normal 0 0 -1
    outer loop
      vertex -21.299999237060547 -17.057357788085938 -3
      vertex -11.25 0 -3
      vertex -16.705347061157227 -14.031279563903809 -3
    endloop
  endfacet
  facet normal 0 0 -1
    outer loop
      vertex -11.25 0 -3
      vertex -16.705347061157227 14.031279563903809 -3
      vertex -16.555583953857422 13.920207023620605 -3
    endloop
  endfacet
  facet normal 0 0 -1
    outer loop
      vertex -21.299999237060547 -17.057357788085938 -3
      vertex -16.705347061157227 -14.031279563903809 -3
      vertex -16.843502044677734 -14.15649700164795 -3
    endloop
  endfacet
  facet normal 0 0 -1
    outer loop
      vertex -21.299999237060547 17.057357788085938 -3
      vertex -11.25 0 -3
      vertex -21.299999237060547 -17.057357788085938 -3
    endloop
  endfacet
  facet normal 0 0 -1
    outer loop
      vertex -21.299999237060547 -17.057357788085938 -3
      vertex -16.843502044677734 -14.15649700164795 -3
      vertex -16.968719482421875 -14.294651985168457 -3
    endloop
  endfacet
  facet normal 0 0 -1
    outer loop
      vertex -11.25 0 -3
      vertex -21.299999237060547 17.057357788085938 -3
      vertex -16.705347061157227 14.031279563903809 -3
    endloop
  endfacet
  facet normal 0 0 -1
    outer loop
      vertex -21.299999237060547 -17.057357788085938 -3
      vertex -16.968719482421875 -14.294651985168457 -3
      vertex -17.079792022705078 -14.444416046142578 -3
    endloop
  endfacet
  facet normal 0 0 -1
    outer loop
      vertex -16.705347061157227 14.031279563903809 -3
      vertex -21.299999237060547 17.057357788085938 -3
      vertex -16.843502044677734 14.15649700164795 -3
    endloop
  endfacet
  facet normal 0 0 -1
    outer loop
      vertex -21.299999237060547 -17.057357788085938 -3
      vertex -17.079792022705078 -14.444416046142578 -3
      vertex -17.175649642944336 -14.604345321655273 -3
    endloop
  endfacet
  facet normal 0 0 -1
    outer loop
      vertex -16.843502044677734 14.15649700164795 -3
      vertex -21.299999237060547 17.057357788085938 -3
      vertex -16.968719482421875 14.294651985168457 -3
    endloop
  endfacet
  facet normal 0 0 -1
    outer loop
      vertex -21.299999237060547 -17.057357788085938 -3
      vertex -17.175649642944336 -14.604345321655273 -3
      vertex -17.25537109375 -14.772900581359863 -3
    endloop
  endfacet
  facet normal 0 0 -1
    outer loop
      vertex -16.968719482421875 14.294651985168457 -3
      vertex -21.299999237060547 17.057357788085938 -3
      vertex -17.079792022705078 14.444416046142578 -3
    endloop
  endfacet
  facet normal 0 0 -1
    outer loop
      vertex -21.299999237060547 -17.057357788085938 -3
      vertex -17.25537109375 -14.772900581359863 -3
      vertex -17.318185806274414 -14.948458671569824 -3
    endloop
  endfacet
  facet normal 0 0 -1
    outer loop
      vertex -17.079792022705078 14.444416046142578 -3
      vertex -21.299999237060547 17.057357788085938 -3
      vertex -17.175649642944336 14.604345321655273 -3
    endloop
  endfacet
  facet normal 0 0 -1
    outer loop
      vertex -21.299999237060547 -17.057357788085938 -3
      vertex -17.318185806274414 -14.948458671569824 -3
      vertex -17.36349105834961 -15.129327774047852 -3
    endloop
  endfacet
  facet normal 0 0 -1
    outer loop
      vertex -17.175649642944336 14.604345321655273 -3
      vertex -21.299999237060547 17.057357788085938 -3
      vertex -17.25537109375 14.772900581359863 -3
    endloop
  endfacet
  facet normal 0 0 -1
    outer loop
      vertex -21.299999237060547 -17.057357788085938 -3
      vertex -17.36349105834961 -15.129327774047852 -3
      vertex -17.390850067138672 -15.313767433166504 -3
    endloop
  endfacet
  facet normal 0 0 -1
    outer loop
      vertex -17.25537109375 14.772900581359863 -3
      vertex -21.299999237060547 17.057357788085938 -3
      vertex -17.318185806274414 14.948458671569824 -3
    endloop
  endfacet
  facet normal 0 0 -1
    outer loop
      vertex -21.299999237060547 -17.057357788085938 -3
      vertex -17.390850067138672 -15.313767433166504 -3
      vertex -17.399999618530273 -15.5 -3
    endloop
  endfacet
  facet normal 0 0 -1
    outer loop
      vertex -17.318185806274414 14.948458671569824 -3
      vertex -21.299999237060547 17.057357788085938 -3
      vertex -17.36349105834961 15.129327774047852 -3
    endloop
  endfacet
  facet normal 0 0 -1
    outer loop
      vertex 17.318185806274414 -14.948458671569824 -3
      vertex 21.299999237060547 -17.057357788085938 -3
      vertex 17.36349105834961 -15.129327774047852 -3
    endloop
  endfacet
  facet normal 0 0 -1
    outer loop
      vertex 21.299999237060547 17.057357788085938 -3
      vertex 17.390850067138672 15.313767433166504 -3
      vertex 17.399999618530273 15.5 -3
    endloop
  endfacet
  facet normal 0 0 -1
    outer loop
      vertex 17.25537109375 -14.772900581359863 -3
      vertex 21.299999237060547 -17.057357788085938 -3
      vertex 17.318185806274414 -14.948458671569824 -3
    endloop
  endfacet
  facet normal 0 0 -1
    outer loop
      vertex 21.299999237060547 17.057357788085938 -3
      vertex 17.36349105834961 15.129327774047852 -3
      vertex 17.390850067138672 15.313767433166504 -3
    endloop
  endfacet
  facet normal 0 0 -1
    outer loop
      vertex 17.175649642944336 -14.604345321655273 -3
      vertex 21.299999237060547 -17.057357788085938 -3
      vertex 17.25537109375 -14.772900581359863 -3
    endloop
  endfacet
  facet normal 0 0 -1
    outer loop
      vertex 21.299999237060547 17.057357788085938 -3
      vertex 17.318185806274414 14.948458671569824 -3
      vertex 17.36349105834961 15.129327774047852 -3
    endloop
  endfacet
  facet normal 0 0 -1
    outer loop
      vertex 17.079792022705078 -14.444416046142578 -3
      vertex 21.299999237060547 -17.057357788085938 -3
      vertex 17.175649642944336 -14.604345321655273 -3
    endloop
  endfacet
  facet normal 0 0 -1
    outer loop
      vertex 21.299999237060547 17.057357788085938 -3
      vertex 17.25537109375 14.772900581359863 -3
      vertex 17.318185806274414 14.948458671569824 -3
    endloop
  endfacet
  facet normal 0 0 -1
    outer loop
      vertex 16.968719482421875 -14.294651985168457 -3
      vertex 21.299999237060547 -17.057357788085938 -3
      vertex 17.079792022705078 -14.444416046142578 -3
    endloop
  endfacet
  facet normal 0 0 -1
    outer loop
      vertex 21.299999237060547 17.057357788085938 -3
      vertex 17.175649642944336 14.604345321655273 -3
      vertex 17.25537109375 14.772900581359863 -3
    endloop
  endfacet
  facet normal 0 0 -1
    outer loop
      vertex 16.843502044677734 -14.15649700164795 -3
      vertex 21.299999237060547 -17.057357788085938 -3
      vertex 16.968719482421875 -14.294651985168457 -3
    endloop
  endfacet
  facet normal 0 0 -1
    outer loop
      vertex 21.299999237060547 17.057357788085938 -3
      vertex 17.079792022705078 14.444416046142578 -3
      vertex 17.175649642944336 14.604345321655273 -3
    endloop
  endfacet
  facet normal 0 0 -1
    outer loop
      vertex 11.25 0 -3
      vertex 21.299999237060547 -17.057357788085938 -3
      vertex 16.843502044677734 -14.15649700164795 -3
    endloop
  endfacet
  facet normal 0 0 -1
    outer loop
      vertex 21.299999237060547 17.057357788085938 -3
      vertex 16.968719482421875 14.294651985168457 -3
      vertex 17.079792022705078 14.444416046142578 -3
    endloop
  endfacet
  facet normal 0 0 -1
    outer loop
      vertex 21.299999237060547 -17.057357788085938 -3
      vertex 11.25 0 -3
      vertex 21.299999237060547 17.057357788085938 -3
    endloop
  endfacet
  facet normal 0 0 -1
    outer loop
      vertex 21.299999237060547 17.057357788085938 -3
      vertex 16.843502044677734 14.15649700164795 -3
      vertex 16.968719482421875 14.294651985168457 -3
    endloop
  endfacet
  facet normal 0 0 -1
    outer loop
      vertex 11.25 0 -3
      vertex 16.843502044677734 -14.15649700164795 -3
      vertex 16.705347061157227 -14.031279563903809 -3
    endloop
  endfacet
  facet normal 0 0 -1
    outer loop
      vertex 21.299999237060547 17.057357788085938 -3
      vertex 11.25 0 -3
      vertex 16.843502044677734 14.15649700164795 -3
    endloop
  endfacet
  facet normal 0 0 -1
    outer loop
      vertex 11.19582748413086 -1.1026926040649414 -3
      vertex 16.705347061157227 -14.031279563903809 -3
      vertex 16.555583953857422 -13.920207023620605 -3
    endloop
  endfacet
  facet normal 0 0 -1
    outer loop
      vertex 16.843502044677734 14.15649700164795 -3
      vertex 11.25 0 -3
      vertex 16.705347061157227 14.031279563903809 -3
    endloop
  endfacet
  facet normal 0 0 -1
    outer loop
      vertex 11.033833503723145 -2.194766044616699 -3
      vertex 16.555583953857422 -13.920207023620605 -3
      vertex 16.395652770996094 -13.824349403381348 -3
    endloop
  endfacet
  facet normal 0 0 -1
    outer loop
      vertex 11.19582748413086 1.1026926040649414 -3
      vertex 16.705347061157227 14.031279563903809 -3
      vertex 11.25 0 -3
    endloop
  endfacet
  facet normal 0 0 -1
    outer loop
      vertex 11.033833503723145 -2.194766044616699 -3
      vertex 16.395652770996094 -13.824349403381348 -3
      vertex 16.22709846496582 -13.744627952575684 -3
    endloop
  endfacet
  facet normal 0 0 -1
    outer loop
      vertex 16.705347061157227 14.031279563903809 -3
      vertex 11.19582748413086 1.1026926040649414 -3
      vertex 16.555583953857422 13.920207023620605 -3
    endloop
  endfacet
  facet normal 0 0 -1
    outer loop
      vertex 10.765578269958496 -3.265702247619629 -3
      vertex 16.22709846496582 -13.744627952575684 -3
      vertex 16.05154037475586 -13.68181324005127 -3
    endloop
  endfacet
  facet normal 0 0 -1
    outer loop
      vertex 11.033833503723145 2.194766044616699 -3
      vertex 16.555583953857422 13.920207023620605 -3
      vertex 11.19582748413086 1.1026926040649414 -3
    endloop
  endfacet
  facet normal 0 0 -1
    outer loop
      vertex 10.765578269958496 -3.265702247619629 -3
      vertex 16.05154037475586 -13.68181324005127 -3
      vertex 15.870671272277832 -13.636507034301758 -3
    endloop
  endfacet
  facet normal 0 0 -1
    outer loop
      vertex 16.555583953857422 13.920207023620605 -3
      vertex 11.033833503723145 2.194766044616699 -3
      vertex 16.395652770996094 13.824349403381348 -3
    endloop
  endfacet
  facet normal 0 0 -1
    outer loop
      vertex 10.393644332885742 -4.305188179016113 -3
      vertex 15.870671272277832 -13.636507034301758 -3
      vertex 15.68623161315918 -13.609148979187012 -3
    endloop
  endfacet
  facet normal 0 0 -1
    outer loop
      vertex 16.395652770996094 13.824349403381348 -3
      vertex 11.033833503723145 2.194766044616699 -3
      vertex 16.22709846496582 13.744627952575684 -3
    endloop
  endfacet
  facet normal 0 0 -1
    outer loop
      vertex 10.393644332885742 -4.305188179016113 -3
      vertex 15.68623161315918 -13.609148979187012 -3
      vertex 15.5 -13.59999942779541 -3
    endloop
  endfacet
  facet normal 0 0 -1
    outer loop
      vertex 10.765578269958496 3.265702247619629 -3
      vertex 16.22709846496582 13.744627952575684 -3
      vertex 11.033833503723145 2.194766044616699 -3
    endloop
  endfacet
  facet normal 0 0 -1
    outer loop
      vertex 9.921613693237305 -5.303213119506836 -3
      vertex 15.5 -13.59999942779541 -3
      vertex 15.313767433166504 -13.609148979187012 -3
    endloop
  endfacet
  facet normal 0 0 -1
    outer loop
      vertex 16.22709846496582 13.744627952575684 -3
      vertex 10.765578269958496 3.265702247619629 -3
      vertex 16.05154037475586 13.68181324005127 -3
    endloop
  endfacet
  facet normal 0 0 -1
    outer loop
      vertex 9.921613693237305 -5.303213119506836 -3
      vertex 15.313767433166504 -13.609148979187012 -3
      vertex 15.129327774047852 -13.636507034301758 -3
    endloop
  endfacet
  facet normal 0 0 -1
    outer loop
      vertex 16.05154037475586 13.68181324005127 -3
      vertex 10.765578269958496 3.265702247619629 -3
      vertex 15.870671272277832 13.636507034301758 -3
    endloop
  endfacet
  facet normal 0 0 -1
    outer loop
      vertex 9.354032516479492 -6.250164985656738 -3
      vertex 15.129327774047852 -13.636507034301758 -3
      vertex 14.948458671569824 -13.68181324005127 -3
    endloop
  endfacet
  facet normal 0 0 -1
    outer loop
      vertex 10.393644332885742 4.305188179016113 -3
      vertex 15.870671272277832 13.636507034301758 -3
      vertex 10.765578269958496 3.265702247619629 -3
    endloop
  endfacet
  facet normal 0 0 -1
    outer loop
      vertex 9.354032516479492 -6.250164985656738 -3
      vertex 14.948458671569824 -13.68181324005127 -3
      vertex 14.772900581359863 -13.744627952575684 -3
    endloop
  endfacet
  facet normal 0 0 -1
    outer loop
      vertex 15.870671272277832 13.636507034301758 -3
      vertex 10.393644332885742 4.305188179016113 -3
      vertex 15.68623161315918 13.609148979187012 -3
    endloop
  endfacet
  facet normal 0 0 -1
    outer loop
      vertex 8.696367263793945 -7.136923789978027 -3
      vertex 14.772900581359863 -13.744627952575684 -3
      vertex 14.604345321655273 -13.824349403381348 -3
    endloop
  endfacet
  facet normal 0 0 -1
    outer loop
      vertex 15.68623161315918 13.609148979187012 -3
      vertex 10.393644332885742 4.305188179016113 -3
      vertex 15.5 13.59999942779541 -3
    endloop
  endfacet
  facet normal 0 0 -1
    outer loop
      vertex 8.696367263793945 -7.136923789978027 -3
      vertex 14.604345321655273 -13.824349403381348 -3
      vertex 14.444416046142578 -13.920207023620605 -3
    endloop
  endfacet
  facet normal 0 0 -1
    outer loop
      vertex 9.921613693237305 5.303213119506836 -3
      vertex 15.5 13.59999942779541 -3
      vertex 10.393644332885742 4.305188179016113 -3
    endloop
  endfacet
  facet normal 0 0 -1
    outer loop
      vertex 8.696367263793945 -7.136923789978027 -3
      vertex 14.444416046142578 -13.920207023620605 -3
      vertex 14.294651985168457 -14.031279563903809 -3
    endloop
  endfacet
  facet normal 0 0 -1
    outer loop
      vertex 15.5 13.59999942779541 -3
      vertex 9.921613693237305 5.303213119506836 -3
      vertex 15.313767433166504 13.609148979187012 -3
    endloop
  endfacet
  facet normal 0 0 -1
    outer loop
      vertex 7.954951286315918 -7.954951286315918 -3
      vertex 14.294651985168457 -14.031279563903809 -3
      vertex 14.15649700164795 -14.15649700164795 -3
    endloop
  endfacet
  facet normal 0 0 -1
    outer loop
      vertex 15.313767433166504 13.609148979187012 -3
      vertex 9.921613693237305 5.303213119506836 -3
      vertex 15.129327774047852 13.636507034301758 -3
    endloop
  endfacet
  facet normal 0 0 -1
    outer loop
      vertex 7.954951286315918 -7.954951286315918 -3
      vertex 14.15649700164795 -14.15649700164795 -3
      vertex 14.031279563903809 -14.294651985168457 -3
    endloop
  endfacet
  facet normal 0 0 -1
    outer loop
      vertex 9.354032516479492 6.250164985656738 -3
      vertex 15.129327774047852 13.636507034301758 -3
      vertex 9.921613693237305 5.303213119506836 -3
    endloop
  endfacet
  facet normal 0 0 -1
    outer loop
      vertex 7.136923789978027 -8.696367263793945 -3
      vertex 14.031279563903809 -14.294651985168457 -3
      vertex 13.920207023620605 -14.444416046142578 -3
    endloop
  endfacet
  facet normal 0 0 -1
    outer loop
      vertex 15.129327774047852 13.636507034301758 -3
      vertex 9.354032516479492 6.250164985656738 -3
      vertex 14.948458671569824 13.68181324005127 -3
    endloop
  endfacet
  facet normal 0 0 -1
    outer loop
      vertex 7.136923789978027 -8.696367263793945 -3
      vertex 13.920207023620605 -14.444416046142578 -3
      vertex 13.824349403381348 -14.604345321655273 -3
    endloop
  endfacet
  facet normal 0 0 -1
    outer loop
      vertex 14.948458671569824 13.68181324005127 -3
      vertex 9.354032516479492 6.250164985656738 -3
      vertex 14.772900581359863 13.744627952575684 -3
    endloop
  endfacet
  facet normal 0 0 -1
    outer loop
      vertex 7.136923789978027 -8.696367263793945 -3
      vertex 13.824349403381348 -14.604345321655273 -3
      vertex 13.744627952575684 -14.772900581359863 -3
    endloop
  endfacet
  facet normal 0 0 -1
    outer loop
      vertex 8.696367263793945 7.136923789978027 -3
      vertex 14.772900581359863 13.744627952575684 -3
      vertex 9.354032516479492 6.250164985656738 -3
    endloop
  endfacet
  facet normal 0 0 -1
    outer loop
      vertex 6.250164985656738 -9.354032516479492 -3
      vertex 13.744627952575684 -14.772900581359863 -3
      vertex 13.68181324005127 -14.948458671569824 -3
    endloop
  endfacet
  facet normal 0 0 -1
    outer loop
      vertex 14.772900581359863 13.744627952575684 -3
      vertex 8.696367263793945 7.136923789978027 -3
      vertex 14.604345321655273 13.824349403381348 -3
    endloop
  endfacet
  facet normal 0 0 -1
    outer loop
      vertex 6.250164985656738 -9.354032516479492 -3
      vertex 13.68181324005127 -14.948458671569824 -3
      vertex 13.636507034301758 -15.129327774047852 -3
    endloop
  endfacet
  facet normal 0 0 -1
    outer loop
      vertex 14.604345321655273 13.824349403381348 -3
      vertex 8.696367263793945 7.136923789978027 -3
      vertex 14.444416046142578 13.920207023620605 -3
    endloop
  endfacet
  facet normal 0 0 -1
    outer loop
      vertex 5.303213119506836 -9.921613693237305 -3
      vertex 13.636507034301758 -15.129327774047852 -3
      vertex 13.609148979187012 -15.313767433166504 -3
    endloop
  endfacet
  facet normal 0 0 -1
    outer loop
      vertex 14.444416046142578 13.920207023620605 -3
      vertex 8.696367263793945 7.136923789978027 -3
      vertex 14.294651985168457 14.031279563903809 -3
    endloop
  endfacet
  facet normal 0 0 -1
    outer loop
      vertex 5.303213119506836 -9.921613693237305 -3
      vertex 13.609148979187012 -15.313767433166504 -3
      vertex 13.59999942779541 -15.5 -3
    endloop
  endfacet
  facet normal 0 0 -1
    outer loop
      vertex 7.954951286315918 7.954951286315918 -3
      vertex 14.294651985168457 14.031279563903809 -3
      vertex 8.696367263793945 7.136923789978027 -3
    endloop
  endfacet
  facet normal 0 0 -1
    outer loop
      vertex 17.390850067138672 -15.313767433166504 -3
      vertex 21.299999237060547 -17.057357788085938 -3
      vertex 17.399999618530273 -15.5 -3
    endloop
  endfacet
  facet normal 0 0 -1
    outer loop
      vertex 21.299999237060547 -17.057357788085938 -3
      vertex 17.390850067138672 -15.68623161315918 -3
      vertex 17.399999618530273 -15.5 -3
    endloop
  endfacet
  facet normal 0 0 -1
    outer loop
      vertex 21.299999237060547 -17.057357788085938 -3
      vertex 17.36349105834961 -15.870671272277832 -3
      vertex 17.390850067138672 -15.68623161315918 -3
    endloop
  endfacet
  facet normal 0 0 -1
    outer loop
      vertex 21.299999237060547 -17.057357788085938 -3
      vertex 17.318185806274414 -16.05154037475586 -3
      vertex 17.36349105834961 -15.870671272277832 -3
    endloop
  endfacet
  facet normal 0 0 -1
    outer loop
      vertex 21.299999237060547 -17.057357788085938 -3
      vertex 17.25537109375 -16.22709846496582 -3
      vertex 17.318185806274414 -16.05154037475586 -3
    endloop
  endfacet
  facet normal 0 0 -1
    outer loop
      vertex 21.299999237060547 -17.057357788085938 -3
      vertex 17.175649642944336 -16.395652770996094 -3
      vertex 17.25537109375 -16.22709846496582 -3
    endloop
  endfacet
  facet normal 0 0 -1
    outer loop
      vertex 21.299999237060547 -17.057357788085938 -3
      vertex 17.079792022705078 -16.555583953857422 -3
      vertex 17.175649642944336 -16.395652770996094 -3
    endloop
  endfacet
  facet normal 0 0 -1
    outer loop
      vertex 16.843502044677734 -16.843502044677734 -3
      vertex 21.299999237060547 -17.057357788085938 -3
      vertex 17.057357788085938 -21.299999237060547 -3
    endloop
  endfacet
  facet normal 0 0 -1
    outer loop
      vertex 21.299999237060547 -17.057357788085938 -3
      vertex 16.968719482421875 -16.705347061157227 -3
      vertex 17.079792022705078 -16.555583953857422 -3
    endloop
  endfacet
  facet normal 0 0 -1
    outer loop
      vertex 21.299999237060547 -17.057357788085938 -3
      vertex 16.843502044677734 -16.843502044677734 -3
      vertex 16.968719482421875 -16.705347061157227 -3
    endloop
  endfacet
  facet normal 0 0 -1
    outer loop
      vertex 17.057357788085938 -21.299999237060547 -3
      vertex 16.705347061157227 -16.968719482421875 -3
      vertex 16.843502044677734 -16.843502044677734 -3
    endloop
  endfacet
  facet normal 0 0 -1
    outer loop
      vertex 17.057357788085938 -21.299999237060547 -3
      vertex 16.555583953857422 -17.079792022705078 -3
      vertex 16.705347061157227 -16.968719482421875 -3
    endloop
  endfacet
  facet normal 0 0 -1
    outer loop
      vertex 17.057357788085938 -21.299999237060547 -3
      vertex 16.395652770996094 -17.175649642944336 -3
      vertex 16.555583953857422 -17.079792022705078 -3
    endloop
  endfacet
  facet normal 0 0 -1
    outer loop
      vertex 17.057357788085938 -21.299999237060547 -3
      vertex 16.22709846496582 -17.25537109375 -3
      vertex 16.395652770996094 -17.175649642944336 -3
    endloop
  endfacet
  facet normal 0 0 -1
    outer loop
      vertex 17.057357788085938 -21.299999237060547 -3
      vertex 16.05154037475586 -17.318185806274414 -3
      vertex 16.22709846496582 -17.25537109375 -3
    endloop
  endfacet
  facet normal 0 0 -1
    outer loop
      vertex 17.057357788085938 -21.299999237060547 -3
      vertex 15.870671272277832 -17.36349105834961 -3
      vertex 16.05154037475586 -17.318185806274414 -3
    endloop
  endfacet
  facet normal 0 0 -1
    outer loop
      vertex 17.057357788085938 -21.299999237060547 -3
      vertex 15.68623161315918 -17.390850067138672 -3
      vertex 15.870671272277832 -17.36349105834961 -3
    endloop
  endfacet
  facet normal 0 0 -1
    outer loop
      vertex 17.057357788085938 -21.299999237060547 -3
      vertex 15.5 -17.399999618530273 -3
      vertex 15.68623161315918 -17.390850067138672 -3
    endloop
  endfacet
  facet normal 0 0 -1
    outer loop
      vertex 17.057357788085938 -21.299999237060547 -3
      vertex 15.313767433166504 -17.390850067138672 -3
      vertex 15.5 -17.399999618530273 -3
    endloop
  endfacet
  facet normal 0 0 -1
    outer loop
      vertex 17.057357788085938 -21.299999237060547 -3
      vertex 15.129327774047852 -17.36349105834961 -3
      vertex 15.313767433166504 -17.390850067138672 -3
    endloop
  endfacet
  facet normal 0 0 -1
    outer loop
      vertex 17.057357788085938 -21.299999237060547 -3
      vertex 14.948458671569824 -17.318185806274414 -3
      vertex 15.129327774047852 -17.36349105834961 -3
    endloop
  endfacet
  facet normal 0 0 -1
    outer loop
      vertex 17.057357788085938 -21.299999237060547 -3
      vertex 14.772900581359863 -17.25537109375 -3
      vertex 14.948458671569824 -17.318185806274414 -3
    endloop
  endfacet
  facet normal 0 0 -1
    outer loop
      vertex 17.057357788085938 -21.299999237060547 -3
      vertex 14.604345321655273 -17.175649642944336 -3
      vertex 14.772900581359863 -17.25537109375 -3
    endloop
  endfacet
  facet normal 0 0 -1
    outer loop
      vertex 17.057357788085938 -21.299999237060547 -3
      vertex 14.444416046142578 -17.079792022705078 -3
      vertex 14.604345321655273 -17.175649642944336 -3
    endloop
  endfacet
  facet normal 0 0 -1
    outer loop
      vertex 17.057357788085938 -21.299999237060547 -3
      vertex 14.294651985168457 -16.968719482421875 -3
      vertex 14.444416046142578 -17.079792022705078 -3
    endloop
  endfacet
  facet normal 0 0 -1
    outer loop
      vertex 17.057357788085938 -21.299999237060547 -3
      vertex 14.15649700164795 -16.843502044677734 -3
      vertex 14.294651985168457 -16.968719482421875 -3
    endloop
  endfacet
  facet normal 0 0 -1
    outer loop
      vertex 17.057357788085938 -21.299999237060547 -3
      vertex 14.031279563903809 -16.705347061157227 -3
      vertex 14.15649700164795 -16.843502044677734 -3
    endloop
  endfacet
  facet normal 0 0 -1
    outer loop
      vertex 1.1026926040649414 -11.19582748413086 -3
      vertex 14.031279563903809 -16.705347061157227 -3
      vertex 17.057357788085938 -21.299999237060547 -3
    endloop
  endfacet
  facet normal 0 0 -1
    outer loop
      vertex 14.294651985168457 14.031279563903809 -3
      vertex 7.954951286315918 7.954951286315918 -3
      vertex 14.15649700164795 14.15649700164795 -3
    endloop
  endfacet
  facet normal 0 0 -1
    outer loop
      vertex 4.305188179016113 -10.393644332885742 -3
      vertex 13.59999942779541 -15.5 -3
      vertex 13.609148979187012 -15.68623161315918 -3
    endloop
  endfacet
  facet normal 0 0 -1
    outer loop
      vertex 4.305188179016113 -10.393644332885742 -3
      vertex 13.609148979187012 -15.68623161315918 -3
      vertex 13.636507034301758 -15.870671272277832 -3
    endloop
  endfacet
  facet normal 0 0 -1
    outer loop
      vertex 16.705347061157227 -14.031279563903809 -3
      vertex 11.19582748413086 -1.1026926040649414 -3
      vertex 11.25 0 -3
    endloop
  endfacet
  facet normal 0 0 -1
    outer loop
      vertex 16.555583953857422 -13.920207023620605 -3
      vertex 11.033833503723145 -2.194766044616699 -3
      vertex 11.19582748413086 -1.1026926040649414 -3
    endloop
  endfacet
  facet normal 0 0 -1
    outer loop
      vertex 16.22709846496582 -13.744627952575684 -3
      vertex 10.765578269958496 -3.265702247619629 -3
      vertex 11.033833503723145 -2.194766044616699 -3
    endloop
  endfacet
  facet normal 0 0 -1
    outer loop
      vertex 15.870671272277832 -13.636507034301758 -3
      vertex 10.393644332885742 -4.305188179016113 -3
      vertex 10.765578269958496 -3.265702247619629 -3
    endloop
  endfacet
  facet normal 0 0 -1
    outer loop
      vertex 3.265702247619629 -10.765578269958496 -3
      vertex 13.636507034301758 -15.870671272277832 -3
      vertex 13.68181324005127 -16.05154037475586 -3
    endloop
  endfacet
  facet normal 0 0 -1
    outer loop
      vertex 15.5 -13.59999942779541 -3
      vertex 9.921613693237305 -5.303213119506836 -3
      vertex 10.393644332885742 -4.305188179016113 -3
    endloop
  endfacet
  facet normal 0 0 -1
    outer loop
      vertex 15.129327774047852 -13.636507034301758 -3
      vertex 9.354032516479492 -6.250164985656738 -3
      vertex 9.921613693237305 -5.303213119506836 -3
    endloop
  endfacet
  facet normal 0 0 -1
    outer loop
      vertex 3.265702247619629 -10.765578269958496 -3
      vertex 13.68181324005127 -16.05154037475586 -3
      vertex 13.744627952575684 -16.22709846496582 -3
    endloop
  endfacet
  facet normal 0 0 -1
    outer loop
      vertex 14.772900581359863 -13.744627952575684 -3
      vertex 8.696367263793945 -7.136923789978027 -3
      vertex 9.354032516479492 -6.250164985656738 -3
    endloop
  endfacet
  facet normal 0 0 -1
    outer loop
      vertex 2.194766044616699 -11.033833503723145 -3
      vertex 13.744627952575684 -16.22709846496582 -3
      vertex 13.824349403381348 -16.395652770996094 -3
    endloop
  endfacet
  facet normal 0 0 -1
    outer loop
      vertex 14.294651985168457 -14.031279563903809 -3
      vertex 7.954951286315918 -7.954951286315918 -3
      vertex 8.696367263793945 -7.136923789978027 -3
    endloop
  endfacet
  facet normal 0 0 -1
    outer loop
      vertex 2.194766044616699 -11.033833503723145 -3
      vertex 13.824349403381348 -16.395652770996094 -3
      vertex 13.920207023620605 -16.555583953857422 -3
    endloop
  endfacet
  facet normal 0 0 -1
    outer loop
      vertex 14.031279563903809 -16.705347061157227 -3
      vertex 1.1026926040649414 -11.19582748413086 -3
      vertex 13.920207023620605 -16.555583953857422 -3
    endloop
  endfacet
  facet normal 0 0 -1
    outer loop
      vertex 14.031279563903809 -14.294651985168457 -3
      vertex 7.136923789978027 -8.696367263793945 -3
      vertex 7.954951286315918 -7.954951286315918 -3
    endloop
  endfacet
  facet normal 0 0 -1
    outer loop
      vertex 13.744627952575684 -14.772900581359863 -3
      vertex 6.250164985656738 -9.354032516479492 -3
      vertex 7.136923789978027 -8.696367263793945 -3
    endloop
  endfacet
  facet normal 0 0 -1
    outer loop
      vertex 13.636507034301758 -15.129327774047852 -3
      vertex 5.303213119506836 -9.921613693237305 -3
      vertex 6.250164985656738 -9.354032516479492 -3
    endloop
  endfacet
  facet normal 0 0 -1
    outer loop
      vertex 13.59999942779541 -15.5 -3
      vertex 4.305188179016113 -10.393644332885742 -3
      vertex 5.303213119506836 -9.921613693237305 -3
    endloop
  endfacet
  facet normal 0 0 -1
    outer loop
      vertex 13.636507034301758 -15.870671272277832 -3
      vertex 3.265702247619629 -10.765578269958496 -3
      vertex 4.305188179016113 -10.393644332885742 -3
    endloop
  endfacet
  facet normal 0 0 -1
    outer loop
      vertex 13.744627952575684 -16.22709846496582 -3
      vertex 2.194766044616699 -11.033833503723145 -3
      vertex 3.265702247619629 -10.765578269958496 -3
    endloop
  endfacet
  facet normal 0 0 -1
    outer loop
      vertex 13.920207023620605 -16.555583953857422 -3
      vertex 1.1026926040649414 -11.19582748413086 -3
      vertex 2.194766044616699 -11.033833503723145 -3
    endloop
  endfacet
  facet normal 0 0 -1
    outer loop
      vertex 17.057357788085938 -21.299999237060547 -3
      vertex 0 -11.25 -3
      vertex 1.1026926040649414 -11.19582748413086 -3
    endloop
  endfacet
  facet normal 0 0 -1
    outer loop
      vertex -17.057357788085938 -21.299999237060547 -3
      vertex 0 -11.25 -3
      vertex 17.057357788085938 -21.299999237060547 -3
    endloop
  endfacet
  facet normal 0 0 -1
    outer loop
      vertex 0 -11.25 -3
      vertex -17.057357788085938 -21.299999237060547 -3
      vertex -1.1026926040649414 -11.19582748413086 -3
    endloop
  endfacet
  facet normal 0 0 -1
    outer loop
      vertex -14.031279563903809 -16.705347061157227 -3
      vertex -1.1026926040649414 -11.19582748413086 -3
      vertex -17.057357788085938 -21.299999237060547 -3
    endloop
  endfacet
  facet normal 0 0 -1
    outer loop
      vertex -1.1026926040649414 -11.19582748413086 -3
      vertex -13.920207023620605 -16.555583953857422 -3
      vertex -2.194766044616699 -11.033833503723145 -3
    endloop
  endfacet
  facet normal 0 0 -1
    outer loop
      vertex -13.824349403381348 -16.395652770996094 -3
      vertex -2.194766044616699 -11.033833503723145 -3
      vertex -13.920207023620605 -16.555583953857422 -3
    endloop
  endfacet
  facet normal 0 0 -1
    outer loop
      vertex -14.15649700164795 -14.15649700164795 -3
      vertex -7.954951286315918 -7.954951286315918 -3
      vertex -14.031279563903809 -14.294651985168457 -3
    endloop
  endfacet
  facet normal 0 0 -1
    outer loop
      vertex -7.136923789978027 -8.696367263793945 -3
      vertex -14.031279563903809 -14.294651985168457 -3
      vertex -7.954951286315918 -7.954951286315918 -3
    endloop
  endfacet
  facet normal 0 0 -1
    outer loop
      vertex -14.031279563903809 -14.294651985168457 -3
      vertex -7.136923789978027 -8.696367263793945 -3
      vertex -13.920207023620605 -14.444416046142578 -3
    endloop
  endfacet
  facet normal 0 0 -1
    outer loop
      vertex -13.920207023620605 -14.444416046142578 -3
      vertex -7.136923789978027 -8.696367263793945 -3
      vertex -13.824349403381348 -14.604345321655273 -3
    endloop
  endfacet
  facet normal 0 0 -1
    outer loop
      vertex -13.824349403381348 -14.604345321655273 -3
      vertex -7.136923789978027 -8.696367263793945 -3
      vertex -13.744627952575684 -14.772900581359863 -3
    endloop
  endfacet
  facet normal 0 0 -1
    outer loop
      vertex -6.250164985656738 -9.354032516479492 -3
      vertex -13.744627952575684 -14.772900581359863 -3
      vertex -7.136923789978027 -8.696367263793945 -3
    endloop
  endfacet
  facet normal 0 0 -1
    outer loop
      vertex -13.744627952575684 -14.772900581359863 -3
      vertex -6.250164985656738 -9.354032516479492 -3
      vertex -13.68181324005127 -14.948458671569824 -3
    endloop
  endfacet
  facet normal 0 0 -1
    outer loop
      vertex -13.68181324005127 -14.948458671569824 -3
      vertex -6.250164985656738 -9.354032516479492 -3
      vertex -13.636507034301758 -15.129327774047852 -3
    endloop
  endfacet
  facet normal 0 0 -1
    outer loop
      vertex -5.303213119506836 -9.921613693237305 -3
      vertex -13.636507034301758 -15.129327774047852 -3
      vertex -6.250164985656738 -9.354032516479492 -3
    endloop
  endfacet
  facet normal 0 0 -1
    outer loop
      vertex -13.636507034301758 -15.129327774047852 -3
      vertex -5.303213119506836 -9.921613693237305 -3
      vertex -13.609148979187012 -15.313767433166504 -3
    endloop
  endfacet
  facet normal 0 0 -1
    outer loop
      vertex -13.609148979187012 -15.313767433166504 -3
      vertex -5.303213119506836 -9.921613693237305 -3
      vertex -13.59999942779541 -15.5 -3
    endloop
  endfacet
  facet normal 0 0 -1
    outer loop
      vertex -2.194766044616699 -11.033833503723145 -3
      vertex -13.744627952575684 -16.22709846496582 -3
      vertex -3.265702247619629 -10.765578269958496 -3
    endloop
  endfacet
  facet normal 0 0 -1
    outer loop
      vertex -4.305188179016113 -10.393644332885742 -3
      vertex -13.59999942779541 -15.5 -3
      vertex -5.303213119506836 -9.921613693237305 -3
    endloop
  endfacet
  facet normal 0 0 -1
    outer loop
      vertex -13.59999942779541 -15.5 -3
      vertex -4.305188179016113 -10.393644332885742 -3
      vertex -13.609148979187012 -15.68623161315918 -3
    endloop
  endfacet
  facet normal 0 0 -1
    outer loop
      vertex -13.609148979187012 -15.68623161315918 -3
      vertex -4.305188179016113 -10.393644332885742 -3
      vertex -13.636507034301758 -15.870671272277832 -3
    endloop
  endfacet
  facet normal 0 0 -1
    outer loop
      vertex -3.265702247619629 -10.765578269958496 -3
      vertex -13.636507034301758 -15.870671272277832 -3
      vertex -4.305188179016113 -10.393644332885742 -3
    endloop
  endfacet
  facet normal 0 0 -1
    outer loop
      vertex -13.636507034301758 -15.870671272277832 -3
      vertex -3.265702247619629 -10.765578269958496 -3
      vertex -13.68181324005127 -16.05154037475586 -3
    endloop
  endfacet
  facet normal 0 0 -1
    outer loop
      vertex -13.68181324005127 -16.05154037475586 -3
      vertex -3.265702247619629 -10.765578269958496 -3
      vertex -13.744627952575684 -16.22709846496582 -3
    endloop
  endfacet
  facet normal 0 0 -1
    outer loop
      vertex -13.744627952575684 -16.22709846496582 -3
      vertex -2.194766044616699 -11.033833503723145 -3
      vertex -13.824349403381348 -16.395652770996094 -3
    endloop
  endfacet
  facet normal 0 0 -1
    outer loop
      vertex -13.920207023620605 -16.555583953857422 -3
      vertex -1.1026926040649414 -11.19582748413086 -3
      vertex -14.031279563903809 -16.705347061157227 -3
    endloop
  endfacet
  facet normal 0 0 -1
    outer loop
      vertex -14.031279563903809 -16.705347061157227 -3
      vertex -17.057357788085938 -21.299999237060547 -3
      vertex -14.15649700164795 -16.843502044677734 -3
    endloop
  endfacet
  facet normal 0 0 -1
    outer loop
      vertex -14.15649700164795 -16.843502044677734 -3
      vertex -17.057357788085938 -21.299999237060547 -3
      vertex -14.294651985168457 -16.968719482421875 -3
    endloop
  endfacet
  facet normal 0 0 -1
    outer loop
      vertex -14.294651985168457 -16.968719482421875 -3
      vertex -17.057357788085938 -21.299999237060547 -3
      vertex -14.444416046142578 -17.079792022705078 -3
    endloop
  endfacet
  facet normal 0 0 -1
    outer loop
      vertex -14.444416046142578 -17.079792022705078 -3
      vertex -17.057357788085938 -21.299999237060547 -3
      vertex -14.604345321655273 -17.175649642944336 -3
    endloop
  endfacet
  facet normal 0 0 -1
    outer loop
      vertex -14.604345321655273 -17.175649642944336 -3
      vertex -17.057357788085938 -21.299999237060547 -3
      vertex -14.772900581359863 -17.25537109375 -3
    endloop
  endfacet
  facet normal 0 0 -1
    outer loop
      vertex -14.772900581359863 -17.25537109375 -3
      vertex -17.057357788085938 -21.299999237060547 -3
      vertex -14.948458671569824 -17.318185806274414 -3
    endloop
  endfacet
  facet normal 0 0 -1
    outer loop
      vertex -14.948458671569824 -17.318185806274414 -3
      vertex -17.057357788085938 -21.299999237060547 -3
      vertex -15.129327774047852 -17.36349105834961 -3
    endloop
  endfacet
  facet normal 0 0 -1
    outer loop
      vertex -15.129327774047852 -17.36349105834961 -3
      vertex -17.057357788085938 -21.299999237060547 -3
      vertex -15.313767433166504 -17.390850067138672 -3
    endloop
  endfacet
  facet normal 0 0 -1
    outer loop
      vertex -15.313767433166504 -17.390850067138672 -3
      vertex -17.057357788085938 -21.299999237060547 -3
      vertex -15.5 -17.399999618530273 -3
    endloop
  endfacet
  facet normal 0 0 -1
    outer loop
      vertex -15.5 -17.399999618530273 -3
      vertex -17.057357788085938 -21.299999237060547 -3
      vertex -15.68623161315918 -17.390850067138672 -3
    endloop
  endfacet
  facet normal 0 0 -1
    outer loop
      vertex -17.057357788085938 -21.299999237060547 -3
      vertex -15.870671272277832 -17.36349105834961 -3
      vertex -15.68623161315918 -17.390850067138672 -3
    endloop
  endfacet
  facet normal 0 0 -1
    outer loop
      vertex -17.057357788085938 -21.299999237060547 -3
      vertex -16.05154037475586 -17.318185806274414 -3
      vertex -15.870671272277832 -17.36349105834961 -3
    endloop
  endfacet
  facet normal 0 0 -1
    outer loop
      vertex -17.057357788085938 -21.299999237060547 -3
      vertex -16.22709846496582 -17.25537109375 -3
      vertex -16.05154037475586 -17.318185806274414 -3
    endloop
  endfacet
  facet normal 0 0 -1
    outer loop
      vertex -17.057357788085938 -21.299999237060547 -3
      vertex -16.395652770996094 -17.175649642944336 -3
      vertex -16.22709846496582 -17.25537109375 -3
    endloop
  endfacet
  facet normal 0 0 -1
    outer loop
      vertex -17.057357788085938 -21.299999237060547 -3
      vertex -16.555583953857422 -17.079792022705078 -3
      vertex -16.395652770996094 -17.175649642944336 -3
    endloop
  endfacet
  facet normal 0 0 -1
    outer loop
      vertex -17.057357788085938 -21.299999237060547 -3
      vertex -16.705347061157227 -16.968719482421875 -3
      vertex -16.555583953857422 -17.079792022705078 -3
    endloop
  endfacet
  facet normal 0 0 -1
    outer loop
      vertex -17.057357788085938 -21.299999237060547 -3
      vertex -16.843502044677734 -16.843502044677734 -3
      vertex -16.705347061157227 -16.968719482421875 -3
    endloop
  endfacet
  facet normal 0 0 -1
    outer loop
      vertex -21.299999237060547 -17.057357788085938 -3
      vertex -16.843502044677734 -16.843502044677734 -3
      vertex -17.057357788085938 -21.299999237060547 -3
    endloop
  endfacet
  facet normal 0 0 -1
    outer loop
      vertex -16.843502044677734 -16.843502044677734 -3
      vertex -21.299999237060547 -17.057357788085938 -3
      vertex -16.968719482421875 -16.705347061157227 -3
    endloop
  endfacet
  facet normal 0 0 -1
    outer loop
      vertex -16.968719482421875 -16.705347061157227 -3
      vertex -21.299999237060547 -17.057357788085938 -3
      vertex -17.079792022705078 -16.555583953857422 -3
    endloop
  endfacet
  facet normal 0 0 -1
    outer loop
      vertex -17.079792022705078 -16.555583953857422 -3
      vertex -21.299999237060547 -17.057357788085938 -3
      vertex -17.175649642944336 -16.395652770996094 -3
    endloop
  endfacet
  facet normal 0 0 -1
    outer loop
      vertex -17.175649642944336 -16.395652770996094 -3
      vertex -21.299999237060547 -17.057357788085938 -3
      vertex -17.25537109375 -16.22709846496582 -3
    endloop
  endfacet
  facet normal 0 0 -1
    outer loop
      vertex -17.25537109375 -16.22709846496582 -3
      vertex -21.299999237060547 -17.057357788085938 -3
      vertex -17.318185806274414 -16.05154037475586 -3
    endloop
  endfacet
  facet normal 0 0 -1
    outer loop
      vertex -17.318185806274414 -16.05154037475586 -3
      vertex -21.299999237060547 -17.057357788085938 -3
      vertex -17.36349105834961 -15.870671272277832 -3
    endloop
  endfacet
  facet normal 0 0 -1
    outer loop
      vertex -17.36349105834961 15.129327774047852 -3
      vertex -21.299999237060547 17.057357788085938 -3
      vertex -17.390850067138672 15.313767433166504 -3
    endloop
  endfacet
  facet normal 0 0 -1
    outer loop
      vertex -17.390850067138672 -15.68623161315918 -3
      vertex -21.299999237060547 -17.057357788085938 -3
      vertex -17.399999618530273 -15.5 -3
    endloop
  endfacet
  facet normal 0 0 -1
    outer loop
      vertex -17.36349105834961 -15.870671272277832 -3
      vertex -21.299999237060547 -17.057357788085938 -3
      vertex -17.390850067138672 -15.68623161315918 -3
    endloop
  endfacet
  facet normal 0 0 -1
    outer loop
      vertex 17.36349105834961 -15.129327774047852 -3
      vertex 21.299999237060547 -17.057357788085938 -3
      vertex 17.390850067138672 -15.313767433166504 -3
    endloop
  endfacet
  facet normal 0 0 -1
    outer loop
      vertex 17.390850067138672 15.68623161315918 -3
      vertex 21.299999237060547 17.057357788085938 -3
      vertex 17.399999618530273 15.5 -3
    endloop
  endfacet
  facet normal 0 0 -1
    outer loop
      vertex 17.36349105834961 15.870671272277832 -3
      vertex 21.299999237060547 17.057357788085938 -3
      vertex 17.390850067138672 15.68623161315918 -3
    endloop
  endfacet
  facet normal 0 0 -1
    outer loop
      vertex 17.318185806274414 16.05154037475586 -3
      vertex 21.299999237060547 17.057357788085938 -3
      vertex 17.36349105834961 15.870671272277832 -3
    endloop
  endfacet
  facet normal 0 0 -1
    outer loop
      vertex 17.25537109375 16.22709846496582 -3
      vertex 21.299999237060547 17.057357788085938 -3
      vertex 17.318185806274414 16.05154037475586 -3
    endloop
  endfacet
  facet normal 0 0 -1
    outer loop
      vertex 17.175649642944336 16.395652770996094 -3
      vertex 21.299999237060547 17.057357788085938 -3
      vertex 17.25537109375 16.22709846496582 -3
    endloop
  endfacet
  facet normal 0 0 -1
    outer loop
      vertex 17.079792022705078 16.555583953857422 -3
      vertex 21.299999237060547 17.057357788085938 -3
      vertex 17.175649642944336 16.395652770996094 -3
    endloop
  endfacet
  facet normal 0 0 -1
    outer loop
      vertex 16.968719482421875 16.705347061157227 -3
      vertex 21.299999237060547 17.057357788085938 -3
      vertex 17.079792022705078 16.555583953857422 -3
    endloop
  endfacet
  facet normal 0 0 -1
    outer loop
      vertex 16.843502044677734 16.843502044677734 -3
      vertex 21.299999237060547 17.057357788085938 -3
      vertex 16.968719482421875 16.705347061157227 -3
    endloop
  endfacet
  facet normal 0 0 -1
    outer loop
      vertex 21.299999237060547 17.057357788085938 -3
      vertex 16.843502044677734 16.843502044677734 -3
      vertex 17.057357788085938 21.299999237060547 -3
    endloop
  endfacet
  facet normal 0 0 -1
    outer loop
      vertex 16.705347061157227 16.968719482421875 -3
      vertex 17.057357788085938 21.299999237060547 -3
      vertex 16.843502044677734 16.843502044677734 -3
    endloop
  endfacet
  facet normal 0 0 -1
    outer loop
      vertex 16.555583953857422 17.079792022705078 -3
      vertex 17.057357788085938 21.299999237060547 -3
      vertex 16.705347061157227 16.968719482421875 -3
    endloop
  endfacet
  facet normal 0 0 -1
    outer loop
      vertex 16.395652770996094 17.175649642944336 -3
      vertex 17.057357788085938 21.299999237060547 -3
      vertex 16.555583953857422 17.079792022705078 -3
    endloop
  endfacet
  facet normal 0 0 -1
    outer loop
      vertex 16.22709846496582 17.25537109375 -3
      vertex 17.057357788085938 21.299999237060547 -3
      vertex 16.395652770996094 17.175649642944336 -3
    endloop
  endfacet
  facet normal 0 0 -1
    outer loop
      vertex 16.05154037475586 17.318185806274414 -3
      vertex 17.057357788085938 21.299999237060547 -3
      vertex 16.22709846496582 17.25537109375 -3
    endloop
  endfacet
  facet normal 0 0 -1
    outer loop
      vertex 15.870671272277832 17.36349105834961 -3
      vertex 17.057357788085938 21.299999237060547 -3
      vertex 16.05154037475586 17.318185806274414 -3
    endloop
  endfacet
  facet normal 0 0 -1
    outer loop
      vertex 15.68623161315918 17.390850067138672 -3
      vertex 17.057357788085938 21.299999237060547 -3
      vertex 15.870671272277832 17.36349105834961 -3
    endloop
  endfacet
  facet normal 0 0 -1
    outer loop
      vertex 15.5 17.399999618530273 -3
      vertex 17.057357788085938 21.299999237060547 -3
      vertex 15.68623161315918 17.390850067138672 -3
    endloop
  endfacet
  facet normal 0 0 -1
    outer loop
      vertex 15.313767433166504 17.390850067138672 -3
      vertex 17.057357788085938 21.299999237060547 -3
      vertex 15.5 17.399999618530273 -3
    endloop
  endfacet
  facet normal 0 0 -1
    outer loop
      vertex 15.129327774047852 17.36349105834961 -3
      vertex 17.057357788085938 21.299999237060547 -3
      vertex 15.313767433166504 17.390850067138672 -3
    endloop
  endfacet
  facet normal 0 0 -1
    outer loop
      vertex 14.948458671569824 17.318185806274414 -3
      vertex 17.057357788085938 21.299999237060547 -3
      vertex 15.129327774047852 17.36349105834961 -3
    endloop
  endfacet
  facet normal 0 0 -1
    outer loop
      vertex 14.772900581359863 17.25537109375 -3
      vertex 17.057357788085938 21.299999237060547 -3
      vertex 14.948458671569824 17.318185806274414 -3
    endloop
  endfacet
  facet normal 0 0 -1
    outer loop
      vertex 14.604345321655273 17.175649642944336 -3
      vertex 17.057357788085938 21.299999237060547 -3
      vertex 14.772900581359863 17.25537109375 -3
    endloop
  endfacet
  facet normal 0 0 -1
    outer loop
      vertex 14.444416046142578 17.079792022705078 -3
      vertex 17.057357788085938 21.299999237060547 -3
      vertex 14.604345321655273 17.175649642944336 -3
    endloop
  endfacet
  facet normal 0 0 -1
    outer loop
      vertex 14.294651985168457 16.968719482421875 -3
      vertex 17.057357788085938 21.299999237060547 -3
      vertex 14.444416046142578 17.079792022705078 -3
    endloop
  endfacet
  facet normal 0 0 -1
    outer loop
      vertex 14.15649700164795 16.843502044677734 -3
      vertex 17.057357788085938 21.299999237060547 -3
      vertex 14.294651985168457 16.968719482421875 -3
    endloop
  endfacet
  facet normal 0 0 -1
    outer loop
      vertex 14.031279563903809 16.705347061157227 -3
      vertex 17.057357788085938 21.299999237060547 -3
      vertex 14.15649700164795 16.843502044677734 -3
    endloop
  endfacet
  facet normal 0 0 -1
    outer loop
      vertex 1.1026926040649414 11.19582748413086 -3
      vertex 14.031279563903809 16.705347061157227 -3
      vertex 13.920207023620605 16.555583953857422 -3
    endloop
  endfacet
  facet normal 0 0 -1
    outer loop
      vertex 14.15649700164795 14.15649700164795 -3
      vertex 7.954951286315918 7.954951286315918 -3
      vertex 14.031279563903809 14.294651985168457 -3
    endloop
  endfacet
  facet normal 0 0 -1
    outer loop
      vertex 7.136923789978027 8.696367263793945 -3
      vertex 14.031279563903809 14.294651985168457 -3
      vertex 7.954951286315918 7.954951286315918 -3
    endloop
  endfacet
  facet normal 0 0 -1
    outer loop
      vertex 14.031279563903809 14.294651985168457 -3
      vertex 7.136923789978027 8.696367263793945 -3
      vertex 13.920207023620605 14.444416046142578 -3
    endloop
  endfacet
  facet normal 0 0 -1
    outer loop
      vertex 13.920207023620605 14.444416046142578 -3
      vertex 7.136923789978027 8.696367263793945 -3
      vertex 13.824349403381348 14.604345321655273 -3
    endloop
  endfacet
  facet normal 0 0 -1
    outer loop
      vertex 13.824349403381348 14.604345321655273 -3
      vertex 7.136923789978027 8.696367263793945 -3
      vertex 13.744627952575684 14.772900581359863 -3
    endloop
  endfacet
  facet normal 0 0 -1
    outer loop
      vertex 6.250164985656738 9.354032516479492 -3
      vertex 13.744627952575684 14.772900581359863 -3
      vertex 7.136923789978027 8.696367263793945 -3
    endloop
  endfacet
  facet normal 0 0 -1
    outer loop
      vertex 13.744627952575684 14.772900581359863 -3
      vertex 6.250164985656738 9.354032516479492 -3
      vertex 13.68181324005127 14.948458671569824 -3
    endloop
  endfacet
  facet normal 0 0 -1
    outer loop
      vertex 13.68181324005127 14.948458671569824 -3
      vertex 6.250164985656738 9.354032516479492 -3
      vertex 13.636507034301758 15.129327774047852 -3
    endloop
  endfacet
  facet normal 0 0 -1
    outer loop
      vertex 5.303213119506836 9.921613693237305 -3
      vertex 13.636507034301758 15.129327774047852 -3
      vertex 6.250164985656738 9.354032516479492 -3
    endloop
  endfacet
  facet normal 0 0 -1
    outer loop
      vertex 13.636507034301758 15.129327774047852 -3
      vertex 5.303213119506836 9.921613693237305 -3
      vertex 13.609148979187012 15.313767433166504 -3
    endloop
  endfacet
  facet normal 0 0 -1
    outer loop
      vertex 13.609148979187012 15.313767433166504 -3
      vertex 5.303213119506836 9.921613693237305 -3
      vertex 13.59999942779541 15.5 -3
    endloop
  endfacet
  facet normal 0 0 -1
    outer loop
      vertex 4.305188179016113 10.393644332885742 -3
      vertex 13.59999942779541 15.5 -3
      vertex 5.303213119506836 9.921613693237305 -3
    endloop
  endfacet
  facet normal 0 0 -1
    outer loop
      vertex 13.59999942779541 15.5 -3
      vertex 4.305188179016113 10.393644332885742 -3
      vertex 13.609148979187012 15.68623161315918 -3
    endloop
  endfacet
  facet normal 0 0 -1
    outer loop
      vertex 13.609148979187012 15.68623161315918 -3
      vertex 4.305188179016113 10.393644332885742 -3
      vertex 13.636507034301758 15.870671272277832 -3
    endloop
  endfacet
  facet normal 0 0 -1
    outer loop
      vertex 3.265702247619629 10.765578269958496 -3
      vertex 13.636507034301758 15.870671272277832 -3
      vertex 4.305188179016113 10.393644332885742 -3
    endloop
  endfacet
  facet normal 0 0 -1
    outer loop
      vertex 13.636507034301758 15.870671272277832 -3
      vertex 3.265702247619629 10.765578269958496 -3
      vertex 13.68181324005127 16.05154037475586 -3
    endloop
  endfacet
  facet normal 0 0 -1
    outer loop
      vertex 13.68181324005127 16.05154037475586 -3
      vertex 3.265702247619629 10.765578269958496 -3
      vertex 13.744627952575684 16.22709846496582 -3
    endloop
  endfacet
  facet normal 0 0 -1
    outer loop
      vertex 2.194766044616699 11.033833503723145 -3
      vertex 13.744627952575684 16.22709846496582 -3
      vertex 3.265702247619629 10.765578269958496 -3
    endloop
  endfacet
  facet normal 0 0 -1
    outer loop
      vertex 13.744627952575684 16.22709846496582 -3
      vertex 2.194766044616699 11.033833503723145 -3
      vertex 13.824349403381348 16.395652770996094 -3
    endloop
  endfacet
  facet normal 0 0 -1
    outer loop
      vertex 13.824349403381348 16.395652770996094 -3
      vertex 2.194766044616699 11.033833503723145 -3
      vertex 13.920207023620605 16.555583953857422 -3
    endloop
  endfacet
  facet normal 0 0 -1
    outer loop
      vertex 1.1026926040649414 11.19582748413086 -3
      vertex 13.920207023620605 16.555583953857422 -3
      vertex 2.194766044616699 11.033833503723145 -3
    endloop
  endfacet
  facet normal 0 0 -1
    outer loop
      vertex 14.031279563903809 16.705347061157227 -3
      vertex 1.1026926040649414 11.19582748413086 -3
      vertex 17.057357788085938 21.299999237060547 -3
    endloop
  endfacet
  facet normal 0 0 -1
    outer loop
      vertex 0 11.25 -3
      vertex 17.057357788085938 21.299999237060547 -3
      vertex 1.1026926040649414 11.19582748413086 -3
    endloop
  endfacet
  facet normal 0 0 -1
    outer loop
      vertex -17.057357788085938 21.299999237060547 -3
      vertex 0 11.25 -3
      vertex -1.1026926040649414 11.19582748413086 -3
    endloop
  endfacet
  facet normal 0 0 -1
    outer loop
      vertex -13.920207023620605 16.555583953857422 -3
      vertex -1.1026926040649414 11.19582748413086 -3
      vertex -2.194766044616699 11.033833503723145 -3
    endloop
  endfacet
  facet normal 0 0 -1
    outer loop
      vertex -13.744627952575684 16.22709846496582 -3
      vertex -2.194766044616699 11.033833503723145 -3
      vertex -3.265702247619629 10.765578269958496 -3
    endloop
  endfacet
  facet normal 0 0 -1
    outer loop
      vertex -13.636507034301758 15.870671272277832 -3
      vertex -3.265702247619629 10.765578269958496 -3
      vertex -4.305188179016113 10.393644332885742 -3
    endloop
  endfacet
  facet normal 0 0 -1
    outer loop
      vertex -13.59999942779541 15.5 -3
      vertex -4.305188179016113 10.393644332885742 -3
      vertex -5.303213119506836 9.921613693237305 -3
    endloop
  endfacet
  facet normal 0 0 -1
    outer loop
      vertex -14.294651985168457 -14.031279563903809 -3
      vertex -7.954951286315918 -7.954951286315918 -3
      vertex -14.15649700164795 -14.15649700164795 -3
    endloop
  endfacet
  facet normal 0 0 -1
    outer loop
      vertex -11.25 0 -3
      vertex -13.59999942779541 15.5 -3
      vertex -11.19582748413086 1.1026926040649414 -3
    endloop
  endfacet
  facet normal 0 0 -1
    outer loop
      vertex -13.59999942779541 15.5 -3
      vertex -11.033833503723145 2.194766044616699 -3
      vertex -11.19582748413086 1.1026926040649414 -3
    endloop
  endfacet
  facet normal 0 0 -1
    outer loop
      vertex -13.59999942779541 15.5 -3
      vertex -10.765578269958496 3.265702247619629 -3
      vertex -11.033833503723145 2.194766044616699 -3
    endloop
  endfacet
  facet normal 0 0 -1
    outer loop
      vertex -13.59999942779541 15.5 -3
      vertex -10.393644332885742 4.305188179016113 -3
      vertex -10.765578269958496 3.265702247619629 -3
    endloop
  endfacet
  facet normal 0 0 -1
    outer loop
      vertex -13.59999942779541 15.5 -3
      vertex -9.921613693237305 5.303213119506836 -3
      vertex -10.393644332885742 4.305188179016113 -3
    endloop
  endfacet
  facet normal 0 0 -1
    outer loop
      vertex -13.59999942779541 15.5 -3
      vertex -9.354032516479492 6.250164985656738 -3
      vertex -9.921613693237305 5.303213119506836 -3
    endloop
  endfacet
  facet normal 0 0 -1
    outer loop
      vertex -13.59999942779541 15.5 -3
      vertex -8.696367263793945 7.136923789978027 -3
      vertex -9.354032516479492 6.250164985656738 -3
    endloop
  endfacet
  facet normal 0 0 -1
    outer loop
      vertex -13.59999942779541 15.5 -3
      vertex -7.954951286315918 7.954951286315918 -3
      vertex -8.696367263793945 7.136923789978027 -3
    endloop
  endfacet
  facet normal 0 0 -1
    outer loop
      vertex -13.59999942779541 15.5 -3
      vertex -7.136923789978027 8.696367263793945 -3
      vertex -7.954951286315918 7.954951286315918 -3
    endloop
  endfacet
  facet normal 0 0 -1
    outer loop
      vertex -13.59999942779541 15.5 -3
      vertex -6.250164985656738 9.354032516479492 -3
      vertex -7.136923789978027 8.696367263793945 -3
    endloop
  endfacet
  facet normal 0 0 -1
    outer loop
      vertex -13.59999942779541 15.5 -3
      vertex -5.303213119506836 9.921613693237305 -3
      vertex -6.250164985656738 9.354032516479492 -3
    endloop
  endfacet
  facet normal 0 0 -1
    outer loop
      vertex -4.305188179016113 10.393644332885742 -3
      vertex -13.59999942779541 15.5 -3
      vertex -13.609148979187012 15.68623161315918 -3
    endloop
  endfacet
  facet normal 0 0 -1
    outer loop
      vertex -4.305188179016113 10.393644332885742 -3
      vertex -13.609148979187012 15.68623161315918 -3
      vertex -13.636507034301758 15.870671272277832 -3
    endloop
  endfacet
  facet normal 0 0 -1
    outer loop
      vertex -3.265702247619629 10.765578269958496 -3
      vertex -13.636507034301758 15.870671272277832 -3
      vertex -13.68181324005127 16.05154037475586 -3
    endloop
  endfacet
  facet normal 0 0 -1
    outer loop
      vertex -3.265702247619629 10.765578269958496 -3
      vertex -13.68181324005127 16.05154037475586 -3
      vertex -13.744627952575684 16.22709846496582 -3
    endloop
  endfacet
  facet normal 0 0 -1
    outer loop
      vertex -2.194766044616699 11.033833503723145 -3
      vertex -13.744627952575684 16.22709846496582 -3
      vertex -13.824349403381348 16.395652770996094 -3
    endloop
  endfacet
  facet normal 0 0 -1
    outer loop
      vertex -2.194766044616699 11.033833503723145 -3
      vertex -13.824349403381348 16.395652770996094 -3
      vertex -13.920207023620605 16.555583953857422 -3
    endloop
  endfacet
  facet normal 0 0 -1
    outer loop
      vertex -1.1026926040649414 11.19582748413086 -3
      vertex -13.920207023620605 16.555583953857422 -3
      vertex -14.031279563903809 16.705347061157227 -3
    endloop
  endfacet
  facet normal 0 0 -1
    outer loop
      vertex -1.1026926040649414 11.19582748413086 -3
      vertex -14.031279563903809 16.705347061157227 -3
      vertex -17.057357788085938 21.299999237060547 -3
    endloop
  endfacet
  facet normal 0 0 -1
    outer loop
      vertex -17.057357788085938 21.299999237060547 -3
      vertex -14.031279563903809 16.705347061157227 -3
      vertex -14.15649700164795 16.843502044677734 -3
    endloop
  endfacet
  facet normal 0 0 -1
    outer loop
      vertex -17.057357788085938 21.299999237060547 -3
      vertex -14.15649700164795 16.843502044677734 -3
      vertex -14.294651985168457 16.968719482421875 -3
    endloop
  endfacet
  facet normal 0 0 -1
    outer loop
      vertex -17.057357788085938 21.299999237060547 -3
      vertex -14.294651985168457 16.968719482421875 -3
      vertex -14.444416046142578 17.079792022705078 -3
    endloop
  endfacet
  facet normal 0 0 -1
    outer loop
      vertex -17.057357788085938 21.299999237060547 -3
      vertex -14.444416046142578 17.079792022705078 -3
      vertex -14.604345321655273 17.175649642944336 -3
    endloop
  endfacet
  facet normal 0 0 -1
    outer loop
      vertex -17.057357788085938 21.299999237060547 -3
      vertex -14.604345321655273 17.175649642944336 -3
      vertex -14.772900581359863 17.25537109375 -3
    endloop
  endfacet
  facet normal 0 0 -1
    outer loop
      vertex -17.057357788085938 21.299999237060547 -3
      vertex -14.772900581359863 17.25537109375 -3
      vertex -14.948458671569824 17.318185806274414 -3
    endloop
  endfacet
  facet normal 0 0 -1
    outer loop
      vertex -17.057357788085938 21.299999237060547 -3
      vertex -14.948458671569824 17.318185806274414 -3
      vertex -15.129327774047852 17.36349105834961 -3
    endloop
  endfacet
  facet normal 0 0 -1
    outer loop
      vertex -17.057357788085938 21.299999237060547 -3
      vertex -15.129327774047852 17.36349105834961 -3
      vertex -15.313767433166504 17.390850067138672 -3
    endloop
  endfacet
  facet normal 0 0 -1
    outer loop
      vertex -17.057357788085938 21.299999237060547 -3
      vertex -15.313767433166504 17.390850067138672 -3
      vertex -15.5 17.399999618530273 -3
    endloop
  endfacet
  facet normal 0 0 -1
    outer loop
      vertex -17.057357788085938 21.299999237060547 -3
      vertex -15.5 17.399999618530273 -3
      vertex -15.68623161315918 17.390850067138672 -3
    endloop
  endfacet
  facet normal 0 0 -1
    outer loop
      vertex 0 11.25 -3
      vertex -17.057357788085938 21.299999237060547 -3
      vertex 17.057357788085938 21.299999237060547 -3
    endloop
  endfacet
  facet normal 0 0 -1
    outer loop
      vertex -15.870671272277832 17.36349105834961 -3
      vertex -17.057357788085938 21.299999237060547 -3
      vertex -15.68623161315918 17.390850067138672 -3
    endloop
  endfacet
  facet normal 0 0 -1
    outer loop
      vertex -16.05154037475586 17.318185806274414 -3
      vertex -17.057357788085938 21.299999237060547 -3
      vertex -15.870671272277832 17.36349105834961 -3
    endloop
  endfacet
  facet normal 0 0 -1
    outer loop
      vertex -16.22709846496582 17.25537109375 -3
      vertex -17.057357788085938 21.299999237060547 -3
      vertex -16.05154037475586 17.318185806274414 -3
    endloop
  endfacet
  facet normal 0 0 -1
    outer loop
      vertex -16.395652770996094 17.175649642944336 -3
      vertex -17.057357788085938 21.299999237060547 -3
      vertex -16.22709846496582 17.25537109375 -3
    endloop
  endfacet
  facet normal 0 0 -1
    outer loop
      vertex -16.555583953857422 17.079792022705078 -3
      vertex -17.057357788085938 21.299999237060547 -3
      vertex -16.395652770996094 17.175649642944336 -3
    endloop
  endfacet
  facet normal 0 0 -1
    outer loop
      vertex -16.705347061157227 16.968719482421875 -3
      vertex -17.057357788085938 21.299999237060547 -3
      vertex -16.555583953857422 17.079792022705078 -3
    endloop
  endfacet
  facet normal 0 0 -1
    outer loop
      vertex -16.843502044677734 16.843502044677734 -3
      vertex -17.057357788085938 21.299999237060547 -3
      vertex -16.705347061157227 16.968719482421875 -3
    endloop
  endfacet
  facet normal 0 0 -1
    outer loop
      vertex -21.299999237060547 17.057357788085938 -3
      vertex -16.843502044677734 16.843502044677734 -3
      vertex -16.968719482421875 16.705347061157227 -3
    endloop
  endfacet
  facet normal 0 0 -1
    outer loop
      vertex -21.299999237060547 17.057357788085938 -3
      vertex -16.968719482421875 16.705347061157227 -3
      vertex -17.079792022705078 16.555583953857422 -3
    endloop
  endfacet
  facet normal 0 0 -1
    outer loop
      vertex -21.299999237060547 17.057357788085938 -3
      vertex -17.079792022705078 16.555583953857422 -3
      vertex -17.175649642944336 16.395652770996094 -3
    endloop
  endfacet
  facet normal 0 0 -1
    outer loop
      vertex -21.299999237060547 17.057357788085938 -3
      vertex -17.175649642944336 16.395652770996094 -3
      vertex -17.25537109375 16.22709846496582 -3
    endloop
  endfacet
  facet normal 0 0 -1
    outer loop
      vertex -21.299999237060547 17.057357788085938 -3
      vertex -17.25537109375 16.22709846496582 -3
      vertex -17.318185806274414 16.05154037475586 -3
    endloop
  endfacet
  facet normal 0 0 -1
    outer loop
      vertex -21.299999237060547 17.057357788085938 -3
      vertex -17.318185806274414 16.05154037475586 -3
      vertex -17.36349105834961 15.870671272277832 -3
    endloop
  endfacet
  facet normal 0 0 -1
    outer loop
      vertex -21.299999237060547 17.057357788085938 -3
      vertex -17.36349105834961 15.870671272277832 -3
      vertex -17.390850067138672 15.68623161315918 -3
    endloop
  endfacet
  facet normal 0 0 -1
    outer loop
      vertex -17.390850067138672 15.313767433166504 -3
      vertex -21.299999237060547 17.057357788085938 -3
      vertex -17.399999618530273 15.5 -3
    endloop
  endfacet
  facet normal 0 0 -1
    outer loop
      vertex -17.399999618530273 15.5 -3
      vertex -21.299999237060547 17.057357788085938 -3
      vertex -17.390850067138672 15.68623161315918 -3
    endloop
  endfacet
  facet normal 0 0 -1
    outer loop
      vertex -16.843502044677734 16.843502044677734 -3
      vertex -21.299999237060547 17.057357788085938 -3
      vertex -17.057357788085938 21.299999237060547 -3
    endloop
  endfacet
  facet normal -0.7071067811865475 -0.7071067811865475 0
    outer loop
      vertex -17.057357788085938 -21.299999237060547 -3
      vertex -21.299999237060547 -17.057357788085938 -1
      vertex -21.299999237060547 -17.057357788085938 -3
    endloop
  endfacet
  facet normal -0.7071067811865475 -0.7071067811865475 0
    outer loop
      vertex -21.299999237060547 -17.057357788085938 -1
      vertex -17.057357788085938 -21.299999237060547 -3
      vertex -17.057357788085938 -21.299999237060547 -1
    endloop
  endfacet
  facet normal 0.7071067811865475 0.7071067811865475 0
    outer loop
      vertex 21.299999237060547 17.057357788085938 -1
      vertex 17.057357788085938 21.299999237060547 -3
      vertex 17.057357788085938 21.299999237060547 -1
    endloop
  endfacet
  facet normal 0.7071067811865475 0.7071067811865475 0
    outer loop
      vertex 17.057357788085938 21.299999237060547 -3
      vertex 21.299999237060547 17.057357788085938 -1
      vertex 21.299999237060547 17.057357788085938 -3
    endloop
  endfacet
  facet normal 1 0 0
    outer loop
      vertex 21.299999237060547 -17.057357788085938 -1
      vertex 21.299999237060547 17.057357788085938 -3
      vertex 21.299999237060547 17.057357788085938 -1
    endloop
  endfacet
  facet normal 1 0 0
    outer loop
      vertex 21.299999237060547 17.057357788085938 -3
      vertex 21.299999237060547 -17.057357788085938 -1
      vertex 21.299999237060547 -17.057357788085938 -3
    endloop
  endfacet
  facet normal 0 1 0
    outer loop
      vertex 17.057357788085938 21.299999237060547 -3
      vertex -17.057357788085938 21.299999237060547 -1
      vertex 17.057357788085938 21.299999237060547 -1
    endloop
  endfacet
  facet normal 0 1 0
    outer loop
      vertex -17.057357788085938 21.299999237060547 -1
      vertex 17.057357788085938 21.299999237060547 -3
      vertex -17.057357788085938 21.299999237060547 -3
    endloop
  endfacet
  facet normal -1 0 0
    outer loop
      vertex -21.299999237060547 -17.057357788085938 -3
      vertex -21.299999237060547 17.057357788085938 -1
      vertex -21.299999237060547 17.057357788085938 -3
    endloop
  endfacet
  facet normal -1 0 0
    outer loop
      vertex -21.299999237060547 17.057357788085938 -1
      vertex -21.299999237060547 -17.057357788085938 -3
      vertex -21.299999237060547 -17.057357788085938 -1
    endloop
  endfacet
  facet normal 0 0 1
    outer loop
      vertex -7.954951286315918 7.954951286315918 -1
      vertex -14.294651985168457 14.031279563903809 -1
      vertex -8.696367263793945 7.136923789978027 -1
    endloop
  endfacet
  facet normal 0 0 1
    outer loop
      vertex -11.25 0 -1
      vertex -13.609148979187012 -15.313767433166504 -1
      vertex -13.59999942779541 -15.5 -1
    endloop
  endfacet
  facet normal 0 0 1
    outer loop
      vertex -14.444416046142578 13.920207023620605 -1
      vertex -8.696367263793945 7.136923789978027 -1
      vertex -14.294651985168457 14.031279563903809 -1
    endloop
  endfacet
  facet normal 0 0 1
    outer loop
      vertex -11.25 0 -1
      vertex -13.636507034301758 -15.129327774047852 -1
      vertex -13.609148979187012 -15.313767433166504 -1
    endloop
  endfacet
  facet normal 0 0 1
    outer loop
      vertex -14.604345321655273 13.824349403381348 -1
      vertex -8.696367263793945 7.136923789978027 -1
      vertex -14.444416046142578 13.920207023620605 -1
    endloop
  endfacet
  facet normal 0 0 1
    outer loop
      vertex -11.25 0 -1
      vertex -13.68181324005127 -14.948458671569824 -1
      vertex -13.636507034301758 -15.129327774047852 -1
    endloop
  endfacet
  facet normal 0 0 1
    outer loop
      vertex -14.772900581359863 13.744627952575684 -1
      vertex -8.696367263793945 7.136923789978027 -1
      vertex -14.604345321655273 13.824349403381348 -1
    endloop
  endfacet
  facet normal 0 0 1
    outer loop
      vertex -11.25 0 -1
      vertex -13.744627952575684 -14.772900581359863 -1
      vertex -13.68181324005127 -14.948458671569824 -1
    endloop
  endfacet
  facet normal 0 0 1
    outer loop
      vertex -8.696367263793945 7.136923789978027 -1
      vertex -14.772900581359863 13.744627952575684 -1
      vertex -9.354032516479492 6.250164985656738 -1
    endloop
  endfacet
  facet normal 0 0 1
    outer loop
      vertex -11.25 0 -1
      vertex -13.824349403381348 -14.604345321655273 -1
      vertex -13.744627952575684 -14.772900581359863 -1
    endloop
  endfacet
  facet normal 0 0 1
    outer loop
      vertex -14.948458671569824 13.68181324005127 -1
      vertex -9.354032516479492 6.250164985656738 -1
      vertex -14.772900581359863 13.744627952575684 -1
    endloop
  endfacet
  facet normal 0 0 1
    outer loop
      vertex -11.25 0 -1
      vertex -13.920207023620605 -14.444416046142578 -1
      vertex -13.824349403381348 -14.604345321655273 -1
    endloop
  endfacet
  facet normal 0 0 1
    outer loop
      vertex -15.129327774047852 13.636507034301758 -1
      vertex -9.354032516479492 6.250164985656738 -1
      vertex -14.948458671569824 13.68181324005127 -1
    endloop
  endfacet
  facet normal 0 0 1
    outer loop
      vertex -11.25 0 -1
      vertex -14.031279563903809 -14.294651985168457 -1
      vertex -13.920207023620605 -14.444416046142578 -1
    endloop
  endfacet
  facet normal 0 0 1
    outer loop
      vertex -9.354032516479492 6.250164985656738 -1
      vertex -15.129327774047852 13.636507034301758 -1
      vertex -9.921613693237305 5.303213119506836 -1
    endloop
  endfacet
  facet normal 0 0 1
    outer loop
      vertex -11.25 0 -1
      vertex -14.15649700164795 -14.15649700164795 -1
      vertex -14.031279563903809 -14.294651985168457 -1
    endloop
  endfacet
  facet normal 0 0 1
    outer loop
      vertex -15.313767433166504 13.609148979187012 -1
      vertex -9.921613693237305 5.303213119506836 -1
      vertex -15.129327774047852 13.636507034301758 -1
    endloop
  endfacet
  facet normal 0 0 1
    outer loop
      vertex -11.25 0 -1
      vertex -14.294651985168457 -14.031279563903809 -1
      vertex -14.15649700164795 -14.15649700164795 -1
    endloop
  endfacet
  facet normal 0 0 1
    outer loop
      vertex -15.5 13.59999942779541 -1
      vertex -9.921613693237305 5.303213119506836 -1
      vertex -15.313767433166504 13.609148979187012 -1
    endloop
  endfacet
  facet normal 0 0 1
    outer loop
      vertex -11.25 0 -1
      vertex -14.444416046142578 -13.920207023620605 -1
      vertex -14.294651985168457 -14.031279563903809 -1
    endloop
  endfacet
  facet normal 0 0 1
    outer loop
      vertex -9.921613693237305 5.303213119506836 -1
      vertex -15.5 13.59999942779541 -1
      vertex -10.393644332885742 4.305188179016113 -1
    endloop
  endfacet
  facet normal 0 0 1
    outer loop
      vertex -11.25 0 -1
      vertex -14.604345321655273 -13.824349403381348 -1
      vertex -14.444416046142578 -13.920207023620605 -1
    endloop
  endfacet
  facet normal 0 0 1
    outer loop
      vertex -15.68623161315918 13.609148979187012 -1
      vertex -10.393644332885742 4.305188179016113 -1
      vertex -15.5 13.59999942779541 -1
    endloop
  endfacet
  facet normal 0 0 1
    outer loop
      vertex -11.25 0 -1
      vertex -14.772900581359863 -13.744627952575684 -1
      vertex -14.604345321655273 -13.824349403381348 -1
    endloop
  endfacet
  facet normal 0 0 1
    outer loop
      vertex -15.870671272277832 13.636507034301758 -1
      vertex -10.393644332885742 4.305188179016113 -1
      vertex -15.68623161315918 13.609148979187012 -1
    endloop
  endfacet
  facet normal 0 0 1
    outer loop
      vertex -11.25 0 -1
      vertex -14.948458671569824 -13.68181324005127 -1
      vertex -14.772900581359863 -13.744627952575684 -1
    endloop
  endfacet
  facet normal 0 0 1
    outer loop
      vertex -10.393644332885742 4.305188179016113 -1
      vertex -15.870671272277832 13.636507034301758 -1
      vertex -10.765578269958496 3.265702247619629 -1
    endloop
  endfacet
  facet normal 0 0 1
    outer loop
      vertex -11.25 0 -1
      vertex -15.129327774047852 -13.636507034301758 -1
      vertex -14.948458671569824 -13.68181324005127 -1
    endloop
  endfacet
  facet normal 0 0 1
    outer loop
      vertex -16.05154037475586 13.68181324005127 -1
      vertex -10.765578269958496 3.265702247619629 -1
      vertex -15.870671272277832 13.636507034301758 -1
    endloop
  endfacet
  facet normal 0 0 1
    outer loop
      vertex -11.25 0 -1
      vertex -15.313767433166504 -13.609148979187012 -1
      vertex -15.129327774047852 -13.636507034301758 -1
    endloop
  endfacet
  facet normal 0 0 1
    outer loop
      vertex -16.22709846496582 13.744627952575684 -1
      vertex -10.765578269958496 3.265702247619629 -1
      vertex -16.05154037475586 13.68181324005127 -1
    endloop
  endfacet
  facet normal 0 0 1
    outer loop
      vertex -11.25 0 -1
      vertex -15.5 -13.59999942779541 -1
      vertex -15.313767433166504 -13.609148979187012 -1
    endloop
  endfacet
  facet normal 0 0 1
    outer loop
      vertex -10.765578269958496 3.265702247619629 -1
      vertex -16.22709846496582 13.744627952575684 -1
      vertex -11.033833503723145 2.194766044616699 -1
    endloop
  endfacet
  facet normal 0 0 1
    outer loop
      vertex -11.25 0 -1
      vertex -15.68623161315918 -13.609148979187012 -1
      vertex -15.5 -13.59999942779541 -1
    endloop
  endfacet
  facet normal 0 0 1
    outer loop
      vertex -16.395652770996094 13.824349403381348 -1
      vertex -11.033833503723145 2.194766044616699 -1
      vertex -16.22709846496582 13.744627952575684 -1
    endloop
  endfacet
  facet normal 0 0 1
    outer loop
      vertex -11.25 0 -1
      vertex -15.870671272277832 -13.636507034301758 -1
      vertex -15.68623161315918 -13.609148979187012 -1
    endloop
  endfacet
  facet normal 0 0 1
    outer loop
      vertex -16.555583953857422 13.920207023620605 -1
      vertex -11.033833503723145 2.194766044616699 -1
      vertex -16.395652770996094 13.824349403381348 -1
    endloop
  endfacet
  facet normal 0 0 1
    outer loop
      vertex -11.25 0 -1
      vertex -16.05154037475586 -13.68181324005127 -1
      vertex -15.870671272277832 -13.636507034301758 -1
    endloop
  endfacet
  facet normal 0 0 1
    outer loop
      vertex -11.033833503723145 2.194766044616699 -1
      vertex -16.555583953857422 13.920207023620605 -1
      vertex -11.19582748413086 1.1026926040649414 -1
    endloop
  endfacet
  facet normal 0 0 1
    outer loop
      vertex -11.25 0 -1
      vertex -16.22709846496582 -13.744627952575684 -1
      vertex -16.05154037475586 -13.68181324005127 -1
    endloop
  endfacet
  facet normal 0 0 1
    outer loop
      vertex -16.705347061157227 14.031279563903809 -1
      vertex -11.19582748413086 1.1026926040649414 -1
      vertex -16.555583953857422 13.920207023620605 -1
    endloop
  endfacet
  facet normal 0 0 1
    outer loop
      vertex -11.25 0 -1
      vertex -16.395652770996094 -13.824349403381348 -1
      vertex -16.22709846496582 -13.744627952575684 -1
    endloop
  endfacet
  facet normal 0 0 1
    outer loop
      vertex -11.19582748413086 1.1026926040649414 -1
      vertex -16.705347061157227 14.031279563903809 -1
      vertex -11.25 0 -1
    endloop
  endfacet
  facet normal 0 0 1
    outer loop
      vertex -11.25 0 -1
      vertex -16.555583953857422 -13.920207023620605 -1
      vertex -16.395652770996094 -13.824349403381348 -1
    endloop
  endfacet
  facet normal 0 0 1
    outer loop
      vertex -21.299999237060547 17.057357788085938 -1
      vertex -11.25 0 -1
      vertex -16.705347061157227 14.031279563903809 -1
    endloop
  endfacet
  facet normal 0 0 1
    outer loop
      vertex -11.25 0 -1
      vertex -16.705347061157227 -14.031279563903809 -1
      vertex -16.555583953857422 -13.920207023620605 -1
    endloop
  endfacet
  facet normal 0 0 1
    outer loop
      vertex -21.299999237060547 17.057357788085938 -1
      vertex -16.705347061157227 14.031279563903809 -1
      vertex -16.843502044677734 14.15649700164795 -1
    endloop
  endfacet
  facet normal 0 0 1
    outer loop
      vertex -21.299999237060547 -17.057357788085938 -1
      vertex -11.25 0 -1
      vertex -21.299999237060547 17.057357788085938 -1
    endloop
  endfacet
  facet normal 0 0 1
    outer loop
      vertex -21.299999237060547 17.057357788085938 -1
      vertex -16.843502044677734 14.15649700164795 -1
      vertex -16.968719482421875 14.294651985168457 -1
    endloop
  endfacet
  facet normal 0 0 1
    outer loop
      vertex -11.25 0 -1
      vertex -21.299999237060547 -17.057357788085938 -1
      vertex -16.705347061157227 -14.031279563903809 -1
    endloop
  endfacet
  facet normal 0 0 1
    outer loop
      vertex -21.299999237060547 17.057357788085938 -1
      vertex -16.968719482421875 14.294651985168457 -1
      vertex -17.079792022705078 14.444416046142578 -1
    endloop
  endfacet
  facet normal 0 0 1
    outer loop
      vertex -16.705347061157227 -14.031279563903809 -1
      vertex -21.299999237060547 -17.057357788085938 -1
      vertex -16.843502044677734 -14.15649700164795 -1
    endloop
  endfacet
  facet normal 0 0 1
    outer loop
      vertex -21.299999237060547 17.057357788085938 -1
      vertex -17.079792022705078 14.444416046142578 -1
      vertex -17.175649642944336 14.604345321655273 -1
    endloop
  endfacet
  facet normal 0 0 1
    outer loop
      vertex -16.843502044677734 -14.15649700164795 -1
      vertex -21.299999237060547 -17.057357788085938 -1
      vertex -16.968719482421875 -14.294651985168457 -1
    endloop
  endfacet
  facet normal 0 0 1
    outer loop
      vertex -21.299999237060547 17.057357788085938 -1
      vertex -17.175649642944336 14.604345321655273 -1
      vertex -17.25537109375 14.772900581359863 -1
    endloop
  endfacet
  facet normal 0 0 1
    outer loop
      vertex -16.968719482421875 -14.294651985168457 -1
      vertex -21.299999237060547 -17.057357788085938 -1
      vertex -17.079792022705078 -14.444416046142578 -1
    endloop
  endfacet
  facet normal 0 0 1
    outer loop
      vertex -21.299999237060547 17.057357788085938 -1
      vertex -17.25537109375 14.772900581359863 -1
      vertex -17.318185806274414 14.948458671569824 -1
    endloop
  endfacet
  facet normal 0 0 1
    outer loop
      vertex -17.079792022705078 -14.444416046142578 -1
      vertex -21.299999237060547 -17.057357788085938 -1
      vertex -17.175649642944336 -14.604345321655273 -1
    endloop
  endfacet
  facet normal 0 0 1
    outer loop
      vertex -21.299999237060547 17.057357788085938 -1
      vertex -17.318185806274414 14.948458671569824 -1
      vertex -17.36349105834961 15.129327774047852 -1
    endloop
  endfacet
  facet normal 0 0 1
    outer loop
      vertex -17.175649642944336 -14.604345321655273 -1
      vertex -21.299999237060547 -17.057357788085938 -1
      vertex -17.25537109375 -14.772900581359863 -1
    endloop
  endfacet
  facet normal 0 0 1
    outer loop
      vertex -21.299999237060547 17.057357788085938 -1
      vertex -17.36349105834961 15.129327774047852 -1
      vertex -17.390850067138672 15.313767433166504 -1
    endloop
  endfacet
  facet normal 0 0 1
    outer loop
      vertex -17.25537109375 -14.772900581359863 -1
      vertex -21.299999237060547 -17.057357788085938 -1
      vertex -17.318185806274414 -14.948458671569824 -1
    endloop
  endfacet
  facet normal 0 0 1
    outer loop
      vertex -21.299999237060547 17.057357788085938 -1
      vertex -17.390850067138672 15.313767433166504 -1
      vertex -17.399999618530273 15.5 -1
    endloop
  endfacet
  facet normal 0 0 1
    outer loop
      vertex -17.318185806274414 -14.948458671569824 -1
      vertex -21.299999237060547 -17.057357788085938 -1
      vertex -17.36349105834961 -15.129327774047852 -1
    endloop
  endfacet
  facet normal 0 0 1
    outer loop
      vertex 17.318185806274414 14.948458671569824 -1
      vertex 21.299999237060547 17.057357788085938 -1
      vertex 17.36349105834961 15.129327774047852 -1
    endloop
  endfacet
  facet normal 0 0 1
    outer loop
      vertex 21.299999237060547 -17.057357788085938 -1
      vertex 17.390850067138672 -15.313767433166504 -1
      vertex 17.399999618530273 -15.5 -1
    endloop
  endfacet
  facet normal 0 0 1
    outer loop
      vertex 17.25537109375 14.772900581359863 -1
      vertex 21.299999237060547 17.057357788085938 -1
      vertex 17.318185806274414 14.948458671569824 -1
    endloop
  endfacet
  facet normal 0 0 1
    outer loop
      vertex 21.299999237060547 -17.057357788085938 -1
      vertex 17.36349105834961 -15.129327774047852 -1
      vertex 17.390850067138672 -15.313767433166504 -1
    endloop
  endfacet
  facet normal 0 0 1
    outer loop
      vertex 17.175649642944336 14.604345321655273 -1
      vertex 21.299999237060547 17.057357788085938 -1
      vertex 17.25537109375 14.772900581359863 -1
    endloop
  endfacet
  facet normal 0 0 1
    outer loop
      vertex 21.299999237060547 -17.057357788085938 -1
      vertex 17.318185806274414 -14.948458671569824 -1
      vertex 17.36349105834961 -15.129327774047852 -1
    endloop
  endfacet
  facet normal 0 0 1
    outer loop
      vertex 17.079792022705078 14.444416046142578 -1
      vertex 21.299999237060547 17.057357788085938 -1
      vertex 17.175649642944336 14.604345321655273 -1
    endloop
  endfacet
  facet normal 0 0 1
    outer loop
      vertex 21.299999237060547 -17.057357788085938 -1
      vertex 17.25537109375 -14.772900581359863 -1
      vertex 17.318185806274414 -14.948458671569824 -1
    endloop
  endfacet
  facet normal 0 0 1
    outer loop
      vertex 16.968719482421875 14.294651985168457 -1
      vertex 21.299999237060547 17.057357788085938 -1
      vertex 17.079792022705078 14.444416046142578 -1
    endloop
  endfacet
  facet normal 0 0 1
    outer loop
      vertex 21.299999237060547 -17.057357788085938 -1
      vertex 17.175649642944336 -14.604345321655273 -1
      vertex 17.25537109375 -14.772900581359863 -1
    endloop
  endfacet
  facet normal 0 0 1
    outer loop
      vertex 16.843502044677734 14.15649700164795 -1
      vertex 21.299999237060547 17.057357788085938 -1
      vertex 16.968719482421875 14.294651985168457 -1
    endloop
  endfacet
  facet normal 0 0 1
    outer loop
      vertex 21.299999237060547 -17.057357788085938 -1
      vertex 17.079792022705078 -14.444416046142578 -1
      vertex 17.175649642944336 -14.604345321655273 -1
    endloop
  endfacet
  facet normal 0 0 1
    outer loop
      vertex 11.25 0 -1
      vertex 21.299999237060547 17.057357788085938 -1
      vertex 16.843502044677734 14.15649700164795 -1
    endloop
  endfacet
  facet normal 0 0 1
    outer loop
      vertex 21.299999237060547 -17.057357788085938 -1
      vertex 16.968719482421875 -14.294651985168457 -1
      vertex 17.079792022705078 -14.444416046142578 -1
    endloop
  endfacet
  facet normal 0 0 1
    outer loop
      vertex 21.299999237060547 17.057357788085938 -1
      vertex 11.25 0 -1
      vertex 21.299999237060547 -17.057357788085938 -1
    endloop
  endfacet
  facet normal 0 0 1
    outer loop
      vertex 21.299999237060547 -17.057357788085938 -1
      vertex 16.843502044677734 -14.15649700164795 -1
      vertex 16.968719482421875 -14.294651985168457 -1
    endloop
  endfacet
  facet normal 0 0 1
    outer loop
      vertex 11.25 0 -1
      vertex 16.843502044677734 14.15649700164795 -1
      vertex 16.705347061157227 14.031279563903809 -1
    endloop
  endfacet
  facet normal 0 0 1
    outer loop
      vertex 21.299999237060547 -17.057357788085938 -1
      vertex 11.25 0 -1
      vertex 16.843502044677734 -14.15649700164795 -1
    endloop
  endfacet
  facet normal 0 0 1
    outer loop
      vertex 11.19582748413086 1.1026926040649414 -1
      vertex 16.705347061157227 14.031279563903809 -1
      vertex 16.555583953857422 13.920207023620605 -1
    endloop
  endfacet
  facet normal 0 0 1
    outer loop
      vertex 16.843502044677734 -14.15649700164795 -1
      vertex 11.25 0 -1
      vertex 16.705347061157227 -14.031279563903809 -1
    endloop
  endfacet
  facet normal 0 0 1
    outer loop
      vertex 11.033833503723145 2.194766044616699 -1
      vertex 16.555583953857422 13.920207023620605 -1
      vertex 16.395652770996094 13.824349403381348 -1
    endloop
  endfacet
  facet normal 0 0 1
    outer loop
      vertex 11.19582748413086 -1.1026926040649414 -1
      vertex 16.705347061157227 -14.031279563903809 -1
      vertex 11.25 0 -1
    endloop
  endfacet
  facet normal 0 0 1
    outer loop
      vertex 11.033833503723145 2.194766044616699 -1
      vertex 16.395652770996094 13.824349403381348 -1
      vertex 16.22709846496582 13.744627952575684 -1
    endloop
  endfacet
  facet normal 0 0 1
    outer loop
      vertex 16.705347061157227 -14.031279563903809 -1
      vertex 11.19582748413086 -1.1026926040649414 -1
      vertex 16.555583953857422 -13.920207023620605 -1
    endloop
  endfacet
  facet normal 0 0 1
    outer loop
      vertex 10.765578269958496 3.265702247619629 -1
      vertex 16.22709846496582 13.744627952575684 -1
      vertex 16.05154037475586 13.68181324005127 -1
    endloop
  endfacet
  facet normal 0 0 1
    outer loop
      vertex 11.033833503723145 -2.194766044616699 -1
      vertex 16.555583953857422 -13.920207023620605 -1
      vertex 11.19582748413086 -1.1026926040649414 -1
    endloop
  endfacet
  facet normal 0 0 1
    outer loop
      vertex 10.765578269958496 3.265702247619629 -1
      vertex 16.05154037475586 13.68181324005127 -1
      vertex 15.870671272277832 13.636507034301758 -1
    endloop
  endfacet
  facet normal 0 0 1
    outer loop
      vertex 16.555583953857422 -13.920207023620605 -1
      vertex 11.033833503723145 -2.194766044616699 -1
      vertex 16.395652770996094 -13.824349403381348 -1
    endloop
  endfacet
  facet normal 0 0 1
    outer loop
      vertex 10.393644332885742 4.305188179016113 -1
      vertex 15.870671272277832 13.636507034301758 -1
      vertex 15.68623161315918 13.609148979187012 -1
    endloop
  endfacet
  facet normal 0 0 1
    outer loop
      vertex 16.395652770996094 -13.824349403381348 -1
      vertex 11.033833503723145 -2.194766044616699 -1
      vertex 16.22709846496582 -13.744627952575684 -1
    endloop
  endfacet
  facet normal 0 0 1
    outer loop
      vertex 10.393644332885742 4.305188179016113 -1
      vertex 15.68623161315918 13.609148979187012 -1
      vertex 15.5 13.59999942779541 -1
    endloop
  endfacet
  facet normal 0 0 1
    outer loop
      vertex 10.765578269958496 -3.265702247619629 -1
      vertex 16.22709846496582 -13.744627952575684 -1
      vertex 11.033833503723145 -2.194766044616699 -1
    endloop
  endfacet
  facet normal 0 0 1
    outer loop
      vertex 9.921613693237305 5.303213119506836 -1
      vertex 15.5 13.59999942779541 -1
      vertex 15.313767433166504 13.609148979187012 -1
    endloop
  endfacet
  facet normal 0 0 1
    outer loop
      vertex 16.22709846496582 -13.744627952575684 -1
      vertex 10.765578269958496 -3.265702247619629 -1
      vertex 16.05154037475586 -13.68181324005127 -1
    endloop
  endfacet
  facet normal 0 0 1
    outer loop
      vertex 9.921613693237305 5.303213119506836 -1
      vertex 15.313767433166504 13.609148979187012 -1
      vertex 15.129327774047852 13.636507034301758 -1
    endloop
  endfacet
  facet normal 0 0 1
    outer loop
      vertex 16.05154037475586 -13.68181324005127 -1
      vertex 10.765578269958496 -3.265702247619629 -1
      vertex 15.870671272277832 -13.636507034301758 -1
    endloop
  endfacet
  facet normal 0 0 1
    outer loop
      vertex 9.354032516479492 6.250164985656738 -1
      vertex 15.129327774047852 13.636507034301758 -1
      vertex 14.948458671569824 13.68181324005127 -1
    endloop
  endfacet
  facet normal 0 0 1
    outer loop
      vertex 10.393644332885742 -4.305188179016113 -1
      vertex 15.870671272277832 -13.636507034301758 -1
      vertex 10.765578269958496 -3.265702247619629 -1
    endloop
  endfacet
  facet normal 0 0 1
    outer loop
      vertex 9.354032516479492 6.250164985656738 -1
      vertex 14.948458671569824 13.68181324005127 -1
      vertex 14.772900581359863 13.744627952575684 -1
    endloop
  endfacet
  facet normal 0 0 1
    outer loop
      vertex 15.870671272277832 -13.636507034301758 -1
      vertex 10.393644332885742 -4.305188179016113 -1
      vertex 15.68623161315918 -13.609148979187012 -1
    endloop
  endfacet
  facet normal 0 0 1
    outer loop
      vertex 8.696367263793945 7.136923789978027 -1
      vertex 14.772900581359863 13.744627952575684 -1
      vertex 14.604345321655273 13.824349403381348 -1
    endloop
  endfacet
  facet normal 0 0 1
    outer loop
      vertex 15.68623161315918 -13.609148979187012 -1
      vertex 10.393644332885742 -4.305188179016113 -1
      vertex 15.5 -13.59999942779541 -1
    endloop
  endfacet
  facet normal 0 0 1
    outer loop
      vertex 8.696367263793945 7.136923789978027 -1
      vertex 14.604345321655273 13.824349403381348 -1
      vertex 14.444416046142578 13.920207023620605 -1
    endloop
  endfacet
  facet normal 0 0 1
    outer loop
      vertex 9.921613693237305 -5.303213119506836 -1
      vertex 15.5 -13.59999942779541 -1
      vertex 10.393644332885742 -4.305188179016113 -1
    endloop
  endfacet
  facet normal 0 0 1
    outer loop
      vertex 8.696367263793945 7.136923789978027 -1
      vertex 14.444416046142578 13.920207023620605 -1
      vertex 14.294651985168457 14.031279563903809 -1
    endloop
  endfacet
  facet normal 0 0 1
    outer loop
      vertex 15.5 -13.59999942779541 -1
      vertex 9.921613693237305 -5.303213119506836 -1
      vertex 15.313767433166504 -13.609148979187012 -1
    endloop
  endfacet
  facet normal 0 0 1
    outer loop
      vertex 7.954951286315918 7.954951286315918 -1
      vertex 14.294651985168457 14.031279563903809 -1
      vertex 14.15649700164795 14.15649700164795 -1
    endloop
  endfacet
  facet normal 0 0 1
    outer loop
      vertex 15.313767433166504 -13.609148979187012 -1
      vertex 9.921613693237305 -5.303213119506836 -1
      vertex 15.129327774047852 -13.636507034301758 -1
    endloop
  endfacet
  facet normal 0 0 1
    outer loop
      vertex 7.954951286315918 7.954951286315918 -1
      vertex 14.15649700164795 14.15649700164795 -1
      vertex 14.031279563903809 14.294651985168457 -1
    endloop
  endfacet
  facet normal 0 0 1
    outer loop
      vertex 9.354032516479492 -6.250164985656738 -1
      vertex 15.129327774047852 -13.636507034301758 -1
      vertex 9.921613693237305 -5.303213119506836 -1
    endloop
  endfacet
  facet normal 0 0 1
    outer loop
      vertex 7.136923789978027 8.696367263793945 -1
      vertex 14.031279563903809 14.294651985168457 -1
      vertex 13.920207023620605 14.444416046142578 -1
    endloop
  endfacet
  facet normal 0 0 1
    outer loop
      vertex 15.129327774047852 -13.636507034301758 -1
      vertex 9.354032516479492 -6.250164985656738 -1
      vertex 14.948458671569824 -13.68181324005127 -1
    endloop
  endfacet
  facet normal 0 0 1
    outer loop
      vertex 7.136923789978027 8.696367263793945 -1
      vertex 13.920207023620605 14.444416046142578 -1
      vertex 13.824349403381348 14.604345321655273 -1
    endloop
  endfacet
  facet normal 0 0 1
    outer loop
      vertex 14.948458671569824 -13.68181324005127 -1
      vertex 9.354032516479492 -6.250164985656738 -1
      vertex 14.772900581359863 -13.744627952575684 -1
    endloop
  endfacet
  facet normal 0 0 1
    outer loop
      vertex 7.136923789978027 8.696367263793945 -1
      vertex 13.824349403381348 14.604345321655273 -1
      vertex 13.744627952575684 14.772900581359863 -1
    endloop
  endfacet
  facet normal 0 0 1
    outer loop
      vertex 8.696367263793945 -7.136923789978027 -1
      vertex 14.772900581359863 -13.744627952575684 -1
      vertex 9.354032516479492 -6.250164985656738 -1
    endloop
  endfacet
  facet normal 0 0 1
    outer loop
      vertex 6.250164985656738 9.354032516479492 -1
      vertex 13.744627952575684 14.772900581359863 -1
      vertex 13.68181324005127 14.948458671569824 -1
    endloop
  endfacet
  facet normal 0 0 1
    outer loop
      vertex 14.772900581359863 -13.744627952575684 -1
      vertex 8.696367263793945 -7.136923789978027 -1
      vertex 14.604345321655273 -13.824349403381348 -1
    endloop
  endfacet
  facet normal 0 0 1
    outer loop
      vertex 6.250164985656738 9.354032516479492 -1
      vertex 13.68181324005127 14.948458671569824 -1
      vertex 13.636507034301758 15.129327774047852 -1
    endloop
  endfacet
  facet normal 0 0 1
    outer loop
      vertex 14.604345321655273 -13.824349403381348 -1
      vertex 8.696367263793945 -7.136923789978027 -1
      vertex 14.444416046142578 -13.920207023620605 -1
    endloop
  endfacet
  facet normal 0 0 1
    outer loop
      vertex 5.303213119506836 9.921613693237305 -1
      vertex 13.636507034301758 15.129327774047852 -1
      vertex 13.609148979187012 15.313767433166504 -1
    endloop
  endfacet
  facet normal 0 0 1
    outer loop
      vertex 14.444416046142578 -13.920207023620605 -1
      vertex 8.696367263793945 -7.136923789978027 -1
      vertex 14.294651985168457 -14.031279563903809 -1
    endloop
  endfacet
  facet normal 0 0 1
    outer loop
      vertex 5.303213119506836 9.921613693237305 -1
      vertex 13.609148979187012 15.313767433166504 -1
      vertex 13.59999942779541 15.5 -1
    endloop
  endfacet
  facet normal 0 0 1
    outer loop
      vertex 7.954951286315918 -7.954951286315918 -1
      vertex 14.294651985168457 -14.031279563903809 -1
      vertex 8.696367263793945 -7.136923789978027 -1
    endloop
  endfacet
  facet normal 0 0 1
    outer loop
      vertex 17.390850067138672 15.313767433166504 -1
      vertex 21.299999237060547 17.057357788085938 -1
      vertex 17.399999618530273 15.5 -1
    endloop
  endfacet
  facet normal 0 0 1
    outer loop
      vertex 21.299999237060547 17.057357788085938 -1
      vertex 17.390850067138672 15.68623161315918 -1
      vertex 17.399999618530273 15.5 -1
    endloop
  endfacet
  facet normal 0 0 1
    outer loop
      vertex 21.299999237060547 17.057357788085938 -1
      vertex 17.36349105834961 15.870671272277832 -1
      vertex 17.390850067138672 15.68623161315918 -1
    endloop
  endfacet
  facet normal 0 0 1
    outer loop
      vertex 21.299999237060547 17.057357788085938 -1
      vertex 17.318185806274414 16.05154037475586 -1
      vertex 17.36349105834961 15.870671272277832 -1
    endloop
  endfacet
  facet normal 0 0 1
    outer loop
      vertex 21.299999237060547 17.057357788085938 -1
      vertex 17.25537109375 16.22709846496582 -1
      vertex 17.318185806274414 16.05154037475586 -1
    endloop
  endfacet
  facet normal 0 0 1
    outer loop
      vertex 21.299999237060547 17.057357788085938 -1
      vertex 17.175649642944336 16.395652770996094 -1
      vertex 17.25537109375 16.22709846496582 -1
    endloop
  endfacet
  facet normal 0 0 1
    outer loop
      vertex 21.299999237060547 17.057357788085938 -1
      vertex 17.079792022705078 16.555583953857422 -1
      vertex 17.175649642944336 16.395652770996094 -1
    endloop
  endfacet
  facet normal 0 0 1
    outer loop
      vertex 16.843502044677734 16.843502044677734 -1
      vertex 21.299999237060547 17.057357788085938 -1
      vertex 17.057357788085938 21.299999237060547 -1
    endloop
  endfacet
  facet normal 0 0 1
    outer loop
      vertex 21.299999237060547 17.057357788085938 -1
      vertex 16.968719482421875 16.705347061157227 -1
      vertex 17.079792022705078 16.555583953857422 -1
    endloop
  endfacet
  facet normal 0 0 1
    outer loop
      vertex 21.299999237060547 17.057357788085938 -1
      vertex 16.843502044677734 16.843502044677734 -1
      vertex 16.968719482421875 16.705347061157227 -1
    endloop
  endfacet
  facet normal 0 0 1
    outer loop
      vertex 17.057357788085938 21.299999237060547 -1
      vertex 16.705347061157227 16.968719482421875 -1
      vertex 16.843502044677734 16.843502044677734 -1
    endloop
  endfacet
  facet normal 0 0 1
    outer loop
      vertex 17.057357788085938 21.299999237060547 -1
      vertex 16.555583953857422 17.079792022705078 -1
      vertex 16.705347061157227 16.968719482421875 -1
    endloop
  endfacet
  facet normal 0 0 1
    outer loop
      vertex 17.057357788085938 21.299999237060547 -1
      vertex 16.395652770996094 17.175649642944336 -1
      vertex 16.555583953857422 17.079792022705078 -1
    endloop
  endfacet
  facet normal 0 0 1
    outer loop
      vertex 17.057357788085938 21.299999237060547 -1
      vertex 16.22709846496582 17.25537109375 -1
      vertex 16.395652770996094 17.175649642944336 -1
    endloop
  endfacet
  facet normal 0 0 1
    outer loop
      vertex 17.057357788085938 21.299999237060547 -1
      vertex 16.05154037475586 17.318185806274414 -1
      vertex 16.22709846496582 17.25537109375 -1
    endloop
  endfacet
  facet normal 0 0 1
    outer loop
      vertex 17.057357788085938 21.299999237060547 -1
      vertex 15.870671272277832 17.36349105834961 -1
      vertex 16.05154037475586 17.318185806274414 -1
    endloop
  endfacet
  facet normal 0 0 1
    outer loop
      vertex 17.057357788085938 21.299999237060547 -1
      vertex 15.68623161315918 17.390850067138672 -1
      vertex 15.870671272277832 17.36349105834961 -1
    endloop
  endfacet
  facet normal 0 0 1
    outer loop
      vertex 17.057357788085938 21.299999237060547 -1
      vertex 15.5 17.399999618530273 -1
      vertex 15.68623161315918 17.390850067138672 -1
    endloop
  endfacet
  facet normal 0 0 1
    outer loop
      vertex 17.057357788085938 21.299999237060547 -1
      vertex 15.313767433166504 17.390850067138672 -1
      vertex 15.5 17.399999618530273 -1
    endloop
  endfacet
  facet normal 0 0 1
    outer loop
      vertex 17.057357788085938 21.299999237060547 -1
      vertex 15.129327774047852 17.36349105834961 -1
      vertex 15.313767433166504 17.390850067138672 -1
    endloop
  endfacet
  facet normal 0 0 1
    outer loop
      vertex 17.057357788085938 21.299999237060547 -1
      vertex 14.948458671569824 17.318185806274414 -1
      vertex 15.129327774047852 17.36349105834961 -1
    endloop
  endfacet
  facet normal 0 0 1
    outer loop
      vertex 17.057357788085938 21.299999237060547 -1
      vertex 14.772900581359863 17.25537109375 -1
      vertex 14.948458671569824 17.318185806274414 -1
    endloop
  endfacet
  facet normal 0 0 1
    outer loop
      vertex 17.057357788085938 21.299999237060547 -1
      vertex 14.604345321655273 17.175649642944336 -1
      vertex 14.772900581359863 17.25537109375 -1
    endloop
  endfacet
  facet normal 0 0 1
    outer loop
      vertex 17.057357788085938 21.299999237060547 -1
      vertex 14.444416046142578 17.079792022705078 -1
      vertex 14.604345321655273 17.175649642944336 -1
    endloop
  endfacet
  facet normal 0 0 1
    outer loop
      vertex 17.057357788085938 21.299999237060547 -1
      vertex 14.294651985168457 16.968719482421875 -1
      vertex 14.444416046142578 17.079792022705078 -1
    endloop
  endfacet
  facet normal 0 0 1
    outer loop
      vertex 17.057357788085938 21.299999237060547 -1
      vertex 14.15649700164795 16.843502044677734 -1
      vertex 14.294651985168457 16.968719482421875 -1
    endloop
  endfacet
  facet normal 0 0 1
    outer loop
      vertex 17.057357788085938 21.299999237060547 -1
      vertex 14.031279563903809 16.705347061157227 -1
      vertex 14.15649700164795 16.843502044677734 -1
    endloop
  endfacet
  facet normal 0 0 1
    outer loop
      vertex 1.1026926040649414 11.19582748413086 -1
      vertex 14.031279563903809 16.705347061157227 -1
      vertex 17.057357788085938 21.299999237060547 -1
    endloop
  endfacet
  facet normal 0 0 1
    outer loop
      vertex 14.294651985168457 -14.031279563903809 -1
      vertex 7.954951286315918 -7.954951286315918 -1
      vertex 14.15649700164795 -14.15649700164795 -1
    endloop
  endfacet
  facet normal 0 0 1
    outer loop
      vertex 4.305188179016113 10.393644332885742 -1
      vertex 13.59999942779541 15.5 -1
      vertex 13.609148979187012 15.68623161315918 -1
    endloop
  endfacet
  facet normal 0 0 1
    outer loop
      vertex 4.305188179016113 10.393644332885742 -1
      vertex 13.609148979187012 15.68623161315918 -1
      vertex 13.636507034301758 15.870671272277832 -1
    endloop
  endfacet
  facet normal 0 0 1
    outer loop
      vertex 16.705347061157227 14.031279563903809 -1
      vertex 11.19582748413086 1.1026926040649414 -1
      vertex 11.25 0 -1
    endloop
  endfacet
  facet normal 0 0 1
    outer loop
      vertex 16.555583953857422 13.920207023620605 -1
      vertex 11.033833503723145 2.194766044616699 -1
      vertex 11.19582748413086 1.1026926040649414 -1
    endloop
  endfacet
  facet normal 0 0 1
    outer loop
      vertex 16.22709846496582 13.744627952575684 -1
      vertex 10.765578269958496 3.265702247619629 -1
      vertex 11.033833503723145 2.194766044616699 -1
    endloop
  endfacet
  facet normal 0 0 1
    outer loop
      vertex 15.870671272277832 13.636507034301758 -1
      vertex 10.393644332885742 4.305188179016113 -1
      vertex 10.765578269958496 3.265702247619629 -1
    endloop
  endfacet
  facet normal 0 0 1
    outer loop
      vertex 3.265702247619629 10.765578269958496 -1
      vertex 13.636507034301758 15.870671272277832 -1
      vertex 13.68181324005127 16.05154037475586 -1
    endloop
  endfacet
  facet normal 0 0 1
    outer loop
      vertex 15.5 13.59999942779541 -1
      vertex 9.921613693237305 5.303213119506836 -1
      vertex 10.393644332885742 4.305188179016113 -1
    endloop
  endfacet
  facet normal 0 0 1
    outer loop
      vertex 15.129327774047852 13.636507034301758 -1
      vertex 9.354032516479492 6.250164985656738 -1
      vertex 9.921613693237305 5.303213119506836 -1
    endloop
  endfacet
  facet normal 0 0 1
    outer loop
      vertex 3.265702247619629 10.765578269958496 -1
      vertex 13.68181324005127 16.05154037475586 -1
      vertex 13.744627952575684 16.22709846496582 -1
    endloop
  endfacet
  facet normal 0 0 1
    outer loop
      vertex 14.772900581359863 13.744627952575684 -1
      vertex 8.696367263793945 7.136923789978027 -1
      vertex 9.354032516479492 6.250164985656738 -1
    endloop
  endfacet
  facet normal 0 0 1
    outer loop
      vertex 2.194766044616699 11.033833503723145 -1
      vertex 13.744627952575684 16.22709846496582 -1
      vertex 13.824349403381348 16.395652770996094 -1
    endloop
  endfacet
  facet normal 0 0 1
    outer loop
      vertex 14.294651985168457 14.031279563903809 -1
      vertex 7.954951286315918 7.954951286315918 -1
      vertex 8.696367263793945 7.136923789978027 -1
    endloop
  endfacet
  facet normal 0 0 1
    outer loop
      vertex 2.194766044616699 11.033833503723145 -1
      vertex 13.824349403381348 16.395652770996094 -1
      vertex 13.920207023620605 16.555583953857422 -1
    endloop
  endfacet
  facet normal 0 0 1
    outer loop
      vertex 14.031279563903809 16.705347061157227 -1
      vertex 1.1026926040649414 11.19582748413086 -1
      vertex 13.920207023620605 16.555583953857422 -1
    endloop
  endfacet
  facet normal 0 0 1
    outer loop
      vertex 14.031279563903809 14.294651985168457 -1
      vertex 7.136923789978027 8.696367263793945 -1
      vertex 7.954951286315918 7.954951286315918 -1
    endloop
  endfacet
  facet normal 0 0 1
    outer loop
      vertex 13.744627952575684 14.772900581359863 -1
      vertex 6.250164985656738 9.354032516479492 -1
      vertex 7.136923789978027 8.696367263793945 -1
    endloop
  endfacet
  facet normal 0 0 1
    outer loop
      vertex 13.636507034301758 15.129327774047852 -1
      vertex 5.303213119506836 9.921613693237305 -1
      vertex 6.250164985656738 9.354032516479492 -1
    endloop
  endfacet
  facet normal 0 0 1
    outer loop
      vertex 13.59999942779541 15.5 -1
      vertex 4.305188179016113 10.393644332885742 -1
      vertex 5.303213119506836 9.921613693237305 -1
    endloop
  endfacet
  facet normal 0 0 1
    outer loop
      vertex 13.636507034301758 15.870671272277832 -1
      vertex 3.265702247619629 10.765578269958496 -1
      vertex 4.305188179016113 10.393644332885742 -1
    endloop
  endfacet
  facet normal 0 0 1
    outer loop
      vertex 13.744627952575684 16.22709846496582 -1
      vertex 2.194766044616699 11.033833503723145 -1
      vertex 3.265702247619629 10.765578269958496 -1
    endloop
  endfacet
  facet normal 0 0 1
    outer loop
      vertex 13.920207023620605 16.555583953857422 -1
      vertex 1.1026926040649414 11.19582748413086 -1
      vertex 2.194766044616699 11.033833503723145 -1
    endloop
  endfacet
  facet normal 0 0 1
    outer loop
      vertex 17.057357788085938 21.299999237060547 -1
      vertex 0 11.25 -1
      vertex 1.1026926040649414 11.19582748413086 -1
    endloop
  endfacet
  facet normal 0 0 1
    outer loop
      vertex -17.057357788085938 21.299999237060547 -1
      vertex 0 11.25 -1
      vertex 17.057357788085938 21.299999237060547 -1
    endloop
  endfacet
  facet normal 0 0 1
    outer loop
      vertex 0 11.25 -1
      vertex -17.057357788085938 21.299999237060547 -1
      vertex -1.1026926040649414 11.19582748413086 -1
    endloop
  endfacet
  facet normal 0 0 1
    outer loop
      vertex -14.031279563903809 16.705347061157227 -1
      vertex -1.1026926040649414 11.19582748413086 -1
      vertex -17.057357788085938 21.299999237060547 -1
    endloop
  endfacet
  facet normal 0 0 1
    outer loop
      vertex -1.1026926040649414 11.19582748413086 -1
      vertex -13.920207023620605 16.555583953857422 -1
      vertex -2.194766044616699 11.033833503723145 -1
    endloop
  endfacet
  facet normal 0 0 1
    outer loop
      vertex -13.824349403381348 16.395652770996094 -1
      vertex -2.194766044616699 11.033833503723145 -1
      vertex -13.920207023620605 16.555583953857422 -1
    endloop
  endfacet
  facet normal 0 0 1
    outer loop
      vertex -14.15649700164795 14.15649700164795 -1
      vertex -7.954951286315918 7.954951286315918 -1
      vertex -14.031279563903809 14.294651985168457 -1
    endloop
  endfacet
  facet normal 0 0 1
    outer loop
      vertex -7.136923789978027 8.696367263793945 -1
      vertex -14.031279563903809 14.294651985168457 -1
      vertex -7.954951286315918 7.954951286315918 -1
    endloop
  endfacet
  facet normal 0 0 1
    outer loop
      vertex -14.031279563903809 14.294651985168457 -1
      vertex -7.136923789978027 8.696367263793945 -1
      vertex -13.920207023620605 14.444416046142578 -1
    endloop
  endfacet
  facet normal 0 0 1
    outer loop
      vertex -13.920207023620605 14.444416046142578 -1
      vertex -7.136923789978027 8.696367263793945 -1
      vertex -13.824349403381348 14.604345321655273 -1
    endloop
  endfacet
  facet normal 0 0 1
    outer loop
      vertex -13.824349403381348 14.604345321655273 -1
      vertex -7.136923789978027 8.696367263793945 -1
      vertex -13.744627952575684 14.772900581359863 -1
    endloop
  endfacet
  facet normal 0 0 1
    outer loop
      vertex -6.250164985656738 9.354032516479492 -1
      vertex -13.744627952575684 14.772900581359863 -1
      vertex -7.136923789978027 8.696367263793945 -1
    endloop
  endfacet
  facet normal 0 0 1
    outer loop
      vertex -13.744627952575684 14.772900581359863 -1
      vertex -6.250164985656738 9.354032516479492 -1
      vertex -13.68181324005127 14.948458671569824 -1
    endloop
  endfacet
  facet normal 0 0 1
    outer loop
      vertex -13.68181324005127 14.948458671569824 -1
      vertex -6.250164985656738 9.354032516479492 -1
      vertex -13.636507034301758 15.129327774047852 -1
    endloop
  endfacet
  facet normal 0 0 1
    outer loop
      vertex -5.303213119506836 9.921613693237305 -1
      vertex -13.636507034301758 15.129327774047852 -1
      vertex -6.250164985656738 9.354032516479492 -1
    endloop
  endfacet
  facet normal 0 0 1
    outer loop
      vertex -13.636507034301758 15.129327774047852 -1
      vertex -5.303213119506836 9.921613693237305 -1
      vertex -13.609148979187012 15.313767433166504 -1
    endloop
  endfacet
  facet normal 0 0 1
    outer loop
      vertex -13.609148979187012 15.313767433166504 -1
      vertex -5.303213119506836 9.921613693237305 -1
      vertex -13.59999942779541 15.5 -1
    endloop
  endfacet
  facet normal 0 0 1
    outer loop
      vertex -2.194766044616699 11.033833503723145 -1
      vertex -13.744627952575684 16.22709846496582 -1
      vertex -3.265702247619629 10.765578269958496 -1
    endloop
  endfacet
  facet normal 0 0 1
    outer loop
      vertex -4.305188179016113 10.393644332885742 -1
      vertex -13.59999942779541 15.5 -1
      vertex -5.303213119506836 9.921613693237305 -1
    endloop
  endfacet
  facet normal 0 0 1
    outer loop
      vertex -13.59999942779541 15.5 -1
      vertex -4.305188179016113 10.393644332885742 -1
      vertex -13.609148979187012 15.68623161315918 -1
    endloop
  endfacet
  facet normal 0 0 1
    outer loop
      vertex -13.609148979187012 15.68623161315918 -1
      vertex -4.305188179016113 10.393644332885742 -1
      vertex -13.636507034301758 15.870671272277832 -1
    endloop
  endfacet
  facet normal 0 0 1
    outer loop
      vertex -3.265702247619629 10.765578269958496 -1
      vertex -13.636507034301758 15.870671272277832 -1
      vertex -4.305188179016113 10.393644332885742 -1
    endloop
  endfacet
  facet normal 0 0 1
    outer loop
      vertex -13.636507034301758 15.870671272277832 -1
      vertex -3.265702247619629 10.765578269958496 -1
      vertex -13.68181324005127 16.05154037475586 -1
    endloop
  endfacet
  facet normal 0 0 1
    outer loop
      vertex -13.68181324005127 16.05154037475586 -1
      vertex -3.265702247619629 10.765578269958496 -1
      vertex -13.744627952575684 16.22709846496582 -1
    endloop
  endfacet
  facet normal 0 0 1
    outer loop
      vertex -13.744627952575684 16.22709846496582 -1
      vertex -2.194766044616699 11.033833503723145 -1
      vertex -13.824349403381348 16.395652770996094 -1
    endloop
  endfacet
  facet normal 0 0 1
    outer loop
      vertex -13.920207023620605 16.555583953857422 -1
      vertex -1.1026926040649414 11.19582748413086 -1
      vertex -14.031279563903809 16.705347061157227 -1
    endloop
  endfacet
  facet normal 0 0 1
    outer loop
      vertex -14.031279563903809 16.705347061157227 -1
      vertex -17.057357788085938 21.299999237060547 -1
      vertex -14.15649700164795 16.843502044677734 -1
    endloop
  endfacet
  facet normal 0 0 1
    outer loop
      vertex -14.15649700164795 16.843502044677734 -1
      vertex -17.057357788085938 21.299999237060547 -1
      vertex -14.294651985168457 16.968719482421875 -1
    endloop
  endfacet
  facet normal 0 0 1
    outer loop
      vertex -14.294651985168457 16.968719482421875 -1
      vertex -17.057357788085938 21.299999237060547 -1
      vertex -14.444416046142578 17.079792022705078 -1
    endloop
  endfacet
  facet normal 0 0 1
    outer loop
      vertex -14.444416046142578 17.079792022705078 -1
      vertex -17.057357788085938 21.299999237060547 -1
      vertex -14.604345321655273 17.175649642944336 -1
    endloop
  endfacet
  facet normal 0 0 1
    outer loop
      vertex -14.604345321655273 17.175649642944336 -1
      vertex -17.057357788085938 21.299999237060547 -1
      vertex -14.772900581359863 17.25537109375 -1
    endloop
  endfacet
  facet normal 0 0 1
    outer loop
      vertex -14.772900581359863 17.25537109375 -1
      vertex -17.057357788085938 21.299999237060547 -1
      vertex -14.948458671569824 17.318185806274414 -1
    endloop
  endfacet
  facet normal 0 0 1
    outer loop
      vertex -14.948458671569824 17.318185806274414 -1
      vertex -17.057357788085938 21.299999237060547 -1
      vertex -15.129327774047852 17.36349105834961 -1
    endloop
  endfacet
  facet normal 0 0 1
    outer loop
      vertex -15.129327774047852 17.36349105834961 -1
      vertex -17.057357788085938 21.299999237060547 -1
      vertex -15.313767433166504 17.390850067138672 -1
    endloop
  endfacet
  facet normal 0 0 1
    outer loop
      vertex -15.313767433166504 17.390850067138672 -1
      vertex -17.057357788085938 21.299999237060547 -1
      vertex -15.5 17.399999618530273 -1
    endloop
  endfacet
  facet normal 0 0 1
    outer loop
      vertex -15.5 17.399999618530273 -1
      vertex -17.057357788085938 21.299999237060547 -1
      vertex -15.68623161315918 17.390850067138672 -1
    endloop
  endfacet
  facet normal 0 0 1
    outer loop
      vertex -17.057357788085938 21.299999237060547 -1
      vertex -15.870671272277832 17.36349105834961 -1
      vertex -15.68623161315918 17.390850067138672 -1
    endloop
  endfacet
  facet normal 0 0 1
    outer loop
      vertex -17.057357788085938 21.299999237060547 -1
      vertex -16.05154037475586 17.318185806274414 -1
      vertex -15.870671272277832 17.36349105834961 -1
    endloop
  endfacet
  facet normal 0 0 1
    outer loop
      vertex -17.057357788085938 21.299999237060547 -1
      vertex -16.22709846496582 17.25537109375 -1
      vertex -16.05154037475586 17.318185806274414 -1
    endloop
  endfacet
  facet normal 0 0 1
    outer loop
      vertex -17.057357788085938 21.299999237060547 -1
      vertex -16.395652770996094 17.175649642944336 -1
      vertex -16.22709846496582 17.25537109375 -1
    endloop
  endfacet
  facet normal 0 0 1
    outer loop
      vertex -17.057357788085938 21.299999237060547 -1
      vertex -16.555583953857422 17.079792022705078 -1
      vertex -16.395652770996094 17.175649642944336 -1
    endloop
  endfacet
  facet normal 0 0 1
    outer loop
      vertex -17.057357788085938 21.299999237060547 -1
      vertex -16.705347061157227 16.968719482421875 -1
      vertex -16.555583953857422 17.079792022705078 -1
    endloop
  endfacet
  facet normal 0 0 1
    outer loop
      vertex -17.057357788085938 21.299999237060547 -1
      vertex -16.843502044677734 16.843502044677734 -1
      vertex -16.705347061157227 16.968719482421875 -1
    endloop
  endfacet
  facet normal 0 0 1
    outer loop
      vertex -21.299999237060547 17.057357788085938 -1
      vertex -16.843502044677734 16.843502044677734 -1
      vertex -17.057357788085938 21.299999237060547 -1
    endloop
  endfacet
  facet normal 0 0 1
    outer loop
      vertex -16.843502044677734 16.843502044677734 -1
      vertex -21.299999237060547 17.057357788085938 -1
      vertex -16.968719482421875 16.705347061157227 -1
    endloop
  endfacet
  facet normal 0 0 1
    outer loop
      vertex -16.968719482421875 16.705347061157227 -1
      vertex -21.299999237060547 17.057357788085938 -1
      vertex -17.079792022705078 16.555583953857422 -1
    endloop
  endfacet
  facet normal 0 0 1
    outer loop
      vertex -17.079792022705078 16.555583953857422 -1
      vertex -21.299999237060547 17.057357788085938 -1
      vertex -17.175649642944336 16.395652770996094 -1
    endloop
  endfacet
  facet normal 0 0 1
    outer loop
      vertex -17.175649642944336 16.395652770996094 -1
      vertex -21.299999237060547 17.057357788085938 -1
      vertex -17.25537109375 16.22709846496582 -1
    endloop
  endfacet
  facet normal 0 0 1
    outer loop
      vertex -17.25537109375 16.22709846496582 -1
      vertex -21.299999237060547 17.057357788085938 -1
      vertex -17.318185806274414 16.05154037475586 -1
    endloop
  endfacet
  facet normal 0 0 1
    outer loop
      vertex -17.318185806274414 16.05154037475586 -1
      vertex -21.299999237060547 17.057357788085938 -1
      vertex -17.36349105834961 15.870671272277832 -1
    endloop
  endfacet
  facet normal 0 0 1
    outer loop
      vertex -17.36349105834961 -15.129327774047852 -1
      vertex -21.299999237060547 -17.057357788085938 -1
      vertex -17.390850067138672 -15.313767433166504 -1
    endloop
  endfacet
  facet normal 0 0 1
    outer loop
      vertex -17.390850067138672 15.68623161315918 -1
      vertex -21.299999237060547 17.057357788085938 -1
      vertex -17.399999618530273 15.5 -1
    endloop
  endfacet
  facet normal 0 0 1
    outer loop
      vertex -17.36349105834961 15.870671272277832 -1
      vertex -21.299999237060547 17.057357788085938 -1
      vertex -17.390850067138672 15.68623161315918 -1
    endloop
  endfacet
  facet normal 0 0 1
    outer loop
      vertex 17.36349105834961 15.129327774047852 -1
      vertex 21.299999237060547 17.057357788085938 -1
      vertex 17.390850067138672 15.313767433166504 -1
    endloop
  endfacet
  facet normal 0 0 1
    outer loop
      vertex 17.390850067138672 -15.68623161315918 -1
      vertex 21.299999237060547 -17.057357788085938 -1
      vertex 17.399999618530273 -15.5 -1
    endloop
  endfacet
  facet normal 0 0 1
    outer loop
      vertex 17.36349105834961 -15.870671272277832 -1
      vertex 21.299999237060547 -17.057357788085938 -1
      vertex 17.390850067138672 -15.68623161315918 -1
    endloop
  endfacet
  facet normal 0 0 1
    outer loop
      vertex 17.318185806274414 -16.05154037475586 -1
      vertex 21.299999237060547 -17.057357788085938 -1
      vertex 17.36349105834961 -15.870671272277832 -1
    endloop
  endfacet
  facet normal 0 0 1
    outer loop
      vertex 17.25537109375 -16.22709846496582 -1
      vertex 21.299999237060547 -17.057357788085938 -1
      vertex 17.318185806274414 -16.05154037475586 -1
    endloop
  endfacet
  facet normal 0 0 1
    outer loop
      vertex 17.175649642944336 -16.395652770996094 -1
      vertex 21.299999237060547 -17.057357788085938 -1
      vertex 17.25537109375 -16.22709846496582 -1
    endloop
  endfacet
  facet normal 0 0 1
    outer loop
      vertex 17.079792022705078 -16.555583953857422 -1
      vertex 21.299999237060547 -17.057357788085938 -1
      vertex 17.175649642944336 -16.395652770996094 -1
    endloop
  endfacet
  facet normal 0 0 1
    outer loop
      vertex 16.968719482421875 -16.705347061157227 -1
      vertex 21.299999237060547 -17.057357788085938 -1
      vertex 17.079792022705078 -16.555583953857422 -1
    endloop
  endfacet
  facet normal 0 0 1
    outer loop
      vertex 16.843502044677734 -16.843502044677734 -1
      vertex 21.299999237060547 -17.057357788085938 -1
      vertex 16.968719482421875 -16.705347061157227 -1
    endloop
  endfacet
  facet normal 0 0 1
    outer loop
      vertex 21.299999237060547 -17.057357788085938 -1
      vertex 16.843502044677734 -16.843502044677734 -1
      vertex 17.057357788085938 -21.299999237060547 -1
    endloop
  endfacet
  facet normal 0 0 1
    outer loop
      vertex 16.705347061157227 -16.968719482421875 -1
      vertex 17.057357788085938 -21.299999237060547 -1
      vertex 16.843502044677734 -16.843502044677734 -1
    endloop
  endfacet
  facet normal 0 0 1
    outer loop
      vertex 16.555583953857422 -17.079792022705078 -1
      vertex 17.057357788085938 -21.299999237060547 -1
      vertex 16.705347061157227 -16.968719482421875 -1
    endloop
  endfacet
  facet normal 0 0 1
    outer loop
      vertex 16.395652770996094 -17.175649642944336 -1
      vertex 17.057357788085938 -21.299999237060547 -1
      vertex 16.555583953857422 -17.079792022705078 -1
    endloop
  endfacet
  facet normal 0 0 1
    outer loop
      vertex 16.22709846496582 -17.25537109375 -1
      vertex 17.057357788085938 -21.299999237060547 -1
      vertex 16.395652770996094 -17.175649642944336 -1
    endloop
  endfacet
  facet normal 0 0 1
    outer loop
      vertex 16.05154037475586 -17.318185806274414 -1
      vertex 17.057357788085938 -21.299999237060547 -1
      vertex 16.22709846496582 -17.25537109375 -1
    endloop
  endfacet
  facet normal 0 0 1
    outer loop
      vertex 15.870671272277832 -17.36349105834961 -1
      vertex 17.057357788085938 -21.299999237060547 -1
      vertex 16.05154037475586 -17.318185806274414 -1
    endloop
  endfacet
  facet normal 0 0 1
    outer loop
      vertex 15.68623161315918 -17.390850067138672 -1
      vertex 17.057357788085938 -21.299999237060547 -1
      vertex 15.870671272277832 -17.36349105834961 -1
    endloop
  endfacet
  facet normal 0 0 1
    outer loop
      vertex 15.5 -17.399999618530273 -1
      vertex 17.057357788085938 -21.299999237060547 -1
      vertex 15.68623161315918 -17.390850067138672 -1
    endloop
  endfacet
  facet normal 0 0 1
    outer loop
      vertex 15.313767433166504 -17.390850067138672 -1
      vertex 17.057357788085938 -21.299999237060547 -1
      vertex 15.5 -17.399999618530273 -1
    endloop
  endfacet
  facet normal 0 0 1
    outer loop
      vertex 15.129327774047852 -17.36349105834961 -1
      vertex 17.057357788085938 -21.299999237060547 -1
      vertex 15.313767433166504 -17.390850067138672 -1
    endloop
  endfacet
  facet normal 0 0 1
    outer loop
      vertex 14.948458671569824 -17.318185806274414 -1
      vertex 17.057357788085938 -21.299999237060547 -1
      vertex 15.129327774047852 -17.36349105834961 -1
    endloop
  endfacet
  facet normal 0 0 1
    outer loop
      vertex 14.772900581359863 -17.25537109375 -1
      vertex 17.057357788085938 -21.299999237060547 -1
      vertex 14.948458671569824 -17.318185806274414 -1
    endloop
  endfacet
  facet normal 0 0 1
    outer loop
      vertex 14.604345321655273 -17.175649642944336 -1
      vertex 17.057357788085938 -21.299999237060547 -1
      vertex 14.772900581359863 -17.25537109375 -1
    endloop
  endfacet
  facet normal 0 0 1
    outer loop
      vertex 14.444416046142578 -17.079792022705078 -1
      vertex 17.057357788085938 -21.299999237060547 -1
      vertex 14.604345321655273 -17.175649642944336 -1
    endloop
  endfacet
  facet normal 0 0 1
    outer loop
      vertex 14.294651985168457 -16.968719482421875 -1
      vertex 17.057357788085938 -21.299999237060547 -1
      vertex 14.444416046142578 -17.079792022705078 -1
    endloop
  endfacet
  facet normal 0 0 1
    outer loop
      vertex 14.15649700164795 -16.843502044677734 -1
      vertex 17.057357788085938 -21.299999237060547 -1
      vertex 14.294651985168457 -16.968719482421875 -1
    endloop
  endfacet
  facet normal 0 0 1
    outer loop
      vertex 14.031279563903809 -16.705347061157227 -1
      vertex 17.057357788085938 -21.299999237060547 -1
      vertex 14.15649700164795 -16.843502044677734 -1
    endloop
  endfacet
  facet normal 0 0 1
    outer loop
      vertex 1.1026926040649414 -11.19582748413086 -1
      vertex 14.031279563903809 -16.705347061157227 -1
      vertex 13.920207023620605 -16.555583953857422 -1
    endloop
  endfacet
  facet normal 0 0 1
    outer loop
      vertex 14.15649700164795 -14.15649700164795 -1
      vertex 7.954951286315918 -7.954951286315918 -1
      vertex 14.031279563903809 -14.294651985168457 -1
    endloop
  endfacet
  facet normal 0 0 1
    outer loop
      vertex 7.136923789978027 -8.696367263793945 -1
      vertex 14.031279563903809 -14.294651985168457 -1
      vertex 7.954951286315918 -7.954951286315918 -1
    endloop
  endfacet
  facet normal 0 0 1
    outer loop
      vertex 14.031279563903809 -14.294651985168457 -1
      vertex 7.136923789978027 -8.696367263793945 -1
      vertex 13.920207023620605 -14.444416046142578 -1
    endloop
  endfacet
  facet normal 0 0 1
    outer loop
      vertex 13.920207023620605 -14.444416046142578 -1
      vertex 7.136923789978027 -8.696367263793945 -1
      vertex 13.824349403381348 -14.604345321655273 -1
    endloop
  endfacet
  facet normal 0 0 1
    outer loop
      vertex 13.824349403381348 -14.604345321655273 -1
      vertex 7.136923789978027 -8.696367263793945 -1
      vertex 13.744627952575684 -14.772900581359863 -1
    endloop
  endfacet
  facet normal 0 0 1
    outer loop
      vertex 6.250164985656738 -9.354032516479492 -1
      vertex 13.744627952575684 -14.772900581359863 -1
      vertex 7.136923789978027 -8.696367263793945 -1
    endloop
  endfacet
  facet normal 0 0 1
    outer loop
      vertex 13.744627952575684 -14.772900581359863 -1
      vertex 6.250164985656738 -9.354032516479492 -1
      vertex 13.68181324005127 -14.948458671569824 -1
    endloop
  endfacet
  facet normal 0 0 1
    outer loop
      vertex 13.68181324005127 -14.948458671569824 -1
      vertex 6.250164985656738 -9.354032516479492 -1
      vertex 13.636507034301758 -15.129327774047852 -1
    endloop
  endfacet
  facet normal 0 0 1
    outer loop
      vertex 5.303213119506836 -9.921613693237305 -1
      vertex 13.636507034301758 -15.129327774047852 -1
      vertex 6.250164985656738 -9.354032516479492 -1
    endloop
  endfacet
  facet normal 0 0 1
    outer loop
      vertex 13.636507034301758 -15.129327774047852 -1
      vertex 5.303213119506836 -9.921613693237305 -1
      vertex 13.609148979187012 -15.313767433166504 -1
    endloop
  endfacet
  facet normal 0 0 1
    outer loop
      vertex 13.609148979187012 -15.313767433166504 -1
      vertex 5.303213119506836 -9.921613693237305 -1
      vertex 13.59999942779541 -15.5 -1
    endloop
  endfacet
  facet normal 0 0 1
    outer loop
      vertex 4.305188179016113 -10.393644332885742 -1
      vertex 13.59999942779541 -15.5 -1
      vertex 5.303213119506836 -9.921613693237305 -1
    endloop
  endfacet
  facet normal 0 0 1
    outer loop
      vertex 13.59999942779541 -15.5 -1
      vertex 4.305188179016113 -10.393644332885742 -1
      vertex 13.609148979187012 -15.68623161315918 -1
    endloop
  endfacet
  facet normal 0 0 1
    outer loop
      vertex 13.609148979187012 -15.68623161315918 -1
      vertex 4.305188179016113 -10.393644332885742 -1
      vertex 13.636507034301758 -15.870671272277832 -1
    endloop
  endfacet
  facet normal 0 0 1
    outer loop
      vertex 3.265702247619629 -10.765578269958496 -1
      vertex 13.636507034301758 -15.870671272277832 -1
      vertex 4.305188179016113 -10.393644332885742 -1
    endloop
  endfacet
  facet normal 0 0 1
    outer loop
      vertex 13.636507034301758 -15.870671272277832 -1
      vertex 3.265702247619629 -10.765578269958496 -1
      vertex 13.68181324005127 -16.05154037475586 -1
    endloop
  endfacet
  facet normal 0 0 1
    outer loop
      vertex 13.68181324005127 -16.05154037475586 -1
      vertex 3.265702247619629 -10.765578269958496 -1
      vertex 13.744627952575684 -16.22709846496582 -1
    endloop
  endfacet
  facet normal 0 0 1
    outer loop
      vertex 2.194766044616699 -11.033833503723145 -1
      vertex 13.744627952575684 -16.22709846496582 -1
      vertex 3.265702247619629 -10.765578269958496 -1
    endloop
  endfacet
  facet normal 0 0 1
    outer loop
      vertex 13.744627952575684 -16.22709846496582 -1
      vertex 2.194766044616699 -11.033833503723145 -1
      vertex 13.824349403381348 -16.395652770996094 -1
    endloop
  endfacet
  facet normal 0 0 1
    outer loop
      vertex 13.824349403381348 -16.395652770996094 -1
      vertex 2.194766044616699 -11.033833503723145 -1
      vertex 13.920207023620605 -16.555583953857422 -1
    endloop
  endfacet
  facet normal 0 0 1
    outer loop
      vertex 1.1026926040649414 -11.19582748413086 -1
      vertex 13.920207023620605 -16.555583953857422 -1
      vertex 2.194766044616699 -11.033833503723145 -1
    endloop
  endfacet
  facet normal 0 0 1
    outer loop
      vertex 14.031279563903809 -16.705347061157227 -1
      vertex 1.1026926040649414 -11.19582748413086 -1
      vertex 17.057357788085938 -21.299999237060547 -1
    endloop
  endfacet
  facet normal 0 0 1
    outer loop
      vertex 0 -11.25 -1
      vertex 17.057357788085938 -21.299999237060547 -1
      vertex 1.1026926040649414 -11.19582748413086 -1
    endloop
  endfacet
  facet normal 0 0 1
    outer loop
      vertex -17.057357788085938 -21.299999237060547 -1
      vertex 0 -11.25 -1
      vertex -1.1026926040649414 -11.19582748413086 -1
    endloop
  endfacet
  facet normal 0 0 1
    outer loop
      vertex -13.920207023620605 -16.555583953857422 -1
      vertex -1.1026926040649414 -11.19582748413086 -1
      vertex -2.194766044616699 -11.033833503723145 -1
    endloop
  endfacet
  facet normal 0 0 1
    outer loop
      vertex -13.744627952575684 -16.22709846496582 -1
      vertex -2.194766044616699 -11.033833503723145 -1
      vertex -3.265702247619629 -10.765578269958496 -1
    endloop
  endfacet
  facet normal 0 0 1
    outer loop
      vertex -13.636507034301758 -15.870671272277832 -1
      vertex -3.265702247619629 -10.765578269958496 -1
      vertex -4.305188179016113 -10.393644332885742 -1
    endloop
  endfacet
  facet normal 0 0 1
    outer loop
      vertex -13.59999942779541 -15.5 -1
      vertex -4.305188179016113 -10.393644332885742 -1
      vertex -5.303213119506836 -9.921613693237305 -1
    endloop
  endfacet
  facet normal 0 0 1
    outer loop
      vertex -14.294651985168457 14.031279563903809 -1
      vertex -7.954951286315918 7.954951286315918 -1
      vertex -14.15649700164795 14.15649700164795 -1
    endloop
  endfacet
  facet normal 0 0 1
    outer loop
      vertex -11.25 0 -1
      vertex -13.59999942779541 -15.5 -1
      vertex -11.19582748413086 -1.1026926040649414 -1
    endloop
  endfacet
  facet normal 0 0 1
    outer loop
      vertex -13.59999942779541 -15.5 -1
      vertex -11.033833503723145 -2.194766044616699 -1
      vertex -11.19582748413086 -1.1026926040649414 -1
    endloop
  endfacet
  facet normal 0 0 1
    outer loop
      vertex -13.59999942779541 -15.5 -1
      vertex -10.765578269958496 -3.265702247619629 -1
      vertex -11.033833503723145 -2.194766044616699 -1
    endloop
  endfacet
  facet normal 0 0 1
    outer loop
      vertex -13.59999942779541 -15.5 -1
      vertex -10.393644332885742 -4.305188179016113 -1
      vertex -10.765578269958496 -3.265702247619629 -1
    endloop
  endfacet
  facet normal 0 0 1
    outer loop
      vertex -13.59999942779541 -15.5 -1
      vertex -9.921613693237305 -5.303213119506836 -1
      vertex -10.393644332885742 -4.305188179016113 -1
    endloop
  endfacet
  facet normal 0 0 1
    outer loop
      vertex -13.59999942779541 -15.5 -1
      vertex -9.354032516479492 -6.250164985656738 -1
      vertex -9.921613693237305 -5.303213119506836 -1
    endloop
  endfacet
  facet normal 0 0 1
    outer loop
      vertex -13.59999942779541 -15.5 -1
      vertex -8.696367263793945 -7.136923789978027 -1
      vertex -9.354032516479492 -6.250164985656738 -1
    endloop
  endfacet
  facet normal 0 0 1
    outer loop
      vertex -13.59999942779541 -15.5 -1
      vertex -7.954951286315918 -7.954951286315918 -1
      vertex -8.696367263793945 -7.136923789978027 -1
    endloop
  endfacet
  facet normal 0 0 1
    outer loop
      vertex -13.59999942779541 -15.5 -1
      vertex -7.136923789978027 -8.696367263793945 -1
      vertex -7.954951286315918 -7.954951286315918 -1
    endloop
  endfacet
  facet normal 0 0 1
    outer loop
      vertex -13.59999942779541 -15.5 -1
      vertex -6.250164985656738 -9.354032516479492 -1
      vertex -7.136923789978027 -8.696367263793945 -1
    endloop
  endfacet
  facet normal 0 0 1
    outer loop
      vertex -13.59999942779541 -15.5 -1
      vertex -5.303213119506836 -9.921613693237305 -1
      vertex -6.250164985656738 -9.354032516479492 -1
    endloop
  endfacet
  facet normal 0 0 1
    outer loop
      vertex -4.305188179016113 -10.393644332885742 -1
      vertex -13.59999942779541 -15.5 -1
      vertex -13.609148979187012 -15.68623161315918 -1
    endloop
  endfacet
  facet normal 0 0 1
    outer loop
      vertex -4.305188179016113 -10.393644332885742 -1
      vertex -13.609148979187012 -15.68623161315918 -1
      vertex -13.636507034301758 -15.870671272277832 -1
    endloop
  endfacet
  facet normal 0 0 1
    outer loop
      vertex -3.265702247619629 -10.765578269958496 -1
      vertex -13.636507034301758 -15.870671272277832 -1
      vertex -13.68181324005127 -16.05154037475586 -1
    endloop
  endfacet
  facet normal 0 0 1
    outer loop
      vertex -3.265702247619629 -10.765578269958496 -1
      vertex -13.68181324005127 -16.05154037475586 -1
      vertex -13.744627952575684 -16.22709846496582 -1
    endloop
  endfacet
  facet normal 0 0 1
    outer loop
      vertex -2.194766044616699 -11.033833503723145 -1
      vertex -13.744627952575684 -16.22709846496582 -1
      vertex -13.824349403381348 -16.395652770996094 -1
    endloop
  endfacet
  facet normal 0 0 1
    outer loop
      vertex -2.194766044616699 -11.033833503723145 -1
      vertex -13.824349403381348 -16.395652770996094 -1
      vertex -13.920207023620605 -16.555583953857422 -1
    endloop
  endfacet
  facet normal 0 0 1
    outer loop
      vertex -1.1026926040649414 -11.19582748413086 -1
      vertex -13.920207023620605 -16.555583953857422 -1
      vertex -14.031279563903809 -16.705347061157227 -1
    endloop
  endfacet
  facet normal 0 0 1
    outer loop
      vertex -1.1026926040649414 -11.19582748413086 -1
      vertex -14.031279563903809 -16.705347061157227 -1
      vertex -17.057357788085938 -21.299999237060547 -1
    endloop
  endfacet
  facet normal 0 0 1
    outer loop
      vertex -17.057357788085938 -21.299999237060547 -1
      vertex -14.031279563903809 -16.705347061157227 -1
      vertex -14.15649700164795 -16.843502044677734 -1
    endloop
  endfacet
  facet normal 0 0 1
    outer loop
      vertex -17.057357788085938 -21.299999237060547 -1
      vertex -14.15649700164795 -16.843502044677734 -1
      vertex -14.294651985168457 -16.968719482421875 -1
    endloop
  endfacet
  facet normal 0 0 1
    outer loop
      vertex -17.057357788085938 -21.299999237060547 -1
      vertex -14.294651985168457 -16.968719482421875 -1
      vertex -14.444416046142578 -17.079792022705078 -1
    endloop
  endfacet
  facet normal 0 0 1
    outer loop
      vertex -17.057357788085938 -21.299999237060547 -1
      vertex -14.444416046142578 -17.079792022705078 -1
      vertex -14.604345321655273 -17.175649642944336 -1
    endloop
  endfacet
  facet normal 0 0 1
    outer loop
      vertex -17.057357788085938 -21.299999237060547 -1
      vertex -14.604345321655273 -17.175649642944336 -1
      vertex -14.772900581359863 -17.25537109375 -1
    endloop
  endfacet
  facet normal 0 0 1
    outer loop
      vertex -17.057357788085938 -21.299999237060547 -1
      vertex -14.772900581359863 -17.25537109375 -1
      vertex -14.948458671569824 -17.318185806274414 -1
    endloop
  endfacet
  facet normal 0 0 1
    outer loop
      vertex -17.057357788085938 -21.299999237060547 -1
      vertex -14.948458671569824 -17.318185806274414 -1
      vertex -15.129327774047852 -17.36349105834961 -1
    endloop
  endfacet
  facet normal 0 0 1
    outer loop
      vertex -17.057357788085938 -21.299999237060547 -1
      vertex -15.129327774047852 -17.36349105834961 -1
      vertex -15.313767433166504 -17.390850067138672 -1
    endloop
  endfacet
  facet normal 0 0 1
    outer loop
      vertex -17.057357788085938 -21.299999237060547 -1
      vertex -15.313767433166504 -17.390850067138672 -1
      vertex -15.5 -17.399999618530273 -1
    endloop
  endfacet
  facet normal 0 0 1
    outer loop
      vertex -17.057357788085938 -21.299999237060547 -1
      vertex -15.5 -17.399999618530273 -1
      vertex -15.68623161315918 -17.390850067138672 -1
    endloop
  endfacet
  facet normal 0 0 1
    outer loop
      vertex 0 -11.25 -1
      vertex -17.057357788085938 -21.299999237060547 -1
      vertex 17.057357788085938 -21.299999237060547 -1
    endloop
  endfacet
  facet normal 0 0 1
    outer loop
      vertex -15.870671272277832 -17.36349105834961 -1
      vertex -17.057357788085938 -21.299999237060547 -1
      vertex -15.68623161315918 -17.390850067138672 -1
    endloop
  endfacet
  facet normal 0 0 1
    outer loop
      vertex -16.05154037475586 -17.318185806274414 -1
      vertex -17.057357788085938 -21.299999237060547 -1
      vertex -15.870671272277832 -17.36349105834961 -1
    endloop
  endfacet
  facet normal 0 0 1
    outer loop
      vertex -16.22709846496582 -17.25537109375 -1
      vertex -17.057357788085938 -21.299999237060547 -1
      vertex -16.05154037475586 -17.318185806274414 -1
    endloop
  endfacet
  facet normal 0 0 1
    outer loop
      vertex -16.395652770996094 -17.175649642944336 -1
      vertex -17.057357788085938 -21.299999237060547 -1
      vertex -16.22709846496582 -17.25537109375 -1
    endloop
  endfacet
  facet normal 0 0 1
    outer loop
      vertex -16.555583953857422 -17.079792022705078 -1
      vertex -17.057357788085938 -21.299999237060547 -1
      vertex -16.395652770996094 -17.175649642944336 -1
    endloop
  endfacet
  facet normal 0 0 1
    outer loop
      vertex -16.705347061157227 -16.968719482421875 -1
      vertex -17.057357788085938 -21.299999237060547 -1
      vertex -16.555583953857422 -17.079792022705078 -1
    endloop
  endfacet
  facet normal 0 0 1
    outer loop
      vertex -16.843502044677734 -16.843502044677734 -1
      vertex -17.057357788085938 -21.299999237060547 -1
      vertex -16.705347061157227 -16.968719482421875 -1
    endloop
  endfacet
  facet normal 0 0 1
    outer loop
      vertex -21.299999237060547 -17.057357788085938 -1
      vertex -16.843502044677734 -16.843502044677734 -1
      vertex -16.968719482421875 -16.705347061157227 -1
    endloop
  endfacet
  facet normal 0 0 1
    outer loop
      vertex -21.299999237060547 -17.057357788085938 -1
      vertex -16.968719482421875 -16.705347061157227 -1
      vertex -17.079792022705078 -16.555583953857422 -1
    endloop
  endfacet
  facet normal 0 0 1
    outer loop
      vertex -21.299999237060547 -17.057357788085938 -1
      vertex -17.079792022705078 -16.555583953857422 -1
      vertex -17.175649642944336 -16.395652770996094 -1
    endloop
  endfacet
  facet normal 0 0 1
    outer loop
      vertex -21.299999237060547 -17.057357788085938 -1
      vertex -17.175649642944336 -16.395652770996094 -1
      vertex -17.25537109375 -16.22709846496582 -1
    endloop
  endfacet
  facet normal 0 0 1
    outer loop
      vertex -21.299999237060547 -17.057357788085938 -1
      vertex -17.25537109375 -16.22709846496582 -1
      vertex -17.318185806274414 -16.05154037475586 -1
    endloop
  endfacet
  facet normal 0 0 1
    outer loop
      vertex -21.299999237060547 -17.057357788085938 -1
      vertex -17.318185806274414 -16.05154037475586 -1
      vertex -17.36349105834961 -15.870671272277832 -1
    endloop
  endfacet
  facet normal 0 0 1
    outer loop
      vertex -21.299999237060547 -17.057357788085938 -1
      vertex -17.36349105834961 -15.870671272277832 -1
      vertex -17.390850067138672 -15.68623161315918 -1
    endloop
  endfacet
  facet normal 0 0 1
    outer loop
      vertex -17.390850067138672 -15.313767433166504 -1
      vertex -21.299999237060547 -17.057357788085938 -1
      vertex -17.399999618530273 -15.5 -1
    endloop
  endfacet
  facet normal 0 0 1
    outer loop
      vertex -17.399999618530273 -15.5 -1
      vertex -21.299999237060547 -17.057357788085938 -1
      vertex -17.390850067138672 -15.68623161315918 -1
    endloop
  endfacet
  facet normal 0 0 1
    outer loop
      vertex -16.843502044677734 -16.843502044677734 -1
      vertex -21.299999237060547 -17.057357788085938 -1
      vertex -17.057357788085938 -21.299999237060547 -1
    endloop
  endfacet
  facet normal 0 -1 0
    outer loop
      vertex -17.057357788085938 -21.299999237060547 -3
      vertex 17.057357788085938 -21.299999237060547 -1
      vertex -17.057357788085938 -21.299999237060547 -1
    endloop
  endfacet
  facet normal 0 -1 0
    outer loop
      vertex 17.057357788085938 -21.299999237060547 -1
      vertex -17.057357788085938 -21.299999237060547 -3
      vertex 17.057357788085938 -21.299999237060547 -3
    endloop
  endfacet
  facet normal 0.7071067811865475 -0.7071067811865475 0
    outer loop
      vertex 17.057357788085938 -21.299999237060547 -1
      vertex 21.299999237060547 -17.057357788085938 -3
      vertex 21.299999237060547 -17.057357788085938 -1
    endloop
  endfacet
  facet normal 0.7071067811865475 -0.7071067811865475 0
    outer loop
      vertex 21.299999237060547 -17.057357788085938 -3
      vertex 17.057357788085938 -21.299999237060547 -1
      vertex 17.057357788085938 -21.299999237060547 -3
    endloop
  endfacet
endsolid OpenSCAD_Model
