solid OpenSCAD_Model
  facet normal -0.9987953552635227 -0.049069728998775666 0
    outer loop
      vertex -22.299999237060547 -24 -48
      vertex -22.308185577392578 -23.833370208740234 -46
      vertex -22.308185577392578 -23.833370208740234 -48
    endloop
  endfacet
  facet normal -0.9987953552635227 -0.049069728998775666 0
    outer loop
      vertex -22.308185577392578 -23.833370208740234 -46
      vertex -22.299999237060547 -24 -48
      vertex -22.299999237060547 -24 -46
    endloop
  endfacet
  facet normal 0.9891765591523959 0.1467301428590135 0
    outer loop
      vertex -25.667335510253906 -24.331653594970703 -46
      vertex -25.691814422607422 -24.166629791259766 -48
      vertex -25.691814422607422 -24.166629791259766 -46
    endloop
  endfacet
  facet normal 0.9891765591523959 0.1467301428590135 0
    outer loop
      vertex -25.691814422607422 -24.166629791259766 -48
      vertex -25.667335510253906 -24.331653594970703 -46
      vertex -25.667335510253906 -24.331653594970703 -48
    endloop
  endfacet
  facet normal -0.6715623839469994 0.7409480173854458 0
    outer loop
      vertex -22.79791831970215 -25.20207977294922 -48
      vertex -22.921531677246094 -25.314117431640625 -46
      vertex -22.79791831970215 -25.20207977294922 -46
    endloop
  endfacet
  facet normal -0.6715623839469994 0.7409480173854458 0
    outer loop
      vertex -22.921531677246094 -25.314117431640625 -46
      vertex -22.79791831970215 -25.20207977294922 -48
      vertex -22.921531677246094 -25.314117431640625 -48
    endloop
  endfacet
  facet normal -0.9415430946383291 -0.33689256587060307 0
    outer loop
      vertex -22.373201370239258 -23.506515502929688 -48
      vertex -22.429405212402344 -23.349437713623047 -46
      vertex -22.429405212402344 -23.349437713623047 -48
    endloop
  endfacet
  facet normal -0.9415430946383291 -0.33689256587060307 0
    outer loop
      vertex -22.429405212402344 -23.349437713623047 -46
      vertex -22.373201370239258 -23.506515502929688 -48
      vertex -22.373201370239258 -23.506515502929688 -46
    endloop
  endfacet
  facet normal 0.9700280642755074 0.2429929104272639 0
    outer loop
      vertex -25.62679672241211 -24.493484497070312 -46
      vertex -25.667335510253906 -24.331653594970703 -48
      vertex -25.667335510253906 -24.331653594970703 -46
    endloop
  endfacet
  facet normal 0.9700280642755074 0.2429929104272639 0
    outer loop
      vertex -25.667335510253906 -24.331653594970703 -48
      vertex -25.62679672241211 -24.493484497070312 -46
      vertex -25.62679672241211 -24.493484497070312 -48
    endloop
  endfacet
  facet normal -0.6715561072248796 -0.740953706279256 0
    outer loop
      vertex -22.921531677246094 -22.685882568359375 -48
      vertex -22.79791831970215 -22.79791831970215 -46
      vertex -22.921531677246094 -22.685882568359375 -46
    endloop
  endfacet
  facet normal -0.6715561072248796 -0.740953706279256 0
    outer loop
      vertex -22.79791831970215 -22.79791831970215 -46
      vertex -22.921531677246094 -22.685882568359375 -48
      vertex -22.79791831970215 -22.79791831970215 -48
    endloop
  endfacet
  facet normal -0.8577238493285277 0.5141106868107811 0
    outer loop
      vertex -22.586502075195312 -24.944469451904297 -48
      vertex -22.500732421875 -24.801374435424805 -46
      vertex -22.500732421875 -24.801374435424805 -48
    endloop
  endfacet
  facet normal -0.8577238493285277 0.5141106868107811 0
    outer loop
      vertex -22.500732421875 -24.801374435424805 -46
      vertex -22.586502075195312 -24.944469451904297 -48
      vertex -22.586502075195312 -24.944469451904297 -46
    endloop
  endfacet
  facet normal -0.9891765591523959 0.1467301428590135 0
    outer loop
      vertex -22.332664489746094 -24.331653594970703 -48
      vertex -22.308185577392578 -24.166629791259766 -46
      vertex -22.308185577392578 -24.166629791259766 -48
    endloop
  endfacet
  facet normal -0.9891765591523959 0.1467301428590135 0
    outer loop
      vertex -22.308185577392578 -24.166629791259766 -46
      vertex -22.332664489746094 -24.331653594970703 -48
      vertex -22.332664489746094 -24.331653594970703 -46
    endloop
  endfacet
  facet normal -0.9700307590499594 -0.2429821526305163 0
    outer loop
      vertex -22.332664489746094 -23.668346405029297 -48
      vertex -22.373201370239258 -23.506515502929688 -46
      vertex -22.373201370239258 -23.506515502929688 -48
    endloop
  endfacet
  facet normal -0.9700307590499594 -0.2429821526305163 0
    outer loop
      vertex -22.373201370239258 -23.506515502929688 -46
      vertex -22.332664489746094 -23.668346405029297 -48
      vertex -22.332664489746094 -23.668346405029297 -46
    endloop
  endfacet
  facet normal 0.5141022757289105 0.8577288907868005 0
    outer loop
      vertex -24.801374435424805 -25.499265670776367 -48
      vertex -24.944469451904297 -25.413497924804688 -46
      vertex -24.801374435424805 -25.499265670776367 -46
    endloop
  endfacet
  facet normal 0.5141022757289105 0.8577288907868005 0
    outer loop
      vertex -24.944469451904297 -25.413497924804688 -46
      vertex -24.801374435424805 -25.499265670776367 -48
      vertex -24.944469451904297 -25.413497924804688 -48
    endloop
  endfacet
  facet normal -0.1467301428590135 -0.9891765591523959 0
    outer loop
      vertex -23.833370208740234 -22.308185577392578 -48
      vertex -23.668346405029297 -22.332664489746094 -46
      vertex -23.833370208740234 -22.308185577392578 -46
    endloop
  endfacet
  facet normal -0.1467301428590135 -0.9891765591523959 0
    outer loop
      vertex -23.668346405029297 -22.332664489746094 -46
      vertex -23.833370208740234 -22.308185577392578 -48
      vertex -23.668346405029297 -22.332664489746094 -48
    endloop
  endfacet
  facet normal -0.9415430946383291 0.33689256587060307 0
    outer loop
      vertex -22.429405212402344 -24.650562286376953 -48
      vertex -22.373201370239258 -24.493484497070312 -46
      vertex -22.373201370239258 -24.493484497070312 -48
    endloop
  endfacet
  facet normal -0.9415430946383291 0.33689256587060307 0
    outer loop
      vertex -22.373201370239258 -24.493484497070312 -46
      vertex -22.429405212402344 -24.650562286376953 -48
      vertex -22.429405212402344 -24.650562286376953 -46
    endloop
  endfacet
  facet normal -0.5956999131635794 -0.8032070800589995 0
    outer loop
      vertex -23.055530548095703 -22.586502075195312 -48
      vertex -22.921531677246094 -22.685882568359375 -46
      vertex -23.055530548095703 -22.586502075195312 -46
    endloop
  endfacet
  facet normal -0.5956999131635794 -0.8032070800589995 0
    outer loop
      vertex -22.921531677246094 -22.685882568359375 -46
      vertex -23.055530548095703 -22.586502075195312 -48
      vertex -22.921531677246094 -22.685882568359375 -48
    endloop
  endfacet
  facet normal -0.9987953552635227 0.049069728998775666 0
    outer loop
      vertex -22.308185577392578 -24.166629791259766 -48
      vertex -22.299999237060547 -24 -46
      vertex -22.299999237060547 -24 -48
    endloop
  endfacet
  facet normal -0.9987953552635227 0.049069728998775666 0
    outer loop
      vertex -22.299999237060547 -24 -46
      vertex -22.308185577392578 -24.166629791259766 -48
      vertex -22.308185577392578 -24.166629791259766 -46
    endloop
  endfacet
  facet normal 0.903990728486731 -0.42755205859641177 0
    outer loop
      vertex -25.570594787597656 -23.349437713623047 -46
      vertex -25.499265670776367 -23.198623657226562 -48
      vertex -25.499265670776367 -23.198623657226562 -46
    endloop
  endfacet
  facet normal 0.903990728486731 -0.42755205859641177 0
    outer loop
      vertex -25.499265670776367 -23.198623657226562 -48
      vertex -25.570594787597656 -23.349437713623047 -46
      vertex -25.570594787597656 -23.349437713623047 -48
    endloop
  endfacet
  facet normal 0.4275471344564557 -0.9039930573948416 0
    outer loop
      vertex -24.801374435424805 -22.500732421875 -48
      vertex -24.650562286376953 -22.429405212402344 -46
      vertex -24.801374435424805 -22.500732421875 -46
    endloop
  endfacet
  facet normal 0.4275471344564557 -0.9039930573948416 0
    outer loop
      vertex -24.650562286376953 -22.429405212402344 -46
      vertex -24.801374435424805 -22.500732421875 -48
      vertex -24.650562286376953 -22.429405212402344 -48
    endloop
  endfacet
  facet normal -0.2429929104272639 0.9700280642755074 0
    outer loop
      vertex -23.506515502929688 -25.62679672241211 -48
      vertex -23.668346405029297 -25.667335510253906 -46
      vertex -23.506515502929688 -25.62679672241211 -46
    endloop
  endfacet
  facet normal -0.2429929104272639 0.9700280642755074 0
    outer loop
      vertex -23.668346405029297 -25.667335510253906 -46
      vertex -23.506515502929688 -25.62679672241211 -48
      vertex -23.668346405029297 -25.667335510253906 -48
    endloop
  endfacet
  facet normal -0.7409485501252698 0.6715617961641807 0
    outer loop
      vertex -22.79791831970215 -25.20207977294922 -48
      vertex -22.685882568359375 -25.078468322753906 -46
      vertex -22.685882568359375 -25.078468322753906 -48
    endloop
  endfacet
  facet normal -0.7409485501252698 0.6715617961641807 0
    outer loop
      vertex -22.685882568359375 -25.078468322753906 -46
      vertex -22.79791831970215 -25.20207977294922 -48
      vertex -22.79791831970215 -25.20207977294922 -46
    endloop
  endfacet
  facet normal -0.4275427156604017 -0.9039951472689048 0
    outer loop
      vertex -23.349437713623047 -22.429405212402344 -48
      vertex -23.198623657226562 -22.500732421875 -46
      vertex -23.349437713623047 -22.429405212402344 -46
    endloop
  endfacet
  facet normal -0.4275427156604017 -0.9039951472689048 0
    outer loop
      vertex -23.198623657226562 -22.500732421875 -46
      vertex -23.349437713623047 -22.429405212402344 -48
      vertex -23.198623657226562 -22.500732421875 -48
    endloop
  endfacet
  facet normal -0.740953706279256 -0.6715561072248796 0
    outer loop
      vertex -22.685882568359375 -22.921531677246094 -48
      vertex -22.79791831970215 -22.79791831970215 -46
      vertex -22.79791831970215 -22.79791831970215 -48
    endloop
  endfacet
  facet normal -0.740953706279256 -0.6715561072248796 0
    outer loop
      vertex -22.79791831970215 -22.79791831970215 -46
      vertex -22.685882568359375 -22.921531677246094 -48
      vertex -22.685882568359375 -22.921531677246094 -46
    endloop
  endfacet
  facet normal -0.5956999131635794 0.8032070800589995 0
    outer loop
      vertex -22.921531677246094 -25.314117431640625 -48
      vertex -23.055530548095703 -25.413497924804688 -46
      vertex -22.921531677246094 -25.314117431640625 -46
    endloop
  endfacet
  facet normal -0.5956999131635794 0.8032070800589995 0
    outer loop
      vertex -23.055530548095703 -25.413497924804688 -46
      vertex -22.921531677246094 -25.314117431640625 -48
      vertex -23.055530548095703 -25.413497924804688 -48
    endloop
  endfacet
  facet normal -0.9039951472689048 -0.4275427156604017 0
    outer loop
      vertex -22.429405212402344 -23.349437713623047 -48
      vertex -22.500732421875 -23.198623657226562 -46
      vertex -22.500732421875 -23.198623657226562 -48
    endloop
  endfacet
  facet normal -0.9039951472689048 -0.4275427156604017 0
    outer loop
      vertex -22.500732421875 -23.198623657226562 -46
      vertex -22.429405212402344 -23.349437713623047 -48
      vertex -22.429405212402344 -23.349437713623047 -46
    endloop
  endfacet
  facet normal 0.9987953552635227 -0.049069728998775666 0
    outer loop
      vertex -25.700000762939453 -24 -46
      vertex -25.691814422607422 -23.833370208740234 -48
      vertex -25.691814422607422 -23.833370208740234 -46
    endloop
  endfacet
  facet normal 0.9987953552635227 -0.049069728998775666 0
    outer loop
      vertex -25.691814422607422 -23.833370208740234 -48
      vertex -25.700000762939453 -24 -46
      vertex -25.700000762939453 -24 -48
    endloop
  endfacet
  facet normal 0.5141106868107811 -0.8577238493285277 0
    outer loop
      vertex -24.944469451904297 -22.586502075195312 -48
      vertex -24.801374435424805 -22.500732421875 -46
      vertex -24.944469451904297 -22.586502075195312 -46
    endloop
  endfacet
  facet normal 0.5141106868107811 -0.8577238493285277 0
    outer loop
      vertex -24.801374435424805 -22.500732421875 -46
      vertex -24.944469451904297 -22.586502075195312 -48
      vertex -24.801374435424805 -22.500732421875 -48
    endloop
  endfacet
  facet normal -0.049069728998775666 -0.9987953552635227 0
    outer loop
      vertex -24 -22.299999237060547 -48
      vertex -23.833370208740234 -22.308185577392578 -46
      vertex -24 -22.299999237060547 -46
    endloop
  endfacet
  facet normal -0.049069728998775666 -0.9987953552635227 0
    outer loop
      vertex -23.833370208740234 -22.308185577392578 -46
      vertex -24 -22.299999237060547 -48
      vertex -23.833370208740234 -22.308185577392578 -48
    endloop
  endfacet
  facet normal 0.8577258690192519 -0.5141073172161326 0
    outer loop
      vertex -25.499265670776367 -23.198623657226562 -46
      vertex -25.413497924804688 -23.055530548095703 -48
      vertex -25.413497924804688 -23.055530548095703 -46
    endloop
  endfacet
  facet normal 0.8577258690192519 -0.5141073172161326 0
    outer loop
      vertex -25.413497924804688 -23.055530548095703 -48
      vertex -25.499265670776367 -23.198623657226562 -46
      vertex -25.499265670776367 -23.198623657226562 -48
    endloop
  endfacet
  facet normal 0.9039886385315444 0.4275564774458279 0
    outer loop
      vertex -25.499265670776367 -24.801374435424805 -46
      vertex -25.570594787597656 -24.650562286376953 -48
      vertex -25.570594787597656 -24.650562286376953 -46
    endloop
  endfacet
  facet normal 0.9039886385315444 0.4275564774458279 0
    outer loop
      vertex -25.570594787597656 -24.650562286376953 -48
      vertex -25.499265670776367 -24.801374435424805 -46
      vertex -25.499265670776367 -24.801374435424805 -48
    endloop
  endfacet
  facet normal -0.8577208274798637 -0.5141157283212192 0
    outer loop
      vertex -22.500732421875 -23.198623657226562 -48
      vertex -22.586502075195312 -23.055530548095703 -46
      vertex -22.586502075195312 -23.055530548095703 -48
    endloop
  endfacet
  facet normal -0.8577208274798637 -0.5141157283212192 0
    outer loop
      vertex -22.586502075195312 -23.055530548095703 -46
      vertex -22.500732421875 -23.198623657226562 -48
      vertex -22.500732421875 -23.198623657226562 -46
    endloop
  endfacet
  facet normal -0.9700307590499594 0.2429821526305163 0
    outer loop
      vertex -22.373201370239258 -24.493484497070312 -48
      vertex -22.332664489746094 -24.331653594970703 -46
      vertex -22.332664489746094 -24.331653594970703 -48
    endloop
  endfacet
  facet normal -0.9700307590499594 0.2429821526305163 0
    outer loop
      vertex -22.332664489746094 -24.331653594970703 -46
      vertex -22.373201370239258 -24.493484497070312 -48
      vertex -22.373201370239258 -24.493484497070312 -46
    endloop
  endfacet
  facet normal -0.049069728998775666 0.9987953552635227 0
    outer loop
      vertex -23.833370208740234 -25.691814422607422 -48
      vertex -24 -25.700000762939453 -46
      vertex -23.833370208740234 -25.691814422607422 -46
    endloop
  endfacet
  facet normal -0.049069728998775666 0.9987953552635227 0
    outer loop
      vertex -24 -25.700000762939453 -46
      vertex -23.833370208740234 -25.691814422607422 -48
      vertex -24 -25.700000762939453 -48
    endloop
  endfacet
  facet normal 0.5956999131635794 -0.8032070800589995 0
    outer loop
      vertex -25.078468322753906 -22.685882568359375 -48
      vertex -24.944469451904297 -22.586502075195312 -46
      vertex -25.078468322753906 -22.685882568359375 -46
    endloop
  endfacet
  facet normal 0.5956999131635794 -0.8032070800589995 0
    outer loop
      vertex -24.944469451904297 -22.586502075195312 -46
      vertex -25.078468322753906 -22.685882568359375 -48
      vertex -24.944469451904297 -22.586502075195312 -48
    endloop
  endfacet
  facet normal -0.9039930573948416 0.4275471344564557 0
    outer loop
      vertex -22.500732421875 -24.801374435424805 -48
      vertex -22.429405212402344 -24.650562286376953 -46
      vertex -22.429405212402344 -24.650562286376953 -48
    endloop
  endfacet
  facet normal -0.9039930573948416 0.4275471344564557 0
    outer loop
      vertex -22.429405212402344 -24.650562286376953 -46
      vertex -22.500732421875 -24.801374435424805 -48
      vertex -22.500732421875 -24.801374435424805 -46
    endloop
  endfacet
  facet normal -0.42755205859641177 0.903990728486731 0
    outer loop
      vertex -23.198623657226562 -25.499265670776367 -48
      vertex -23.349437713623047 -25.570594787597656 -46
      vertex -23.198623657226562 -25.499265670776367 -46
    endloop
  endfacet
  facet normal -0.42755205859641177 0.903990728486731 0
    outer loop
      vertex -23.349437713623047 -25.570594787597656 -46
      vertex -23.198623657226562 -25.499265670776367 -48
      vertex -23.349437713623047 -25.570594787597656 -48
    endloop
  endfacet
  facet normal 0.8032070800589995 -0.5956999131635794 0
    outer loop
      vertex -25.413497924804688 -23.055530548095703 -46
      vertex -25.314117431640625 -22.921531677246094 -48
      vertex -25.314117431640625 -22.921531677246094 -46
    endloop
  endfacet
  facet normal 0.8032070800589995 -0.5956999131635794 0
    outer loop
      vertex -25.314117431640625 -22.921531677246094 -48
      vertex -25.413497924804688 -23.055530548095703 -46
      vertex -25.413497924804688 -23.055530548095703 -48
    endloop
  endfacet
  facet normal -0.5141157283212192 -0.8577208274798637 0
    outer loop
      vertex -23.198623657226562 -22.500732421875 -48
      vertex -23.055530548095703 -22.586502075195312 -46
      vertex -23.198623657226562 -22.500732421875 -46
    endloop
  endfacet
  facet normal -0.5141157283212192 -0.8577208274798637 0
    outer loop
      vertex -23.055530548095703 -22.586502075195312 -46
      vertex -23.198623657226562 -22.500732421875 -48
      vertex -23.055530548095703 -22.586502075195312 -48
    endloop
  endfacet
  facet normal 0.7409428611746643 0.6715680728521137 0
    outer loop
      vertex -25.20207977294922 -25.20207977294922 -46
      vertex -25.314117431640625 -25.078468322753906 -48
      vertex -25.314117431640625 -25.078468322753906 -46
    endloop
  endfacet
  facet normal 0.7409428611746643 0.6715680728521137 0
    outer loop
      vertex -25.314117431640625 -25.078468322753906 -48
      vertex -25.20207977294922 -25.20207977294922 -46
      vertex -25.20207977294922 -25.20207977294922 -48
    endloop
  endfacet
  facet normal -0.33689256587060307 -0.9415430946383291 0
    outer loop
      vertex -23.506515502929688 -22.373201370239258 -48
      vertex -23.349437713623047 -22.429405212402344 -46
      vertex -23.506515502929688 -22.373201370239258 -46
    endloop
  endfacet
  facet normal -0.33689256587060307 -0.9415430946383291 0
    outer loop
      vertex -23.349437713623047 -22.429405212402344 -46
      vertex -23.506515502929688 -22.373201370239258 -48
      vertex -23.349437713623047 -22.429405212402344 -48
    endloop
  endfacet
  facet normal -0.8032070800589995 0.5956999131635794 0
    outer loop
      vertex -22.685882568359375 -25.078468322753906 -48
      vertex -22.586502075195312 -24.944469451904297 -46
      vertex -22.586502075195312 -24.944469451904297 -48
    endloop
  endfacet
  facet normal -0.8032070800589995 0.5956999131635794 0
    outer loop
      vertex -22.586502075195312 -24.944469451904297 -46
      vertex -22.685882568359375 -25.078468322753906 -48
      vertex -22.685882568359375 -25.078468322753906 -46
    endloop
  endfacet
  facet normal 0.7409480173854458 -0.6715623839469994 0
    outer loop
      vertex -25.314117431640625 -22.921531677246094 -46
      vertex -25.20207977294922 -22.79791831970215 -48
      vertex -25.20207977294922 -22.79791831970215 -46
    endloop
  endfacet
  facet normal 0.7409480173854458 -0.6715623839469994 0
    outer loop
      vertex -25.20207977294922 -22.79791831970215 -48
      vertex -25.314117431640625 -22.921531677246094 -46
      vertex -25.314117431640625 -22.921531677246094 -48
    endloop
  endfacet
  facet normal 0.2429929104272639 0.9700280642755074 0
    outer loop
      vertex -24.331653594970703 -25.667335510253906 -48
      vertex -24.493484497070312 -25.62679672241211 -46
      vertex -24.331653594970703 -25.667335510253906 -46
    endloop
  endfacet
  facet normal 0.2429929104272639 0.9700280642755074 0
    outer loop
      vertex -24.493484497070312 -25.62679672241211 -46
      vertex -24.331653594970703 -25.667335510253906 -48
      vertex -24.493484497070312 -25.62679672241211 -48
    endloop
  endfacet
  facet normal 0.9415467210931772 -0.3368824305283478 0
    outer loop
      vertex -25.62679672241211 -23.506515502929688 -46
      vertex -25.570594787597656 -23.349437713623047 -48
      vertex -25.570594787597656 -23.349437713623047 -46
    endloop
  endfacet
  facet normal 0.9415467210931772 -0.3368824305283478 0
    outer loop
      vertex -25.570594787597656 -23.349437713623047 -48
      vertex -25.62679672241211 -23.506515502929688 -46
      vertex -25.62679672241211 -23.506515502929688 -48
    endloop
  endfacet
  facet normal 0.9987953552635227 0.049069728998775666 0
    outer loop
      vertex -25.691814422607422 -24.166629791259766 -46
      vertex -25.700000762939453 -24 -48
      vertex -25.700000762939453 -24 -46
    endloop
  endfacet
  facet normal 0.9987953552635227 0.049069728998775666 0
    outer loop
      vertex -25.700000762939453 -24 -48
      vertex -25.691814422607422 -24.166629791259766 -46
      vertex -25.691814422607422 -24.166629791259766 -48
    endloop
  endfacet
  facet normal 0.049069728998775666 -0.9987953552635227 0
    outer loop
      vertex -24.166629791259766 -22.308185577392578 -48
      vertex -24 -22.299999237060547 -46
      vertex -24.166629791259766 -22.308185577392578 -46
    endloop
  endfacet
  facet normal 0.049069728998775666 -0.9987953552635227 0
    outer loop
      vertex -24 -22.299999237060547 -46
      vertex -24.166629791259766 -22.308185577392578 -48
      vertex -24 -22.299999237060547 -48
    endloop
  endfacet
  facet normal 0.1467301428590135 -0.9891765591523959 0
    outer loop
      vertex -24.331653594970703 -22.332664489746094 -48
      vertex -24.166629791259766 -22.308185577392578 -46
      vertex -24.331653594970703 -22.332664489746094 -46
    endloop
  endfacet
  facet normal 0.1467301428590135 -0.9891765591523959 0
    outer loop
      vertex -24.166629791259766 -22.308185577392578 -46
      vertex -24.331653594970703 -22.332664489746094 -48
      vertex -24.166629791259766 -22.308185577392578 -48
    endloop
  endfacet
  facet normal -0.2429821526305163 -0.9700307590499594 0
    outer loop
      vertex -23.668346405029297 -22.332664489746094 -48
      vertex -23.506515502929688 -22.373201370239258 -46
      vertex -23.668346405029297 -22.332664489746094 -46
    endloop
  endfacet
  facet normal -0.2429821526305163 -0.9700307590499594 0
    outer loop
      vertex -23.506515502929688 -22.373201370239258 -46
      vertex -23.668346405029297 -22.332664489746094 -48
      vertex -23.506515502929688 -22.373201370239258 -48
    endloop
  endfacet
  facet normal 0.9700280642755074 -0.2429929104272639 0
    outer loop
      vertex -25.667335510253906 -23.668346405029297 -46
      vertex -25.62679672241211 -23.506515502929688 -48
      vertex -25.62679672241211 -23.506515502929688 -46
    endloop
  endfacet
  facet normal 0.9700280642755074 -0.2429929104272639 0
    outer loop
      vertex -25.62679672241211 -23.506515502929688 -48
      vertex -25.667335510253906 -23.668346405029297 -46
      vertex -25.667335510253906 -23.668346405029297 -48
    endloop
  endfacet
  facet normal 0.4275564774458279 0.9039886385315444 0
    outer loop
      vertex -24.650562286376953 -25.570594787597656 -48
      vertex -24.801374435424805 -25.499265670776367 -46
      vertex -24.650562286376953 -25.570594787597656 -46
    endloop
  endfacet
  facet normal 0.4275564774458279 0.9039886385315444 0
    outer loop
      vertex -24.801374435424805 -25.499265670776367 -46
      vertex -24.650562286376953 -25.570594787597656 -48
      vertex -24.801374435424805 -25.499265670776367 -48
    endloop
  endfacet
  facet normal 0.6715680728521137 0.7409428611746643 0
    outer loop
      vertex -25.078468322753906 -25.314117431640625 -48
      vertex -25.20207977294922 -25.20207977294922 -46
      vertex -25.078468322753906 -25.314117431640625 -46
    endloop
  endfacet
  facet normal 0.6715680728521137 0.7409428611746643 0
    outer loop
      vertex -25.20207977294922 -25.20207977294922 -46
      vertex -25.078468322753906 -25.314117431640625 -48
      vertex -25.20207977294922 -25.20207977294922 -48
    endloop
  endfacet
  facet normal 0.8032070800589995 0.5956999131635794 0
    outer loop
      vertex -25.314117431640625 -25.078468322753906 -46
      vertex -25.413497924804688 -24.944469451904297 -48
      vertex -25.413497924804688 -24.944469451904297 -46
    endloop
  endfacet
  facet normal 0.8032070800589995 0.5956999131635794 0
    outer loop
      vertex -25.413497924804688 -24.944469451904297 -48
      vertex -25.314117431640625 -25.078468322753906 -46
      vertex -25.314117431640625 -25.078468322753906 -48
    endloop
  endfacet
  facet normal 0.3368824305283478 0.9415467210931772 0
    outer loop
      vertex -24.493484497070312 -25.62679672241211 -48
      vertex -24.650562286376953 -25.570594787597656 -46
      vertex -24.493484497070312 -25.62679672241211 -46
    endloop
  endfacet
  facet normal 0.3368824305283478 0.9415467210931772 0
    outer loop
      vertex -24.650562286376953 -25.570594787597656 -46
      vertex -24.493484497070312 -25.62679672241211 -48
      vertex -24.650562286376953 -25.570594787597656 -48
    endloop
  endfacet
  facet normal 0.8577288907868005 0.5141022757289105 0
    outer loop
      vertex -25.413497924804688 -24.944469451904297 -46
      vertex -25.499265670776367 -24.801374435424805 -48
      vertex -25.499265670776367 -24.801374435424805 -46
    endloop
  endfacet
  facet normal 0.8577288907868005 0.5141022757289105 0
    outer loop
      vertex -25.499265670776367 -24.801374435424805 -48
      vertex -25.413497924804688 -24.944469451904297 -46
      vertex -25.413497924804688 -24.944469451904297 -48
    endloop
  endfacet
  facet normal -0.9891765591523959 -0.1467301428590135 0
    outer loop
      vertex -22.308185577392578 -23.833370208740234 -48
      vertex -22.332664489746094 -23.668346405029297 -46
      vertex -22.332664489746094 -23.668346405029297 -48
    endloop
  endfacet
  facet normal -0.9891765591523959 -0.1467301428590135 0
    outer loop
      vertex -22.332664489746094 -23.668346405029297 -46
      vertex -22.308185577392578 -23.833370208740234 -48
      vertex -22.308185577392578 -23.833370208740234 -46
    endloop
  endfacet
  facet normal 0.33689256587060307 -0.9415430946383291 0
    outer loop
      vertex -24.650562286376953 -22.429405212402344 -48
      vertex -24.493484497070312 -22.373201370239258 -46
      vertex -24.650562286376953 -22.429405212402344 -46
    endloop
  endfacet
  facet normal 0.33689256587060307 -0.9415430946383291 0
    outer loop
      vertex -24.493484497070312 -22.373201370239258 -46
      vertex -24.650562286376953 -22.429405212402344 -48
      vertex -24.493484497070312 -22.373201370239258 -48
    endloop
  endfacet
  facet normal 0.9415467210931772 0.3368824305283478 0
    outer loop
      vertex -25.570594787597656 -24.650562286376953 -46
      vertex -25.62679672241211 -24.493484497070312 -48
      vertex -25.62679672241211 -24.493484497070312 -46
    endloop
  endfacet
  facet normal 0.9415467210931772 0.3368824305283478 0
    outer loop
      vertex -25.62679672241211 -24.493484497070312 -48
      vertex -25.570594787597656 -24.650562286376953 -46
      vertex -25.570594787597656 -24.650562286376953 -48
    endloop
  endfacet
  facet normal -0.1467301428590135 0.9891765591523959 0
    outer loop
      vertex -23.668346405029297 -25.667335510253906 -48
      vertex -23.833370208740234 -25.691814422607422 -46
      vertex -23.668346405029297 -25.667335510253906 -46
    endloop
  endfacet
  facet normal -0.1467301428590135 0.9891765591523959 0
    outer loop
      vertex -23.833370208740234 -25.691814422607422 -46
      vertex -23.668346405029297 -25.667335510253906 -48
      vertex -23.833370208740234 -25.691814422607422 -48
    endloop
  endfacet
  facet normal 0.9891765591523959 -0.1467301428590135 0
    outer loop
      vertex -25.691814422607422 -23.833370208740234 -46
      vertex -25.667335510253906 -23.668346405029297 -48
      vertex -25.667335510253906 -23.668346405029297 -46
    endloop
  endfacet
  facet normal 0.9891765591523959 -0.1467301428590135 0
    outer loop
      vertex -25.667335510253906 -23.668346405029297 -48
      vertex -25.691814422607422 -23.833370208740234 -46
      vertex -25.691814422607422 -23.833370208740234 -48
    endloop
  endfacet
  facet normal 0.5956999131635794 0.8032070800589995 0
    outer loop
      vertex -24.944469451904297 -25.413497924804688 -48
      vertex -25.078468322753906 -25.314117431640625 -46
      vertex -24.944469451904297 -25.413497924804688 -46
    endloop
  endfacet
  facet normal 0.5956999131635794 0.8032070800589995 0
    outer loop
      vertex -25.078468322753906 -25.314117431640625 -46
      vertex -24.944469451904297 -25.413497924804688 -48
      vertex -25.078468322753906 -25.314117431640625 -48
    endloop
  endfacet
  facet normal 0.049069728998775666 0.9987953552635227 0
    outer loop
      vertex -24 -25.700000762939453 -48
      vertex -24.166629791259766 -25.691814422607422 -46
      vertex -24 -25.700000762939453 -46
    endloop
  endfacet
  facet normal 0.049069728998775666 0.9987953552635227 0
    outer loop
      vertex -24.166629791259766 -25.691814422607422 -46
      vertex -24 -25.700000762939453 -48
      vertex -24.166629791259766 -25.691814422607422 -48
    endloop
  endfacet
  facet normal -0.8032070800589995 -0.5956999131635794 0
    outer loop
      vertex -22.586502075195312 -23.055530548095703 -48
      vertex -22.685882568359375 -22.921531677246094 -46
      vertex -22.685882568359375 -22.921531677246094 -48
    endloop
  endfacet
  facet normal -0.8032070800589995 -0.5956999131635794 0
    outer loop
      vertex -22.685882568359375 -22.921531677246094 -46
      vertex -22.586502075195312 -23.055530548095703 -48
      vertex -22.586502075195312 -23.055530548095703 -46
    endloop
  endfacet
  facet normal 0.6715617961641807 -0.7409485501252698 0
    outer loop
      vertex -25.20207977294922 -22.79791831970215 -48
      vertex -25.078468322753906 -22.685882568359375 -46
      vertex -25.20207977294922 -22.79791831970215 -46
    endloop
  endfacet
  facet normal 0.6715617961641807 -0.7409485501252698 0
    outer loop
      vertex -25.078468322753906 -22.685882568359375 -46
      vertex -25.20207977294922 -22.79791831970215 -48
      vertex -25.078468322753906 -22.685882568359375 -48
    endloop
  endfacet
  facet normal -0.3368824305283478 0.9415467210931772 0
    outer loop
      vertex -23.349437713623047 -25.570594787597656 -48
      vertex -23.506515502929688 -25.62679672241211 -46
      vertex -23.349437713623047 -25.570594787597656 -46
    endloop
  endfacet
  facet normal -0.3368824305283478 0.9415467210931772 0
    outer loop
      vertex -23.506515502929688 -25.62679672241211 -46
      vertex -23.349437713623047 -25.570594787597656 -48
      vertex -23.506515502929688 -25.62679672241211 -48
    endloop
  endfacet
  facet normal 0.2429821526305163 -0.9700307590499594 0
    outer loop
      vertex -24.493484497070312 -22.373201370239258 -48
      vertex -24.331653594970703 -22.332664489746094 -46
      vertex -24.493484497070312 -22.373201370239258 -46
    endloop
  endfacet
  facet normal 0.2429821526305163 -0.9700307590499594 0
    outer loop
      vertex -24.331653594970703 -22.332664489746094 -46
      vertex -24.493484497070312 -22.373201370239258 -48
      vertex -24.331653594970703 -22.332664489746094 -48
    endloop
  endfacet
  facet normal 0.1467301428590135 0.9891765591523959 0
    outer loop
      vertex -24.166629791259766 -25.691814422607422 -48
      vertex -24.331653594970703 -25.667335510253906 -46
      vertex -24.166629791259766 -25.691814422607422 -46
    endloop
  endfacet
  facet normal 0.1467301428590135 0.9891765591523959 0
    outer loop
      vertex -24.331653594970703 -25.667335510253906 -46
      vertex -24.166629791259766 -25.691814422607422 -48
      vertex -24.331653594970703 -25.667335510253906 -48
    endloop
  endfacet
  facet normal -0.5141073172161326 0.8577258690192519 0
    outer loop
      vertex -23.055530548095703 -25.413497924804688 -48
      vertex -23.198623657226562 -25.499265670776367 -46
      vertex -23.055530548095703 -25.413497924804688 -46
    endloop
  endfacet
  facet normal -0.5141073172161326 0.8577258690192519 0
    outer loop
      vertex -23.198623657226562 -25.499265670776367 -46
      vertex -23.055530548095703 -25.413497924804688 -48
      vertex -23.198623657226562 -25.499265670776367 -48
    endloop
  endfacet
  facet normal -0.9987953552635227 -0.049069728998775666 0
    outer loop
      vertex -22.299999237060547 24 -48
      vertex -22.308185577392578 24.166629791259766 -46
      vertex -22.308185577392578 24.166629791259766 -48
    endloop
  endfacet
  facet normal -0.9987953552635227 -0.049069728998775666 0
    outer loop
      vertex -22.308185577392578 24.166629791259766 -46
      vertex -22.299999237060547 24 -48
      vertex -22.299999237060547 24 -46
    endloop
  endfacet
  facet normal -0.8577238493285277 -0.5141106868107811 0
    outer loop
      vertex -22.500732421875 24.801374435424805 -48
      vertex -22.586502075195312 24.944469451904297 -46
      vertex -22.586502075195312 24.944469451904297 -48
    endloop
  endfacet
  facet normal -0.8577238493285277 -0.5141106868107811 0
    outer loop
      vertex -22.586502075195312 24.944469451904297 -46
      vertex -22.500732421875 24.801374435424805 -48
      vertex -22.500732421875 24.801374435424805 -46
    endloop
  endfacet
  facet normal -0.3368824305283478 -0.9415467210931772 0
    outer loop
      vertex -23.506515502929688 25.62679672241211 -48
      vertex -23.349437713623047 25.570594787597656 -46
      vertex -23.506515502929688 25.62679672241211 -46
    endloop
  endfacet
  facet normal -0.3368824305283478 -0.9415467210931772 0
    outer loop
      vertex -23.349437713623047 25.570594787597656 -46
      vertex -23.506515502929688 25.62679672241211 -48
      vertex -23.349437713623047 25.570594787597656 -48
    endloop
  endfacet
  facet normal 0.9039886385315444 -0.4275564774458279 0
    outer loop
      vertex -25.570594787597656 24.650562286376953 -46
      vertex -25.499265670776367 24.801374435424805 -48
      vertex -25.499265670776367 24.801374435424805 -46
    endloop
  endfacet
  facet normal 0.9039886385315444 -0.4275564774458279 0
    outer loop
      vertex -25.499265670776367 24.801374435424805 -48
      vertex -25.570594787597656 24.650562286376953 -46
      vertex -25.570594787597656 24.650562286376953 -48
    endloop
  endfacet
  facet normal 0.9415467210931772 -0.3368824305283478 0
    outer loop
      vertex -25.62679672241211 24.493484497070312 -46
      vertex -25.570594787597656 24.650562286376953 -48
      vertex -25.570594787597656 24.650562286376953 -46
    endloop
  endfacet
  facet normal 0.9415467210931772 -0.3368824305283478 0
    outer loop
      vertex -25.570594787597656 24.650562286376953 -48
      vertex -25.62679672241211 24.493484497070312 -46
      vertex -25.62679672241211 24.493484497070312 -48
    endloop
  endfacet
  facet normal 0.903990728486731 0.42755205859641177 0
    outer loop
      vertex -25.499265670776367 23.198623657226562 -46
      vertex -25.570594787597656 23.349437713623047 -48
      vertex -25.570594787597656 23.349437713623047 -46
    endloop
  endfacet
  facet normal 0.903990728486731 0.42755205859641177 0
    outer loop
      vertex -25.570594787597656 23.349437713623047 -48
      vertex -25.499265670776367 23.198623657226562 -46
      vertex -25.499265670776367 23.198623657226562 -48
    endloop
  endfacet
  facet normal -0.5141073172161326 -0.8577258690192519 0
    outer loop
      vertex -23.198623657226562 25.499265670776367 -48
      vertex -23.055530548095703 25.413497924804688 -46
      vertex -23.198623657226562 25.499265670776367 -46
    endloop
  endfacet
  facet normal -0.5141073172161326 -0.8577258690192519 0
    outer loop
      vertex -23.055530548095703 25.413497924804688 -46
      vertex -23.198623657226562 25.499265670776367 -48
      vertex -23.055530548095703 25.413497924804688 -48
    endloop
  endfacet
  facet normal 0.9415467210931772 0.3368824305283478 0
    outer loop
      vertex -25.570594787597656 23.349437713623047 -46
      vertex -25.62679672241211 23.506515502929688 -48
      vertex -25.62679672241211 23.506515502929688 -46
    endloop
  endfacet
  facet normal 0.9415467210931772 0.3368824305283478 0
    outer loop
      vertex -25.62679672241211 23.506515502929688 -48
      vertex -25.570594787597656 23.349437713623047 -46
      vertex -25.570594787597656 23.349437713623047 -48
    endloop
  endfacet
  facet normal -0.6715623839469994 -0.7409480173854458 0
    outer loop
      vertex -22.921531677246094 25.314117431640625 -48
      vertex -22.79791831970215 25.20207977294922 -46
      vertex -22.921531677246094 25.314117431640625 -46
    endloop
  endfacet
  facet normal -0.6715623839469994 -0.7409480173854458 0
    outer loop
      vertex -22.79791831970215 25.20207977294922 -46
      vertex -22.921531677246094 25.314117431640625 -48
      vertex -22.79791831970215 25.20207977294922 -48
    endloop
  endfacet
  facet normal -0.9415430946383291 0.33689256587060307 0
    outer loop
      vertex -22.429405212402344 23.349437713623047 -48
      vertex -22.373201370239258 23.506515502929688 -46
      vertex -22.373201370239258 23.506515502929688 -48
    endloop
  endfacet
  facet normal -0.9415430946383291 0.33689256587060307 0
    outer loop
      vertex -22.373201370239258 23.506515502929688 -46
      vertex -22.429405212402344 23.349437713623047 -48
      vertex -22.429405212402344 23.349437713623047 -46
    endloop
  endfacet
  facet normal 0.6715617961641807 0.7409485501252698 0
    outer loop
      vertex -25.078468322753906 22.685882568359375 -48
      vertex -25.20207977294922 22.79791831970215 -46
      vertex -25.078468322753906 22.685882568359375 -46
    endloop
  endfacet
  facet normal 0.6715617961641807 0.7409485501252698 0
    outer loop
      vertex -25.20207977294922 22.79791831970215 -46
      vertex -25.078468322753906 22.685882568359375 -48
      vertex -25.20207977294922 22.79791831970215 -48
    endloop
  endfacet
  facet normal -0.7409485501252698 -0.6715617961641807 0
    outer loop
      vertex -22.685882568359375 25.078468322753906 -48
      vertex -22.79791831970215 25.20207977294922 -46
      vertex -22.79791831970215 25.20207977294922 -48
    endloop
  endfacet
  facet normal -0.7409485501252698 -0.6715617961641807 0
    outer loop
      vertex -22.79791831970215 25.20207977294922 -46
      vertex -22.685882568359375 25.078468322753906 -48
      vertex -22.685882568359375 25.078468322753906 -46
    endloop
  endfacet
  facet normal 0.5141106868107811 0.8577238493285277 0
    outer loop
      vertex -24.801374435424805 22.500732421875 -48
      vertex -24.944469451904297 22.586502075195312 -46
      vertex -24.801374435424805 22.500732421875 -46
    endloop
  endfacet
  facet normal 0.5141106868107811 0.8577238493285277 0
    outer loop
      vertex -24.944469451904297 22.586502075195312 -46
      vertex -24.801374435424805 22.500732421875 -48
      vertex -24.944469451904297 22.586502075195312 -48
    endloop
  endfacet
  facet normal 0.049069728998775666 -0.9987953552635227 0
    outer loop
      vertex -24.166629791259766 25.691814422607422 -48
      vertex -24 25.700000762939453 -46
      vertex -24.166629791259766 25.691814422607422 -46
    endloop
  endfacet
  facet normal 0.049069728998775666 -0.9987953552635227 0
    outer loop
      vertex -24 25.700000762939453 -46
      vertex -24.166629791259766 25.691814422607422 -48
      vertex -24 25.700000762939453 -48
    endloop
  endfacet
  facet normal 0.9891765591523959 -0.1467301428590135 0
    outer loop
      vertex -25.691814422607422 24.166629791259766 -46
      vertex -25.667335510253906 24.331653594970703 -48
      vertex -25.667335510253906 24.331653594970703 -46
    endloop
  endfacet
  facet normal 0.9891765591523959 -0.1467301428590135 0
    outer loop
      vertex -25.667335510253906 24.331653594970703 -48
      vertex -25.691814422607422 24.166629791259766 -46
      vertex -25.691814422607422 24.166629791259766 -48
    endloop
  endfacet
  facet normal 0.8577288907868005 -0.5141022757289105 0
    outer loop
      vertex -25.499265670776367 24.801374435424805 -46
      vertex -25.413497924804688 24.944469451904297 -48
      vertex -25.413497924804688 24.944469451904297 -46
    endloop
  endfacet
  facet normal 0.8577288907868005 -0.5141022757289105 0
    outer loop
      vertex -25.413497924804688 24.944469451904297 -48
      vertex -25.499265670776367 24.801374435424805 -46
      vertex -25.499265670776367 24.801374435424805 -48
    endloop
  endfacet
  facet normal -0.1467301428590135 -0.9891765591523959 0
    outer loop
      vertex -23.833370208740234 25.691814422607422 -48
      vertex -23.668346405029297 25.667335510253906 -46
      vertex -23.833370208740234 25.691814422607422 -46
    endloop
  endfacet
  facet normal -0.1467301428590135 -0.9891765591523959 0
    outer loop
      vertex -23.668346405029297 25.667335510253906 -46
      vertex -23.833370208740234 25.691814422607422 -48
      vertex -23.668346405029297 25.667335510253906 -48
    endloop
  endfacet
  facet normal -0.9891765591523959 0.1467301428590135 0
    outer loop
      vertex -22.332664489746094 23.668346405029297 -48
      vertex -22.308185577392578 23.833370208740234 -46
      vertex -22.308185577392578 23.833370208740234 -48
    endloop
  endfacet
  facet normal -0.9891765591523959 0.1467301428590135 0
    outer loop
      vertex -22.308185577392578 23.833370208740234 -46
      vertex -22.332664489746094 23.668346405029297 -48
      vertex -22.332664489746094 23.668346405029297 -46
    endloop
  endfacet
  facet normal 0.9987953552635227 0.049069728998775666 0
    outer loop
      vertex -25.691814422607422 23.833370208740234 -46
      vertex -25.700000762939453 24 -48
      vertex -25.700000762939453 24 -46
    endloop
  endfacet
  facet normal 0.9987953552635227 0.049069728998775666 0
    outer loop
      vertex -25.700000762939453 24 -48
      vertex -25.691814422607422 23.833370208740234 -46
      vertex -25.691814422607422 23.833370208740234 -48
    endloop
  endfacet
  facet normal 0.2429929104272639 -0.9700280642755074 0
    outer loop
      vertex -24.493484497070312 25.62679672241211 -48
      vertex -24.331653594970703 25.667335510253906 -46
      vertex -24.493484497070312 25.62679672241211 -46
    endloop
  endfacet
  facet normal 0.2429929104272639 -0.9700280642755074 0
    outer loop
      vertex -24.331653594970703 25.667335510253906 -46
      vertex -24.493484497070312 25.62679672241211 -48
      vertex -24.331653594970703 25.667335510253906 -48
    endloop
  endfacet
  facet normal -0.2429929104272639 -0.9700280642755074 0
    outer loop
      vertex -23.668346405029297 25.667335510253906 -48
      vertex -23.506515502929688 25.62679672241211 -46
      vertex -23.668346405029297 25.667335510253906 -46
    endloop
  endfacet
  facet normal -0.2429929104272639 -0.9700280642755074 0
    outer loop
      vertex -23.506515502929688 25.62679672241211 -46
      vertex -23.668346405029297 25.667335510253906 -48
      vertex -23.506515502929688 25.62679672241211 -48
    endloop
  endfacet
  facet normal -0.8577208274798637 0.5141157283212192 0
    outer loop
      vertex -22.586502075195312 23.055530548095703 -48
      vertex -22.500732421875 23.198623657226562 -46
      vertex -22.500732421875 23.198623657226562 -48
    endloop
  endfacet
  facet normal -0.8577208274798637 0.5141157283212192 0
    outer loop
      vertex -22.500732421875 23.198623657226562 -46
      vertex -22.586502075195312 23.055530548095703 -48
      vertex -22.586502075195312 23.055530548095703 -46
    endloop
  endfacet
  facet normal -0.1467301428590135 0.9891765591523959 0
    outer loop
      vertex -23.668346405029297 22.332664489746094 -48
      vertex -23.833370208740234 22.308185577392578 -46
      vertex -23.668346405029297 22.332664489746094 -46
    endloop
  endfacet
  facet normal -0.1467301428590135 0.9891765591523959 0
    outer loop
      vertex -23.833370208740234 22.308185577392578 -46
      vertex -23.668346405029297 22.332664489746094 -48
      vertex -23.833370208740234 22.308185577392578 -48
    endloop
  endfacet
  facet normal 0.7409480173854458 0.6715623839469994 0
    outer loop
      vertex -25.20207977294922 22.79791831970215 -46
      vertex -25.314117431640625 22.921531677246094 -48
      vertex -25.314117431640625 22.921531677246094 -46
    endloop
  endfacet
  facet normal 0.7409480173854458 0.6715623839469994 0
    outer loop
      vertex -25.314117431640625 22.921531677246094 -48
      vertex -25.20207977294922 22.79791831970215 -46
      vertex -25.20207977294922 22.79791831970215 -48
    endloop
  endfacet
  facet normal -0.740953706279256 0.6715561072248796 0
    outer loop
      vertex -22.79791831970215 22.79791831970215 -48
      vertex -22.685882568359375 22.921531677246094 -46
      vertex -22.685882568359375 22.921531677246094 -48
    endloop
  endfacet
  facet normal -0.740953706279256 0.6715561072248796 0
    outer loop
      vertex -22.685882568359375 22.921531677246094 -46
      vertex -22.79791831970215 22.79791831970215 -48
      vertex -22.79791831970215 22.79791831970215 -46
    endloop
  endfacet
  facet normal -0.8032070800589995 0.5956999131635794 0
    outer loop
      vertex -22.685882568359375 22.921531677246094 -48
      vertex -22.586502075195312 23.055530548095703 -46
      vertex -22.586502075195312 23.055530548095703 -48
    endloop
  endfacet
  facet normal -0.8032070800589995 0.5956999131635794 0
    outer loop
      vertex -22.586502075195312 23.055530548095703 -46
      vertex -22.685882568359375 22.921531677246094 -48
      vertex -22.685882568359375 22.921531677246094 -46
    endloop
  endfacet
  facet normal -0.9039951472689048 0.4275427156604017 0
    outer loop
      vertex -22.500732421875 23.198623657226562 -48
      vertex -22.429405212402344 23.349437713623047 -46
      vertex -22.429405212402344 23.349437713623047 -48
    endloop
  endfacet
  facet normal -0.9039951472689048 0.4275427156604017 0
    outer loop
      vertex -22.429405212402344 23.349437713623047 -46
      vertex -22.500732421875 23.198623657226562 -48
      vertex -22.500732421875 23.198623657226562 -46
    endloop
  endfacet
  facet normal -0.9987953552635227 0.049069728998775666 0
    outer loop
      vertex -22.308185577392578 23.833370208740234 -48
      vertex -22.299999237060547 24 -46
      vertex -22.299999237060547 24 -48
    endloop
  endfacet
  facet normal -0.9987953552635227 0.049069728998775666 0
    outer loop
      vertex -22.299999237060547 24 -46
      vertex -22.308185577392578 23.833370208740234 -48
      vertex -22.308185577392578 23.833370208740234 -46
    endloop
  endfacet
  facet normal 0.5956999131635794 -0.8032070800589995 0
    outer loop
      vertex -25.078468322753906 25.314117431640625 -48
      vertex -24.944469451904297 25.413497924804688 -46
      vertex -25.078468322753906 25.314117431640625 -46
    endloop
  endfacet
  facet normal 0.5956999131635794 -0.8032070800589995 0
    outer loop
      vertex -24.944469451904297 25.413497924804688 -46
      vertex -25.078468322753906 25.314117431640625 -48
      vertex -24.944469451904297 25.413497924804688 -48
    endloop
  endfacet
  facet normal 0.049069728998775666 0.9987953552635227 0
    outer loop
      vertex -24 22.299999237060547 -48
      vertex -24.166629791259766 22.308185577392578 -46
      vertex -24 22.299999237060547 -46
    endloop
  endfacet
  facet normal 0.049069728998775666 0.9987953552635227 0
    outer loop
      vertex -24.166629791259766 22.308185577392578 -46
      vertex -24 22.299999237060547 -48
      vertex -24.166629791259766 22.308185577392578 -48
    endloop
  endfacet
  facet normal -0.9700307590499594 0.2429821526305163 0
    outer loop
      vertex -22.373201370239258 23.506515502929688 -48
      vertex -22.332664489746094 23.668346405029297 -46
      vertex -22.332664489746094 23.668346405029297 -48
    endloop
  endfacet
  facet normal -0.9700307590499594 0.2429821526305163 0
    outer loop
      vertex -22.332664489746094 23.668346405029297 -46
      vertex -22.373201370239258 23.506515502929688 -48
      vertex -22.373201370239258 23.506515502929688 -46
    endloop
  endfacet
  facet normal 0.4275564774458279 -0.9039886385315444 0
    outer loop
      vertex -24.801374435424805 25.499265670776367 -48
      vertex -24.650562286376953 25.570594787597656 -46
      vertex -24.801374435424805 25.499265670776367 -46
    endloop
  endfacet
  facet normal 0.4275564774458279 -0.9039886385315444 0
    outer loop
      vertex -24.650562286376953 25.570594787597656 -46
      vertex -24.801374435424805 25.499265670776367 -48
      vertex -24.650562286376953 25.570594787597656 -48
    endloop
  endfacet
  facet normal 0.8032070800589995 0.5956999131635794 0
    outer loop
      vertex -25.314117431640625 22.921531677246094 -46
      vertex -25.413497924804688 23.055530548095703 -48
      vertex -25.413497924804688 23.055530548095703 -46
    endloop
  endfacet
  facet normal 0.8032070800589995 0.5956999131635794 0
    outer loop
      vertex -25.413497924804688 23.055530548095703 -48
      vertex -25.314117431640625 22.921531677246094 -46
      vertex -25.314117431640625 22.921531677246094 -48
    endloop
  endfacet
  facet normal 0.8032070800589995 -0.5956999131635794 0
    outer loop
      vertex -25.413497924804688 24.944469451904297 -46
      vertex -25.314117431640625 25.078468322753906 -48
      vertex -25.314117431640625 25.078468322753906 -46
    endloop
  endfacet
  facet normal 0.8032070800589995 -0.5956999131635794 0
    outer loop
      vertex -25.314117431640625 25.078468322753906 -48
      vertex -25.413497924804688 24.944469451904297 -46
      vertex -25.413497924804688 24.944469451904297 -48
    endloop
  endfacet
  facet normal -0.6715561072248796 0.740953706279256 0
    outer loop
      vertex -22.79791831970215 22.79791831970215 -48
      vertex -22.921531677246094 22.685882568359375 -46
      vertex -22.79791831970215 22.79791831970215 -46
    endloop
  endfacet
  facet normal -0.6715561072248796 0.740953706279256 0
    outer loop
      vertex -22.921531677246094 22.685882568359375 -46
      vertex -22.79791831970215 22.79791831970215 -48
      vertex -22.921531677246094 22.685882568359375 -48
    endloop
  endfacet
  facet normal 0.3368824305283478 -0.9415467210931772 0
    outer loop
      vertex -24.650562286376953 25.570594787597656 -48
      vertex -24.493484497070312 25.62679672241211 -46
      vertex -24.650562286376953 25.570594787597656 -46
    endloop
  endfacet
  facet normal 0.3368824305283478 -0.9415467210931772 0
    outer loop
      vertex -24.493484497070312 25.62679672241211 -46
      vertex -24.650562286376953 25.570594787597656 -48
      vertex -24.493484497070312 25.62679672241211 -48
    endloop
  endfacet
  facet normal -0.049069728998775666 0.9987953552635227 0
    outer loop
      vertex -23.833370208740234 22.308185577392578 -48
      vertex -24 22.299999237060547 -46
      vertex -23.833370208740234 22.308185577392578 -46
    endloop
  endfacet
  facet normal -0.049069728998775666 0.9987953552635227 0
    outer loop
      vertex -24 22.299999237060547 -46
      vertex -23.833370208740234 22.308185577392578 -48
      vertex -24 22.299999237060547 -48
    endloop
  endfacet
  facet normal 0.33689256587060307 0.9415430946383291 0
    outer loop
      vertex -24.493484497070312 22.373201370239258 -48
      vertex -24.650562286376953 22.429405212402344 -46
      vertex -24.493484497070312 22.373201370239258 -46
    endloop
  endfacet
  facet normal 0.33689256587060307 0.9415430946383291 0
    outer loop
      vertex -24.650562286376953 22.429405212402344 -46
      vertex -24.493484497070312 22.373201370239258 -48
      vertex -24.650562286376953 22.429405212402344 -48
    endloop
  endfacet
  facet normal 0.7409428611746643 -0.6715680728521137 0
    outer loop
      vertex -25.314117431640625 25.078468322753906 -46
      vertex -25.20207977294922 25.20207977294922 -48
      vertex -25.20207977294922 25.20207977294922 -46
    endloop
  endfacet
  facet normal 0.7409428611746643 -0.6715680728521137 0
    outer loop
      vertex -25.20207977294922 25.20207977294922 -48
      vertex -25.314117431640625 25.078468322753906 -46
      vertex -25.314117431640625 25.078468322753906 -48
    endloop
  endfacet
  facet normal -0.42755205859641177 -0.903990728486731 0
    outer loop
      vertex -23.349437713623047 25.570594787597656 -48
      vertex -23.198623657226562 25.499265670776367 -46
      vertex -23.349437713623047 25.570594787597656 -46
    endloop
  endfacet
  facet normal -0.42755205859641177 -0.903990728486731 0
    outer loop
      vertex -23.198623657226562 25.499265670776367 -46
      vertex -23.349437713623047 25.570594787597656 -48
      vertex -23.198623657226562 25.499265670776367 -48
    endloop
  endfacet
  facet normal -0.9891765591523959 -0.1467301428590135 0
    outer loop
      vertex -22.308185577392578 24.166629791259766 -48
      vertex -22.332664489746094 24.331653594970703 -46
      vertex -22.332664489746094 24.331653594970703 -48
    endloop
  endfacet
  facet normal -0.9891765591523959 -0.1467301428590135 0
    outer loop
      vertex -22.332664489746094 24.331653594970703 -46
      vertex -22.308185577392578 24.166629791259766 -48
      vertex -22.308185577392578 24.166629791259766 -46
    endloop
  endfacet
  facet normal -0.9415430946383291 -0.33689256587060307 0
    outer loop
      vertex -22.373201370239258 24.493484497070312 -48
      vertex -22.429405212402344 24.650562286376953 -46
      vertex -22.429405212402344 24.650562286376953 -48
    endloop
  endfacet
  facet normal -0.9415430946383291 -0.33689256587060307 0
    outer loop
      vertex -22.429405212402344 24.650562286376953 -46
      vertex -22.373201370239258 24.493484497070312 -48
      vertex -22.373201370239258 24.493484497070312 -46
    endloop
  endfacet
  facet normal 0.1467301428590135 -0.9891765591523959 0
    outer loop
      vertex -24.331653594970703 25.667335510253906 -48
      vertex -24.166629791259766 25.691814422607422 -46
      vertex -24.331653594970703 25.667335510253906 -46
    endloop
  endfacet
  facet normal 0.1467301428590135 -0.9891765591523959 0
    outer loop
      vertex -24.166629791259766 25.691814422607422 -46
      vertex -24.331653594970703 25.667335510253906 -48
      vertex -24.166629791259766 25.691814422607422 -48
    endloop
  endfacet
  facet normal 0.4275471344564557 0.9039930573948416 0
    outer loop
      vertex -24.650562286376953 22.429405212402344 -48
      vertex -24.801374435424805 22.500732421875 -46
      vertex -24.650562286376953 22.429405212402344 -46
    endloop
  endfacet
  facet normal 0.4275471344564557 0.9039930573948416 0
    outer loop
      vertex -24.801374435424805 22.500732421875 -46
      vertex -24.650562286376953 22.429405212402344 -48
      vertex -24.801374435424805 22.500732421875 -48
    endloop
  endfacet
  facet normal 0.9891765591523959 0.1467301428590135 0
    outer loop
      vertex -25.667335510253906 23.668346405029297 -46
      vertex -25.691814422607422 23.833370208740234 -48
      vertex -25.691814422607422 23.833370208740234 -46
    endloop
  endfacet
  facet normal 0.9891765591523959 0.1467301428590135 0
    outer loop
      vertex -25.691814422607422 23.833370208740234 -48
      vertex -25.667335510253906 23.668346405029297 -46
      vertex -25.667335510253906 23.668346405029297 -48
    endloop
  endfacet
  facet normal 0.5141022757289105 -0.8577288907868005 0
    outer loop
      vertex -24.944469451904297 25.413497924804688 -48
      vertex -24.801374435424805 25.499265670776367 -46
      vertex -24.944469451904297 25.413497924804688 -46
    endloop
  endfacet
  facet normal 0.5141022757289105 -0.8577288907868005 0
    outer loop
      vertex -24.801374435424805 25.499265670776367 -46
      vertex -24.944469451904297 25.413497924804688 -48
      vertex -24.801374435424805 25.499265670776367 -48
    endloop
  endfacet
  facet normal -0.4275427156604017 0.9039951472689048 0
    outer loop
      vertex -23.198623657226562 22.500732421875 -48
      vertex -23.349437713623047 22.429405212402344 -46
      vertex -23.198623657226562 22.500732421875 -46
    endloop
  endfacet
  facet normal -0.4275427156604017 0.9039951472689048 0
    outer loop
      vertex -23.349437713623047 22.429405212402344 -46
      vertex -23.198623657226562 22.500732421875 -48
      vertex -23.349437713623047 22.429405212402344 -48
    endloop
  endfacet
  facet normal -0.9700307590499594 -0.2429821526305163 0
    outer loop
      vertex -22.332664489746094 24.331653594970703 -48
      vertex -22.373201370239258 24.493484497070312 -46
      vertex -22.373201370239258 24.493484497070312 -48
    endloop
  endfacet
  facet normal -0.9700307590499594 -0.2429821526305163 0
    outer loop
      vertex -22.373201370239258 24.493484497070312 -46
      vertex -22.332664489746094 24.331653594970703 -48
      vertex -22.332664489746094 24.331653594970703 -46
    endloop
  endfacet
  facet normal 0.9987953552635227 -0.049069728998775666 0
    outer loop
      vertex -25.700000762939453 24 -46
      vertex -25.691814422607422 24.166629791259766 -48
      vertex -25.691814422607422 24.166629791259766 -46
    endloop
  endfacet
  facet normal 0.9987953552635227 -0.049069728998775666 0
    outer loop
      vertex -25.691814422607422 24.166629791259766 -48
      vertex -25.700000762939453 24 -46
      vertex -25.700000762939453 24 -48
    endloop
  endfacet
  facet normal -0.2429821526305163 0.9700307590499594 0
    outer loop
      vertex -23.506515502929688 22.373201370239258 -48
      vertex -23.668346405029297 22.332664489746094 -46
      vertex -23.506515502929688 22.373201370239258 -46
    endloop
  endfacet
  facet normal -0.2429821526305163 0.9700307590499594 0
    outer loop
      vertex -23.668346405029297 22.332664489746094 -46
      vertex -23.506515502929688 22.373201370239258 -48
      vertex -23.668346405029297 22.332664489746094 -48
    endloop
  endfacet
  facet normal -0.33689256587060307 0.9415430946383291 0
    outer loop
      vertex -23.349437713623047 22.429405212402344 -48
      vertex -23.506515502929688 22.373201370239258 -46
      vertex -23.349437713623047 22.429405212402344 -46
    endloop
  endfacet
  facet normal -0.33689256587060307 0.9415430946383291 0
    outer loop
      vertex -23.506515502929688 22.373201370239258 -46
      vertex -23.349437713623047 22.429405212402344 -48
      vertex -23.506515502929688 22.373201370239258 -48
    endloop
  endfacet
  facet normal 0.9700280642755074 0.2429929104272639 0
    outer loop
      vertex -25.62679672241211 23.506515502929688 -46
      vertex -25.667335510253906 23.668346405029297 -48
      vertex -25.667335510253906 23.668346405029297 -46
    endloop
  endfacet
  facet normal 0.9700280642755074 0.2429929104272639 0
    outer loop
      vertex -25.667335510253906 23.668346405029297 -48
      vertex -25.62679672241211 23.506515502929688 -46
      vertex -25.62679672241211 23.506515502929688 -48
    endloop
  endfacet
  facet normal -0.5141157283212192 0.8577208274798637 0
    outer loop
      vertex -23.055530548095703 22.586502075195312 -48
      vertex -23.198623657226562 22.500732421875 -46
      vertex -23.055530548095703 22.586502075195312 -46
    endloop
  endfacet
  facet normal -0.5141157283212192 0.8577208274798637 0
    outer loop
      vertex -23.198623657226562 22.500732421875 -46
      vertex -23.055530548095703 22.586502075195312 -48
      vertex -23.198623657226562 22.500732421875 -48
    endloop
  endfacet
  facet normal -0.049069728998775666 -0.9987953552635227 0
    outer loop
      vertex -24 25.700000762939453 -48
      vertex -23.833370208740234 25.691814422607422 -46
      vertex -24 25.700000762939453 -46
    endloop
  endfacet
  facet normal -0.049069728998775666 -0.9987953552635227 0
    outer loop
      vertex -23.833370208740234 25.691814422607422 -46
      vertex -24 25.700000762939453 -48
      vertex -23.833370208740234 25.691814422607422 -48
    endloop
  endfacet
  facet normal -0.9039930573948416 -0.4275471344564557 0
    outer loop
      vertex -22.429405212402344 24.650562286376953 -48
      vertex -22.500732421875 24.801374435424805 -46
      vertex -22.500732421875 24.801374435424805 -48
    endloop
  endfacet
  facet normal -0.9039930573948416 -0.4275471344564557 0
    outer loop
      vertex -22.500732421875 24.801374435424805 -46
      vertex -22.429405212402344 24.650562286376953 -48
      vertex -22.429405212402344 24.650562286376953 -46
    endloop
  endfacet
  facet normal -0.8032070800589995 -0.5956999131635794 0
    outer loop
      vertex -22.586502075195312 24.944469451904297 -48
      vertex -22.685882568359375 25.078468322753906 -46
      vertex -22.685882568359375 25.078468322753906 -48
    endloop
  endfacet
  facet normal -0.8032070800589995 -0.5956999131635794 0
    outer loop
      vertex -22.685882568359375 25.078468322753906 -46
      vertex -22.586502075195312 24.944469451904297 -48
      vertex -22.586502075195312 24.944469451904297 -46
    endloop
  endfacet
  facet normal 0.9700280642755074 -0.2429929104272639 0
    outer loop
      vertex -25.667335510253906 24.331653594970703 -46
      vertex -25.62679672241211 24.493484497070312 -48
      vertex -25.62679672241211 24.493484497070312 -46
    endloop
  endfacet
  facet normal 0.9700280642755074 -0.2429929104272639 0
    outer loop
      vertex -25.62679672241211 24.493484497070312 -48
      vertex -25.667335510253906 24.331653594970703 -46
      vertex -25.667335510253906 24.331653594970703 -48
    endloop
  endfacet
  facet normal 0.2429821526305163 0.9700307590499594 0
    outer loop
      vertex -24.331653594970703 22.332664489746094 -48
      vertex -24.493484497070312 22.373201370239258 -46
      vertex -24.331653594970703 22.332664489746094 -46
    endloop
  endfacet
  facet normal 0.2429821526305163 0.9700307590499594 0
    outer loop
      vertex -24.493484497070312 22.373201370239258 -46
      vertex -24.331653594970703 22.332664489746094 -48
      vertex -24.493484497070312 22.373201370239258 -48
    endloop
  endfacet
  facet normal 0.1467301428590135 0.9891765591523959 0
    outer loop
      vertex -24.166629791259766 22.308185577392578 -48
      vertex -24.331653594970703 22.332664489746094 -46
      vertex -24.166629791259766 22.308185577392578 -46
    endloop
  endfacet
  facet normal 0.1467301428590135 0.9891765591523959 0
    outer loop
      vertex -24.331653594970703 22.332664489746094 -46
      vertex -24.166629791259766 22.308185577392578 -48
      vertex -24.331653594970703 22.332664489746094 -48
    endloop
  endfacet
  facet normal 0.5956999131635794 0.8032070800589995 0
    outer loop
      vertex -24.944469451904297 22.586502075195312 -48
      vertex -25.078468322753906 22.685882568359375 -46
      vertex -24.944469451904297 22.586502075195312 -46
    endloop
  endfacet
  facet normal 0.5956999131635794 0.8032070800589995 0
    outer loop
      vertex -25.078468322753906 22.685882568359375 -46
      vertex -24.944469451904297 22.586502075195312 -48
      vertex -25.078468322753906 22.685882568359375 -48
    endloop
  endfacet
  facet normal 0.8577258690192519 0.5141073172161326 0
    outer loop
      vertex -25.413497924804688 23.055530548095703 -46
      vertex -25.499265670776367 23.198623657226562 -48
      vertex -25.499265670776367 23.198623657226562 -46
    endloop
  endfacet
  facet normal 0.8577258690192519 0.5141073172161326 0
    outer loop
      vertex -25.499265670776367 23.198623657226562 -48
      vertex -25.413497924804688 23.055530548095703 -46
      vertex -25.413497924804688 23.055530548095703 -48
    endloop
  endfacet
  facet normal -0.5956999131635794 0.8032070800589995 0
    outer loop
      vertex -22.921531677246094 22.685882568359375 -48
      vertex -23.055530548095703 22.586502075195312 -46
      vertex -22.921531677246094 22.685882568359375 -46
    endloop
  endfacet
  facet normal -0.5956999131635794 0.8032070800589995 0
    outer loop
      vertex -23.055530548095703 22.586502075195312 -46
      vertex -22.921531677246094 22.685882568359375 -48
      vertex -23.055530548095703 22.586502075195312 -48
    endloop
  endfacet
  facet normal 0.6715680728521137 -0.7409428611746643 0
    outer loop
      vertex -25.20207977294922 25.20207977294922 -48
      vertex -25.078468322753906 25.314117431640625 -46
      vertex -25.20207977294922 25.20207977294922 -46
    endloop
  endfacet
  facet normal 0.6715680728521137 -0.7409428611746643 0
    outer loop
      vertex -25.078468322753906 25.314117431640625 -46
      vertex -25.20207977294922 25.20207977294922 -48
      vertex -25.078468322753906 25.314117431640625 -48
    endloop
  endfacet
  facet normal -0.5956999131635794 -0.8032070800589995 0
    outer loop
      vertex -23.055530548095703 25.413497924804688 -48
      vertex -22.921531677246094 25.314117431640625 -46
      vertex -23.055530548095703 25.413497924804688 -46
    endloop
  endfacet
  facet normal -0.5956999131635794 -0.8032070800589995 0
    outer loop
      vertex -22.921531677246094 25.314117431640625 -46
      vertex -23.055530548095703 25.413497924804688 -48
      vertex -22.921531677246094 25.314117431640625 -48
    endloop
  endfacet
  facet normal 0.9891765591523959 0.1467301428590135 0
    outer loop
      vertex 22.332664489746094 -24.331653594970703 -46
      vertex 22.308185577392578 -24.166629791259766 -48
      vertex 22.308185577392578 -24.166629791259766 -46
    endloop
  endfacet
  facet normal 0.9891765591523959 0.1467301428590135 0
    outer loop
      vertex 22.308185577392578 -24.166629791259766 -48
      vertex 22.332664489746094 -24.331653594970703 -46
      vertex 22.332664489746094 -24.331653594970703 -48
    endloop
  endfacet
  facet normal -0.9987953552635227 -0.049069728998775666 0
    outer loop
      vertex 25.700000762939453 -24 -48
      vertex 25.691814422607422 -23.833370208740234 -46
      vertex 25.691814422607422 -23.833370208740234 -48
    endloop
  endfacet
  facet normal -0.9987953552635227 -0.049069728998775666 0
    outer loop
      vertex 25.691814422607422 -23.833370208740234 -46
      vertex 25.700000762939453 -24 -48
      vertex 25.700000762939453 -24 -46
    endloop
  endfacet
  facet normal 0.8577208274798637 -0.5141157283212192 0
    outer loop
      vertex 22.500732421875 -23.198623657226562 -46
      vertex 22.586502075195312 -23.055530548095703 -48
      vertex 22.586502075195312 -23.055530548095703 -46
    endloop
  endfacet
  facet normal 0.8577208274798637 -0.5141157283212192 0
    outer loop
      vertex 22.586502075195312 -23.055530548095703 -48
      vertex 22.500732421875 -23.198623657226562 -46
      vertex 22.500732421875 -23.198623657226562 -48
    endloop
  endfacet
  facet normal 0.7409485501252698 0.6715617961641807 0
    outer loop
      vertex 22.79791831970215 -25.20207977294922 -46
      vertex 22.685882568359375 -25.078468322753906 -48
      vertex 22.685882568359375 -25.078468322753906 -46
    endloop
  endfacet
  facet normal 0.7409485501252698 0.6715617961641807 0
    outer loop
      vertex 22.685882568359375 -25.078468322753906 -48
      vertex 22.79791831970215 -25.20207977294922 -46
      vertex 22.79791831970215 -25.20207977294922 -48
    endloop
  endfacet
  facet normal -0.5141022757289105 0.8577288907868005 0
    outer loop
      vertex 24.944469451904297 -25.413497924804688 -48
      vertex 24.801374435424805 -25.499265670776367 -46
      vertex 24.944469451904297 -25.413497924804688 -46
    endloop
  endfacet
  facet normal -0.5141022757289105 0.8577288907868005 0
    outer loop
      vertex 24.801374435424805 -25.499265670776367 -46
      vertex 24.944469451904297 -25.413497924804688 -48
      vertex 24.801374435424805 -25.499265670776367 -48
    endloop
  endfacet
  facet normal -0.9415467210931772 -0.3368824305283478 0
    outer loop
      vertex 25.62679672241211 -23.506515502929688 -48
      vertex 25.570594787597656 -23.349437713623047 -46
      vertex 25.570594787597656 -23.349437713623047 -48
    endloop
  endfacet
  facet normal -0.9415467210931772 -0.3368824305283478 0
    outer loop
      vertex 25.570594787597656 -23.349437713623047 -46
      vertex 25.62679672241211 -23.506515502929688 -48
      vertex 25.62679672241211 -23.506515502929688 -46
    endloop
  endfacet
  facet normal -0.8032070800589995 0.5956999131635794 0
    outer loop
      vertex 25.314117431640625 -25.078468322753906 -48
      vertex 25.413497924804688 -24.944469451904297 -46
      vertex 25.413497924804688 -24.944469451904297 -48
    endloop
  endfacet
  facet normal -0.8032070800589995 0.5956999131635794 0
    outer loop
      vertex 25.413497924804688 -24.944469451904297 -46
      vertex 25.314117431640625 -25.078468322753906 -48
      vertex 25.314117431640625 -25.078468322753906 -46
    endloop
  endfacet
  facet normal -0.9700280642755074 -0.2429929104272639 0
    outer loop
      vertex 25.667335510253906 -23.668346405029297 -48
      vertex 25.62679672241211 -23.506515502929688 -46
      vertex 25.62679672241211 -23.506515502929688 -48
    endloop
  endfacet
  facet normal -0.9700280642755074 -0.2429929104272639 0
    outer loop
      vertex 25.62679672241211 -23.506515502929688 -46
      vertex 25.667335510253906 -23.668346405029297 -48
      vertex 25.667335510253906 -23.668346405029297 -46
    endloop
  endfacet
  facet normal -0.9415467210931772 0.3368824305283478 0
    outer loop
      vertex 25.570594787597656 -24.650562286376953 -48
      vertex 25.62679672241211 -24.493484497070312 -46
      vertex 25.62679672241211 -24.493484497070312 -48
    endloop
  endfacet
  facet normal -0.9415467210931772 0.3368824305283478 0
    outer loop
      vertex 25.62679672241211 -24.493484497070312 -46
      vertex 25.570594787597656 -24.650562286376953 -48
      vertex 25.570594787597656 -24.650562286376953 -46
    endloop
  endfacet
  facet normal 0.1467301428590135 -0.9891765591523959 0
    outer loop
      vertex 23.668346405029297 -22.332664489746094 -48
      vertex 23.833370208740234 -22.308185577392578 -46
      vertex 23.668346405029297 -22.332664489746094 -46
    endloop
  endfacet
  facet normal 0.1467301428590135 -0.9891765591523959 0
    outer loop
      vertex 23.833370208740234 -22.308185577392578 -46
      vertex 23.668346405029297 -22.332664489746094 -48
      vertex 23.833370208740234 -22.308185577392578 -48
    endloop
  endfacet
  facet normal -0.7409428611746643 0.6715680728521137 0
    outer loop
      vertex 25.20207977294922 -25.20207977294922 -48
      vertex 25.314117431640625 -25.078468322753906 -46
      vertex 25.314117431640625 -25.078468322753906 -48
    endloop
  endfacet
  facet normal -0.7409428611746643 0.6715680728521137 0
    outer loop
      vertex 25.314117431640625 -25.078468322753906 -46
      vertex 25.20207977294922 -25.20207977294922 -48
      vertex 25.20207977294922 -25.20207977294922 -46
    endloop
  endfacet
  facet normal 0.5956999131635794 0.8032070800589995 0
    outer loop
      vertex 23.055530548095703 -25.413497924804688 -48
      vertex 22.921531677246094 -25.314117431640625 -46
      vertex 23.055530548095703 -25.413497924804688 -46
    endloop
  endfacet
  facet normal 0.5956999131635794 0.8032070800589995 0
    outer loop
      vertex 22.921531677246094 -25.314117431640625 -46
      vertex 23.055530548095703 -25.413497924804688 -48
      vertex 22.921531677246094 -25.314117431640625 -48
    endloop
  endfacet
  facet normal -0.903990728486731 -0.42755205859641177 0
    outer loop
      vertex 25.570594787597656 -23.349437713623047 -48
      vertex 25.499265670776367 -23.198623657226562 -46
      vertex 25.499265670776367 -23.198623657226562 -48
    endloop
  endfacet
  facet normal -0.903990728486731 -0.42755205859641177 0
    outer loop
      vertex 25.499265670776367 -23.198623657226562 -46
      vertex 25.570594787597656 -23.349437713623047 -48
      vertex 25.570594787597656 -23.349437713623047 -46
    endloop
  endfacet
  facet normal -0.9891765591523959 -0.1467301428590135 0
    outer loop
      vertex 25.691814422607422 -23.833370208740234 -48
      vertex 25.667335510253906 -23.668346405029297 -46
      vertex 25.667335510253906 -23.668346405029297 -48
    endloop
  endfacet
  facet normal -0.9891765591523959 -0.1467301428590135 0
    outer loop
      vertex 25.667335510253906 -23.668346405029297 -46
      vertex 25.691814422607422 -23.833370208740234 -48
      vertex 25.691814422607422 -23.833370208740234 -46
    endloop
  endfacet
  facet normal -0.1467301428590135 -0.9891765591523959 0
    outer loop
      vertex 24.166629791259766 -22.308185577392578 -48
      vertex 24.331653594970703 -22.332664489746094 -46
      vertex 24.166629791259766 -22.308185577392578 -46
    endloop
  endfacet
  facet normal -0.1467301428590135 -0.9891765591523959 0
    outer loop
      vertex 24.331653594970703 -22.332664489746094 -46
      vertex 24.166629791259766 -22.308185577392578 -48
      vertex 24.331653594970703 -22.332664489746094 -48
    endloop
  endfacet
  facet normal 0.9039951472689048 -0.4275427156604017 0
    outer loop
      vertex 22.429405212402344 -23.349437713623047 -46
      vertex 22.500732421875 -23.198623657226562 -48
      vertex 22.500732421875 -23.198623657226562 -46
    endloop
  endfacet
  facet normal 0.9039951472689048 -0.4275427156604017 0
    outer loop
      vertex 22.500732421875 -23.198623657226562 -48
      vertex 22.429405212402344 -23.349437713623047 -46
      vertex 22.429405212402344 -23.349437713623047 -48
    endloop
  endfacet
  facet normal -0.3368824305283478 0.9415467210931772 0
    outer loop
      vertex 24.650562286376953 -25.570594787597656 -48
      vertex 24.493484497070312 -25.62679672241211 -46
      vertex 24.650562286376953 -25.570594787597656 -46
    endloop
  endfacet
  facet normal -0.3368824305283478 0.9415467210931772 0
    outer loop
      vertex 24.493484497070312 -25.62679672241211 -46
      vertex 24.650562286376953 -25.570594787597656 -48
      vertex 24.493484497070312 -25.62679672241211 -48
    endloop
  endfacet
  facet normal 0.1467301428590135 0.9891765591523959 0
    outer loop
      vertex 23.833370208740234 -25.691814422607422 -48
      vertex 23.668346405029297 -25.667335510253906 -46
      vertex 23.833370208740234 -25.691814422607422 -46
    endloop
  endfacet
  facet normal 0.1467301428590135 0.9891765591523959 0
    outer loop
      vertex 23.668346405029297 -25.667335510253906 -46
      vertex 23.833370208740234 -25.691814422607422 -48
      vertex 23.668346405029297 -25.667335510253906 -48
    endloop
  endfacet
  facet normal -0.8577288907868005 0.5141022757289105 0
    outer loop
      vertex 25.413497924804688 -24.944469451904297 -48
      vertex 25.499265670776367 -24.801374435424805 -46
      vertex 25.499265670776367 -24.801374435424805 -48
    endloop
  endfacet
  facet normal -0.8577288907868005 0.5141022757289105 0
    outer loop
      vertex 25.499265670776367 -24.801374435424805 -46
      vertex 25.413497924804688 -24.944469451904297 -48
      vertex 25.413497924804688 -24.944469451904297 -46
    endloop
  endfacet
  facet normal -0.6715680728521137 0.7409428611746643 0
    outer loop
      vertex 25.20207977294922 -25.20207977294922 -48
      vertex 25.078468322753906 -25.314117431640625 -46
      vertex 25.20207977294922 -25.20207977294922 -46
    endloop
  endfacet
  facet normal -0.6715680728521137 0.7409428611746643 0
    outer loop
      vertex 25.078468322753906 -25.314117431640625 -46
      vertex 25.20207977294922 -25.20207977294922 -48
      vertex 25.078468322753906 -25.314117431640625 -48
    endloop
  endfacet
  facet normal 0.3368824305283478 0.9415467210931772 0
    outer loop
      vertex 23.506515502929688 -25.62679672241211 -48
      vertex 23.349437713623047 -25.570594787597656 -46
      vertex 23.506515502929688 -25.62679672241211 -46
    endloop
  endfacet
  facet normal 0.3368824305283478 0.9415467210931772 0
    outer loop
      vertex 23.349437713623047 -25.570594787597656 -46
      vertex 23.506515502929688 -25.62679672241211 -48
      vertex 23.349437713623047 -25.570594787597656 -48
    endloop
  endfacet
  facet normal 0.5141157283212192 -0.8577208274798637 0
    outer loop
      vertex 23.055530548095703 -22.586502075195312 -48
      vertex 23.198623657226562 -22.500732421875 -46
      vertex 23.055530548095703 -22.586502075195312 -46
    endloop
  endfacet
  facet normal 0.5141157283212192 -0.8577208274798637 0
    outer loop
      vertex 23.198623657226562 -22.500732421875 -46
      vertex 23.055530548095703 -22.586502075195312 -48
      vertex 23.198623657226562 -22.500732421875 -48
    endloop
  endfacet
  facet normal -0.9700280642755074 0.2429929104272639 0
    outer loop
      vertex 25.62679672241211 -24.493484497070312 -48
      vertex 25.667335510253906 -24.331653594970703 -46
      vertex 25.667335510253906 -24.331653594970703 -48
    endloop
  endfacet
  facet normal -0.9700280642755074 0.2429929104272639 0
    outer loop
      vertex 25.667335510253906 -24.331653594970703 -46
      vertex 25.62679672241211 -24.493484497070312 -48
      vertex 25.62679672241211 -24.493484497070312 -46
    endloop
  endfacet
  facet normal -0.9987953552635227 0.049069728998775666 0
    outer loop
      vertex 25.691814422607422 -24.166629791259766 -48
      vertex 25.700000762939453 -24 -46
      vertex 25.700000762939453 -24 -48
    endloop
  endfacet
  facet normal -0.9987953552635227 0.049069728998775666 0
    outer loop
      vertex 25.700000762939453 -24 -46
      vertex 25.691814422607422 -24.166629791259766 -48
      vertex 25.691814422607422 -24.166629791259766 -46
    endloop
  endfacet
  facet normal -0.5956999131635794 -0.8032070800589995 0
    outer loop
      vertex 24.944469451904297 -22.586502075195312 -48
      vertex 25.078468322753906 -22.685882568359375 -46
      vertex 24.944469451904297 -22.586502075195312 -46
    endloop
  endfacet
  facet normal -0.5956999131635794 -0.8032070800589995 0
    outer loop
      vertex 25.078468322753906 -22.685882568359375 -46
      vertex 24.944469451904297 -22.586502075195312 -48
      vertex 25.078468322753906 -22.685882568359375 -48
    endloop
  endfacet
  facet normal 0.8032070800589995 -0.5956999131635794 0
    outer loop
      vertex 22.586502075195312 -23.055530548095703 -46
      vertex 22.685882568359375 -22.921531677246094 -48
      vertex 22.685882568359375 -22.921531677246094 -46
    endloop
  endfacet
  facet normal 0.8032070800589995 -0.5956999131635794 0
    outer loop
      vertex 22.685882568359375 -22.921531677246094 -48
      vertex 22.586502075195312 -23.055530548095703 -46
      vertex 22.586502075195312 -23.055530548095703 -48
    endloop
  endfacet
  facet normal 0.049069728998775666 -0.9987953552635227 0
    outer loop
      vertex 23.833370208740234 -22.308185577392578 -48
      vertex 24 -22.299999237060547 -46
      vertex 23.833370208740234 -22.308185577392578 -46
    endloop
  endfacet
  facet normal 0.049069728998775666 -0.9987953552635227 0
    outer loop
      vertex 24 -22.299999237060547 -46
      vertex 23.833370208740234 -22.308185577392578 -48
      vertex 24 -22.299999237060547 -48
    endloop
  endfacet
  facet normal -0.9891765591523959 0.1467301428590135 0
    outer loop
      vertex 25.667335510253906 -24.331653594970703 -48
      vertex 25.691814422607422 -24.166629791259766 -46
      vertex 25.691814422607422 -24.166629791259766 -48
    endloop
  endfacet
  facet normal -0.9891765591523959 0.1467301428590135 0
    outer loop
      vertex 25.691814422607422 -24.166629791259766 -46
      vertex 25.667335510253906 -24.331653594970703 -48
      vertex 25.667335510253906 -24.331653594970703 -46
    endloop
  endfacet
  facet normal -0.049069728998775666 -0.9987953552635227 0
    outer loop
      vertex 24 -22.299999237060547 -48
      vertex 24.166629791259766 -22.308185577392578 -46
      vertex 24 -22.299999237060547 -46
    endloop
  endfacet
  facet normal -0.049069728998775666 -0.9987953552635227 0
    outer loop
      vertex 24.166629791259766 -22.308185577392578 -46
      vertex 24 -22.299999237060547 -48
      vertex 24.166629791259766 -22.308185577392578 -48
    endloop
  endfacet
  facet normal -0.8032070800589995 -0.5956999131635794 0
    outer loop
      vertex 25.413497924804688 -23.055530548095703 -48
      vertex 25.314117431640625 -22.921531677246094 -46
      vertex 25.314117431640625 -22.921531677246094 -48
    endloop
  endfacet
  facet normal -0.8032070800589995 -0.5956999131635794 0
    outer loop
      vertex 25.314117431640625 -22.921531677246094 -46
      vertex 25.413497924804688 -23.055530548095703 -48
      vertex 25.413497924804688 -23.055530548095703 -46
    endloop
  endfacet
  facet normal 0.5956999131635794 -0.8032070800589995 0
    outer loop
      vertex 22.921531677246094 -22.685882568359375 -48
      vertex 23.055530548095703 -22.586502075195312 -46
      vertex 22.921531677246094 -22.685882568359375 -46
    endloop
  endfacet
  facet normal 0.5956999131635794 -0.8032070800589995 0
    outer loop
      vertex 23.055530548095703 -22.586502075195312 -46
      vertex 22.921531677246094 -22.685882568359375 -48
      vertex 23.055530548095703 -22.586502075195312 -48
    endloop
  endfacet
  facet normal 0.6715623839469994 0.7409480173854458 0
    outer loop
      vertex 22.921531677246094 -25.314117431640625 -48
      vertex 22.79791831970215 -25.20207977294922 -46
      vertex 22.921531677246094 -25.314117431640625 -46
    endloop
  endfacet
  facet normal 0.6715623839469994 0.7409480173854458 0
    outer loop
      vertex 22.79791831970215 -25.20207977294922 -46
      vertex 22.921531677246094 -25.314117431640625 -48
      vertex 22.79791831970215 -25.20207977294922 -48
    endloop
  endfacet
  facet normal -0.1467301428590135 0.9891765591523959 0
    outer loop
      vertex 24.331653594970703 -25.667335510253906 -48
      vertex 24.166629791259766 -25.691814422607422 -46
      vertex 24.331653594970703 -25.667335510253906 -46
    endloop
  endfacet
  facet normal -0.1467301428590135 0.9891765591523959 0
    outer loop
      vertex 24.166629791259766 -25.691814422607422 -46
      vertex 24.331653594970703 -25.667335510253906 -48
      vertex 24.166629791259766 -25.691814422607422 -48
    endloop
  endfacet
  facet normal 0.42755205859641177 0.903990728486731 0
    outer loop
      vertex 23.349437713623047 -25.570594787597656 -48
      vertex 23.198623657226562 -25.499265670776367 -46
      vertex 23.349437713623047 -25.570594787597656 -46
    endloop
  endfacet
  facet normal 0.42755205859641177 0.903990728486731 0
    outer loop
      vertex 23.198623657226562 -25.499265670776367 -46
      vertex 23.349437713623047 -25.570594787597656 -48
      vertex 23.198623657226562 -25.499265670776367 -48
    endloop
  endfacet
  facet normal 0.9987953552635227 -0.049069728998775666 0
    outer loop
      vertex 22.299999237060547 -24 -46
      vertex 22.308185577392578 -23.833370208740234 -48
      vertex 22.308185577392578 -23.833370208740234 -46
    endloop
  endfacet
  facet normal 0.9987953552635227 -0.049069728998775666 0
    outer loop
      vertex 22.308185577392578 -23.833370208740234 -48
      vertex 22.299999237060547 -24 -46
      vertex 22.299999237060547 -24 -48
    endloop
  endfacet
  facet normal -0.5141106868107811 -0.8577238493285277 0
    outer loop
      vertex 24.801374435424805 -22.500732421875 -48
      vertex 24.944469451904297 -22.586502075195312 -46
      vertex 24.801374435424805 -22.500732421875 -46
    endloop
  endfacet
  facet normal -0.5141106868107811 -0.8577238493285277 0
    outer loop
      vertex 24.944469451904297 -22.586502075195312 -46
      vertex 24.801374435424805 -22.500732421875 -48
      vertex 24.944469451904297 -22.586502075195312 -48
    endloop
  endfacet
  facet normal 0.8577238493285277 0.5141106868107811 0
    outer loop
      vertex 22.586502075195312 -24.944469451904297 -46
      vertex 22.500732421875 -24.801374435424805 -48
      vertex 22.500732421875 -24.801374435424805 -46
    endloop
  endfacet
  facet normal 0.8577238493285277 0.5141106868107811 0
    outer loop
      vertex 22.500732421875 -24.801374435424805 -48
      vertex 22.586502075195312 -24.944469451904297 -46
      vertex 22.586502075195312 -24.944469451904297 -48
    endloop
  endfacet
  facet normal -0.9039886385315444 0.4275564774458279 0
    outer loop
      vertex 25.499265670776367 -24.801374435424805 -48
      vertex 25.570594787597656 -24.650562286376953 -46
      vertex 25.570594787597656 -24.650562286376953 -48
    endloop
  endfacet
  facet normal -0.9039886385315444 0.4275564774458279 0
    outer loop
      vertex 25.570594787597656 -24.650562286376953 -46
      vertex 25.499265670776367 -24.801374435424805 -48
      vertex 25.499265670776367 -24.801374435424805 -46
    endloop
  endfacet
  facet normal -0.33689256587060307 -0.9415430946383291 0
    outer loop
      vertex 24.493484497070312 -22.373201370239258 -48
      vertex 24.650562286376953 -22.429405212402344 -46
      vertex 24.493484497070312 -22.373201370239258 -46
    endloop
  endfacet
  facet normal -0.33689256587060307 -0.9415430946383291 0
    outer loop
      vertex 24.650562286376953 -22.429405212402344 -46
      vertex 24.493484497070312 -22.373201370239258 -48
      vertex 24.650562286376953 -22.429405212402344 -48
    endloop
  endfacet
  facet normal 0.740953706279256 -0.6715561072248796 0
    outer loop
      vertex 22.685882568359375 -22.921531677246094 -46
      vertex 22.79791831970215 -22.79791831970215 -48
      vertex 22.79791831970215 -22.79791831970215 -46
    endloop
  endfacet
  facet normal 0.740953706279256 -0.6715561072248796 0
    outer loop
      vertex 22.79791831970215 -22.79791831970215 -48
      vertex 22.685882568359375 -22.921531677246094 -46
      vertex 22.685882568359375 -22.921531677246094 -48
    endloop
  endfacet
  facet normal -0.2429821526305163 -0.9700307590499594 0
    outer loop
      vertex 24.331653594970703 -22.332664489746094 -48
      vertex 24.493484497070312 -22.373201370239258 -46
      vertex 24.331653594970703 -22.332664489746094 -46
    endloop
  endfacet
  facet normal -0.2429821526305163 -0.9700307590499594 0
    outer loop
      vertex 24.493484497070312 -22.373201370239258 -46
      vertex 24.331653594970703 -22.332664489746094 -48
      vertex 24.493484497070312 -22.373201370239258 -48
    endloop
  endfacet
  facet normal -0.7409480173854458 -0.6715623839469994 0
    outer loop
      vertex 25.314117431640625 -22.921531677246094 -48
      vertex 25.20207977294922 -22.79791831970215 -46
      vertex 25.20207977294922 -22.79791831970215 -48
    endloop
  endfacet
  facet normal -0.7409480173854458 -0.6715623839469994 0
    outer loop
      vertex 25.20207977294922 -22.79791831970215 -46
      vertex 25.314117431640625 -22.921531677246094 -48
      vertex 25.314117431640625 -22.921531677246094 -46
    endloop
  endfacet
  facet normal 0.4275427156604017 -0.9039951472689048 0
    outer loop
      vertex 23.198623657226562 -22.500732421875 -48
      vertex 23.349437713623047 -22.429405212402344 -46
      vertex 23.198623657226562 -22.500732421875 -46
    endloop
  endfacet
  facet normal 0.4275427156604017 -0.9039951472689048 0
    outer loop
      vertex 23.349437713623047 -22.429405212402344 -46
      vertex 23.198623657226562 -22.500732421875 -48
      vertex 23.349437713623047 -22.429405212402344 -48
    endloop
  endfacet
  facet normal -0.5956999131635794 0.8032070800589995 0
    outer loop
      vertex 25.078468322753906 -25.314117431640625 -48
      vertex 24.944469451904297 -25.413497924804688 -46
      vertex 25.078468322753906 -25.314117431640625 -46
    endloop
  endfacet
  facet normal -0.5956999131635794 0.8032070800589995 0
    outer loop
      vertex 24.944469451904297 -25.413497924804688 -46
      vertex 25.078468322753906 -25.314117431640625 -48
      vertex 24.944469451904297 -25.413497924804688 -48
    endloop
  endfacet
  facet normal 0.6715561072248796 -0.740953706279256 0
    outer loop
      vertex 22.79791831970215 -22.79791831970215 -48
      vertex 22.921531677246094 -22.685882568359375 -46
      vertex 22.79791831970215 -22.79791831970215 -46
    endloop
  endfacet
  facet normal 0.6715561072248796 -0.740953706279256 0
    outer loop
      vertex 22.921531677246094 -22.685882568359375 -46
      vertex 22.79791831970215 -22.79791831970215 -48
      vertex 22.921531677246094 -22.685882568359375 -48
    endloop
  endfacet
  facet normal -0.4275471344564557 -0.9039930573948416 0
    outer loop
      vertex 24.650562286376953 -22.429405212402344 -48
      vertex 24.801374435424805 -22.500732421875 -46
      vertex 24.650562286376953 -22.429405212402344 -46
    endloop
  endfacet
  facet normal -0.4275471344564557 -0.9039930573948416 0
    outer loop
      vertex 24.801374435424805 -22.500732421875 -46
      vertex 24.650562286376953 -22.429405212402344 -48
      vertex 24.801374435424805 -22.500732421875 -48
    endloop
  endfacet
  facet normal -0.6715617961641807 -0.7409485501252698 0
    outer loop
      vertex 25.078468322753906 -22.685882568359375 -48
      vertex 25.20207977294922 -22.79791831970215 -46
      vertex 25.078468322753906 -22.685882568359375 -46
    endloop
  endfacet
  facet normal -0.6715617961641807 -0.7409485501252698 0
    outer loop
      vertex 25.20207977294922 -22.79791831970215 -46
      vertex 25.078468322753906 -22.685882568359375 -48
      vertex 25.20207977294922 -22.79791831970215 -48
    endloop
  endfacet
  facet normal -0.4275564774458279 0.9039886385315444 0
    outer loop
      vertex 24.801374435424805 -25.499265670776367 -48
      vertex 24.650562286376953 -25.570594787597656 -46
      vertex 24.801374435424805 -25.499265670776367 -46
    endloop
  endfacet
  facet normal -0.4275564774458279 0.9039886385315444 0
    outer loop
      vertex 24.650562286376953 -25.570594787597656 -46
      vertex 24.801374435424805 -25.499265670776367 -48
      vertex 24.650562286376953 -25.570594787597656 -48
    endloop
  endfacet
  facet normal 0.9700307590499594 -0.2429821526305163 0
    outer loop
      vertex 22.332664489746094 -23.668346405029297 -46
      vertex 22.373201370239258 -23.506515502929688 -48
      vertex 22.373201370239258 -23.506515502929688 -46
    endloop
  endfacet
  facet normal 0.9700307590499594 -0.2429821526305163 0
    outer loop
      vertex 22.373201370239258 -23.506515502929688 -48
      vertex 22.332664489746094 -23.668346405029297 -46
      vertex 22.332664489746094 -23.668346405029297 -48
    endloop
  endfacet
  facet normal 0.2429821526305163 -0.9700307590499594 0
    outer loop
      vertex 23.506515502929688 -22.373201370239258 -48
      vertex 23.668346405029297 -22.332664489746094 -46
      vertex 23.506515502929688 -22.373201370239258 -46
    endloop
  endfacet
  facet normal 0.2429821526305163 -0.9700307590499594 0
    outer loop
      vertex 23.668346405029297 -22.332664489746094 -46
      vertex 23.506515502929688 -22.373201370239258 -48
      vertex 23.668346405029297 -22.332664489746094 -48
    endloop
  endfacet
  facet normal 0.9987953552635227 0.049069728998775666 0
    outer loop
      vertex 22.308185577392578 -24.166629791259766 -46
      vertex 22.299999237060547 -24 -48
      vertex 22.299999237060547 -24 -46
    endloop
  endfacet
  facet normal 0.9987953552635227 0.049069728998775666 0
    outer loop
      vertex 22.299999237060547 -24 -48
      vertex 22.308185577392578 -24.166629791259766 -46
      vertex 22.308185577392578 -24.166629791259766 -48
    endloop
  endfacet
  facet normal 0.9891765591523959 -0.1467301428590135 0
    outer loop
      vertex 22.308185577392578 -23.833370208740234 -46
      vertex 22.332664489746094 -23.668346405029297 -48
      vertex 22.332664489746094 -23.668346405029297 -46
    endloop
  endfacet
  facet normal 0.9891765591523959 -0.1467301428590135 0
    outer loop
      vertex 22.332664489746094 -23.668346405029297 -48
      vertex 22.308185577392578 -23.833370208740234 -46
      vertex 22.308185577392578 -23.833370208740234 -48
    endloop
  endfacet
  facet normal 0.9415430946383291 0.33689256587060307 0
    outer loop
      vertex 22.429405212402344 -24.650562286376953 -46
      vertex 22.373201370239258 -24.493484497070312 -48
      vertex 22.373201370239258 -24.493484497070312 -46
    endloop
  endfacet
  facet normal 0.9415430946383291 0.33689256587060307 0
    outer loop
      vertex 22.373201370239258 -24.493484497070312 -48
      vertex 22.429405212402344 -24.650562286376953 -46
      vertex 22.429405212402344 -24.650562286376953 -48
    endloop
  endfacet
  facet normal 0.9700307590499594 0.2429821526305163 0
    outer loop
      vertex 22.373201370239258 -24.493484497070312 -46
      vertex 22.332664489746094 -24.331653594970703 -48
      vertex 22.332664489746094 -24.331653594970703 -46
    endloop
  endfacet
  facet normal 0.9700307590499594 0.2429821526305163 0
    outer loop
      vertex 22.332664489746094 -24.331653594970703 -48
      vertex 22.373201370239258 -24.493484497070312 -46
      vertex 22.373201370239258 -24.493484497070312 -48
    endloop
  endfacet
  facet normal -0.8577258690192519 -0.5141073172161326 0
    outer loop
      vertex 25.499265670776367 -23.198623657226562 -48
      vertex 25.413497924804688 -23.055530548095703 -46
      vertex 25.413497924804688 -23.055530548095703 -48
    endloop
  endfacet
  facet normal -0.8577258690192519 -0.5141073172161326 0
    outer loop
      vertex 25.413497924804688 -23.055530548095703 -46
      vertex 25.499265670776367 -23.198623657226562 -48
      vertex 25.499265670776367 -23.198623657226562 -46
    endloop
  endfacet
  facet normal 0.9039930573948416 0.4275471344564557 0
    outer loop
      vertex 22.500732421875 -24.801374435424805 -46
      vertex 22.429405212402344 -24.650562286376953 -48
      vertex 22.429405212402344 -24.650562286376953 -46
    endloop
  endfacet
  facet normal 0.9039930573948416 0.4275471344564557 0
    outer loop
      vertex 22.429405212402344 -24.650562286376953 -48
      vertex 22.500732421875 -24.801374435424805 -46
      vertex 22.500732421875 -24.801374435424805 -48
    endloop
  endfacet
  facet normal -0.049069728998775666 0.9987953552635227 0
    outer loop
      vertex 24.166629791259766 -25.691814422607422 -48
      vertex 24 -25.700000762939453 -46
      vertex 24.166629791259766 -25.691814422607422 -46
    endloop
  endfacet
  facet normal -0.049069728998775666 0.9987953552635227 0
    outer loop
      vertex 24 -25.700000762939453 -46
      vertex 24.166629791259766 -25.691814422607422 -48
      vertex 24 -25.700000762939453 -48
    endloop
  endfacet
  facet normal 0.33689256587060307 -0.9415430946383291 0
    outer loop
      vertex 23.349437713623047 -22.429405212402344 -48
      vertex 23.506515502929688 -22.373201370239258 -46
      vertex 23.349437713623047 -22.429405212402344 -46
    endloop
  endfacet
  facet normal 0.33689256587060307 -0.9415430946383291 0
    outer loop
      vertex 23.506515502929688 -22.373201370239258 -46
      vertex 23.349437713623047 -22.429405212402344 -48
      vertex 23.506515502929688 -22.373201370239258 -48
    endloop
  endfacet
  facet normal 0.9415430946383291 -0.33689256587060307 0
    outer loop
      vertex 22.373201370239258 -23.506515502929688 -46
      vertex 22.429405212402344 -23.349437713623047 -48
      vertex 22.429405212402344 -23.349437713623047 -46
    endloop
  endfacet
  facet normal 0.9415430946383291 -0.33689256587060307 0
    outer loop
      vertex 22.429405212402344 -23.349437713623047 -48
      vertex 22.373201370239258 -23.506515502929688 -46
      vertex 22.373201370239258 -23.506515502929688 -48
    endloop
  endfacet
  facet normal 0.5141073172161326 0.8577258690192519 0
    outer loop
      vertex 23.198623657226562 -25.499265670776367 -48
      vertex 23.055530548095703 -25.413497924804688 -46
      vertex 23.198623657226562 -25.499265670776367 -46
    endloop
  endfacet
  facet normal 0.5141073172161326 0.8577258690192519 0
    outer loop
      vertex 23.055530548095703 -25.413497924804688 -46
      vertex 23.198623657226562 -25.499265670776367 -48
      vertex 23.055530548095703 -25.413497924804688 -48
    endloop
  endfacet
  facet normal -0.2429929104272639 0.9700280642755074 0
    outer loop
      vertex 24.493484497070312 -25.62679672241211 -48
      vertex 24.331653594970703 -25.667335510253906 -46
      vertex 24.493484497070312 -25.62679672241211 -46
    endloop
  endfacet
  facet normal -0.2429929104272639 0.9700280642755074 0
    outer loop
      vertex 24.331653594970703 -25.667335510253906 -46
      vertex 24.493484497070312 -25.62679672241211 -48
      vertex 24.331653594970703 -25.667335510253906 -48
    endloop
  endfacet
  facet normal 0.049069728998775666 0.9987953552635227 0
    outer loop
      vertex 24 -25.700000762939453 -48
      vertex 23.833370208740234 -25.691814422607422 -46
      vertex 24 -25.700000762939453 -46
    endloop
  endfacet
  facet normal 0.049069728998775666 0.9987953552635227 0
    outer loop
      vertex 23.833370208740234 -25.691814422607422 -46
      vertex 24 -25.700000762939453 -48
      vertex 23.833370208740234 -25.691814422607422 -48
    endloop
  endfacet
  facet normal 0.8032070800589995 0.5956999131635794 0
    outer loop
      vertex 22.685882568359375 -25.078468322753906 -46
      vertex 22.586502075195312 -24.944469451904297 -48
      vertex 22.586502075195312 -24.944469451904297 -46
    endloop
  endfacet
  facet normal 0.8032070800589995 0.5956999131635794 0
    outer loop
      vertex 22.586502075195312 -24.944469451904297 -48
      vertex 22.685882568359375 -25.078468322753906 -46
      vertex 22.685882568359375 -25.078468322753906 -48
    endloop
  endfacet
  facet normal 0.2429929104272639 0.9700280642755074 0
    outer loop
      vertex 23.668346405029297 -25.667335510253906 -48
      vertex 23.506515502929688 -25.62679672241211 -46
      vertex 23.668346405029297 -25.667335510253906 -46
    endloop
  endfacet
  facet normal 0.2429929104272639 0.9700280642755074 0
    outer loop
      vertex 23.506515502929688 -25.62679672241211 -46
      vertex 23.668346405029297 -25.667335510253906 -48
      vertex 23.506515502929688 -25.62679672241211 -48
    endloop
  endfacet
  facet normal -0.9987953552635227 -0.049069728998775666 0
    outer loop
      vertex 25.700000762939453 24 -48
      vertex 25.691814422607422 24.166629791259766 -46
      vertex 25.691814422607422 24.166629791259766 -48
    endloop
  endfacet
  facet normal -0.9987953552635227 -0.049069728998775666 0
    outer loop
      vertex 25.691814422607422 24.166629791259766 -46
      vertex 25.700000762939453 24 -48
      vertex 25.700000762939453 24 -46
    endloop
  endfacet
  facet normal -0.8577288907868005 -0.5141022757289105 0
    outer loop
      vertex 25.499265670776367 24.801374435424805 -48
      vertex 25.413497924804688 24.944469451904297 -46
      vertex 25.413497924804688 24.944469451904297 -48
    endloop
  endfacet
  facet normal -0.8577288907868005 -0.5141022757289105 0
    outer loop
      vertex 25.413497924804688 24.944469451904297 -46
      vertex 25.499265670776367 24.801374435424805 -48
      vertex 25.499265670776367 24.801374435424805 -46
    endloop
  endfacet
  facet normal -0.3368824305283478 -0.9415467210931772 0
    outer loop
      vertex 24.493484497070312 25.62679672241211 -48
      vertex 24.650562286376953 25.570594787597656 -46
      vertex 24.493484497070312 25.62679672241211 -46
    endloop
  endfacet
  facet normal -0.3368824305283478 -0.9415467210931772 0
    outer loop
      vertex 24.650562286376953 25.570594787597656 -46
      vertex 24.493484497070312 25.62679672241211 -48
      vertex 24.650562286376953 25.570594787597656 -48
    endloop
  endfacet
  facet normal 0.9039930573948416 -0.4275471344564557 0
    outer loop
      vertex 22.429405212402344 24.650562286376953 -46
      vertex 22.500732421875 24.801374435424805 -48
      vertex 22.500732421875 24.801374435424805 -46
    endloop
  endfacet
  facet normal 0.9039930573948416 -0.4275471344564557 0
    outer loop
      vertex 22.500732421875 24.801374435424805 -48
      vertex 22.429405212402344 24.650562286376953 -46
      vertex 22.429405212402344 24.650562286376953 -48
    endloop
  endfacet
  facet normal 0.9415430946383291 -0.33689256587060307 0
    outer loop
      vertex 22.373201370239258 24.493484497070312 -46
      vertex 22.429405212402344 24.650562286376953 -48
      vertex 22.429405212402344 24.650562286376953 -46
    endloop
  endfacet
  facet normal 0.9415430946383291 -0.33689256587060307 0
    outer loop
      vertex 22.429405212402344 24.650562286376953 -48
      vertex 22.373201370239258 24.493484497070312 -46
      vertex 22.373201370239258 24.493484497070312 -48
    endloop
  endfacet
  facet normal 0.9039951472689048 0.4275427156604017 0
    outer loop
      vertex 22.500732421875 23.198623657226562 -46
      vertex 22.429405212402344 23.349437713623047 -48
      vertex 22.429405212402344 23.349437713623047 -46
    endloop
  endfacet
  facet normal 0.9039951472689048 0.4275427156604017 0
    outer loop
      vertex 22.429405212402344 23.349437713623047 -48
      vertex 22.500732421875 23.198623657226562 -46
      vertex 22.500732421875 23.198623657226562 -48
    endloop
  endfacet
  facet normal -0.5141022757289105 -0.8577288907868005 0
    outer loop
      vertex 24.801374435424805 25.499265670776367 -48
      vertex 24.944469451904297 25.413497924804688 -46
      vertex 24.801374435424805 25.499265670776367 -46
    endloop
  endfacet
  facet normal -0.5141022757289105 -0.8577288907868005 0
    outer loop
      vertex 24.944469451904297 25.413497924804688 -46
      vertex 24.801374435424805 25.499265670776367 -48
      vertex 24.944469451904297 25.413497924804688 -48
    endloop
  endfacet
  facet normal 0.9415430946383291 0.33689256587060307 0
    outer loop
      vertex 22.429405212402344 23.349437713623047 -46
      vertex 22.373201370239258 23.506515502929688 -48
      vertex 22.373201370239258 23.506515502929688 -46
    endloop
  endfacet
  facet normal 0.9415430946383291 0.33689256587060307 0
    outer loop
      vertex 22.373201370239258 23.506515502929688 -48
      vertex 22.429405212402344 23.349437713623047 -46
      vertex 22.429405212402344 23.349437713623047 -48
    endloop
  endfacet
  facet normal -0.6715680728521137 -0.7409428611746643 0
    outer loop
      vertex 25.078468322753906 25.314117431640625 -48
      vertex 25.20207977294922 25.20207977294922 -46
      vertex 25.078468322753906 25.314117431640625 -46
    endloop
  endfacet
  facet normal -0.6715680728521137 -0.7409428611746643 0
    outer loop
      vertex 25.20207977294922 25.20207977294922 -46
      vertex 25.078468322753906 25.314117431640625 -48
      vertex 25.20207977294922 25.20207977294922 -48
    endloop
  endfacet
  facet normal -0.9415467210931772 0.3368824305283478 0
    outer loop
      vertex 25.570594787597656 23.349437713623047 -48
      vertex 25.62679672241211 23.506515502929688 -46
      vertex 25.62679672241211 23.506515502929688 -48
    endloop
  endfacet
  facet normal -0.9415467210931772 0.3368824305283478 0
    outer loop
      vertex 25.62679672241211 23.506515502929688 -46
      vertex 25.570594787597656 23.349437713623047 -48
      vertex 25.570594787597656 23.349437713623047 -46
    endloop
  endfacet
  facet normal 0.6715561072248796 0.740953706279256 0
    outer loop
      vertex 22.921531677246094 22.685882568359375 -48
      vertex 22.79791831970215 22.79791831970215 -46
      vertex 22.921531677246094 22.685882568359375 -46
    endloop
  endfacet
  facet normal 0.6715561072248796 0.740953706279256 0
    outer loop
      vertex 22.79791831970215 22.79791831970215 -46
      vertex 22.921531677246094 22.685882568359375 -48
      vertex 22.79791831970215 22.79791831970215 -48
    endloop
  endfacet
  facet normal -0.7409428611746643 -0.6715680728521137 0
    outer loop
      vertex 25.314117431640625 25.078468322753906 -48
      vertex 25.20207977294922 25.20207977294922 -46
      vertex 25.20207977294922 25.20207977294922 -48
    endloop
  endfacet
  facet normal -0.7409428611746643 -0.6715680728521137 0
    outer loop
      vertex 25.20207977294922 25.20207977294922 -46
      vertex 25.314117431640625 25.078468322753906 -48
      vertex 25.314117431640625 25.078468322753906 -46
    endloop
  endfacet
  facet normal 0.049069728998775666 -0.9987953552635227 0
    outer loop
      vertex 23.833370208740234 25.691814422607422 -48
      vertex 24 25.700000762939453 -46
      vertex 23.833370208740234 25.691814422607422 -46
    endloop
  endfacet
  facet normal 0.049069728998775666 -0.9987953552635227 0
    outer loop
      vertex 24 25.700000762939453 -46
      vertex 23.833370208740234 25.691814422607422 -48
      vertex 24 25.700000762939453 -48
    endloop
  endfacet
  facet normal 0.9891765591523959 -0.1467301428590135 0
    outer loop
      vertex 22.308185577392578 24.166629791259766 -46
      vertex 22.332664489746094 24.331653594970703 -48
      vertex 22.332664489746094 24.331653594970703 -46
    endloop
  endfacet
  facet normal 0.9891765591523959 -0.1467301428590135 0
    outer loop
      vertex 22.332664489746094 24.331653594970703 -48
      vertex 22.308185577392578 24.166629791259766 -46
      vertex 22.308185577392578 24.166629791259766 -48
    endloop
  endfacet
  facet normal 0.8577238493285277 -0.5141106868107811 0
    outer loop
      vertex 22.500732421875 24.801374435424805 -46
      vertex 22.586502075195312 24.944469451904297 -48
      vertex 22.586502075195312 24.944469451904297 -46
    endloop
  endfacet
  facet normal 0.8577238493285277 -0.5141106868107811 0
    outer loop
      vertex 22.586502075195312 24.944469451904297 -48
      vertex 22.500732421875 24.801374435424805 -46
      vertex 22.500732421875 24.801374435424805 -48
    endloop
  endfacet
  facet normal -0.1467301428590135 -0.9891765591523959 0
    outer loop
      vertex 24.166629791259766 25.691814422607422 -48
      vertex 24.331653594970703 25.667335510253906 -46
      vertex 24.166629791259766 25.691814422607422 -46
    endloop
  endfacet
  facet normal -0.1467301428590135 -0.9891765591523959 0
    outer loop
      vertex 24.331653594970703 25.667335510253906 -46
      vertex 24.166629791259766 25.691814422607422 -48
      vertex 24.331653594970703 25.667335510253906 -48
    endloop
  endfacet
  facet normal -0.9891765591523959 0.1467301428590135 0
    outer loop
      vertex 25.667335510253906 23.668346405029297 -48
      vertex 25.691814422607422 23.833370208740234 -46
      vertex 25.691814422607422 23.833370208740234 -48
    endloop
  endfacet
  facet normal -0.9891765591523959 0.1467301428590135 0
    outer loop
      vertex 25.691814422607422 23.833370208740234 -46
      vertex 25.667335510253906 23.668346405029297 -48
      vertex 25.667335510253906 23.668346405029297 -46
    endloop
  endfacet
  facet normal 0.9987953552635227 0.049069728998775666 0
    outer loop
      vertex 22.308185577392578 23.833370208740234 -46
      vertex 22.299999237060547 24 -48
      vertex 22.299999237060547 24 -46
    endloop
  endfacet
  facet normal 0.9987953552635227 0.049069728998775666 0
    outer loop
      vertex 22.299999237060547 24 -48
      vertex 22.308185577392578 23.833370208740234 -46
      vertex 22.308185577392578 23.833370208740234 -48
    endloop
  endfacet
  facet normal 0.2429929104272639 -0.9700280642755074 0
    outer loop
      vertex 23.506515502929688 25.62679672241211 -48
      vertex 23.668346405029297 25.667335510253906 -46
      vertex 23.506515502929688 25.62679672241211 -46
    endloop
  endfacet
  facet normal 0.2429929104272639 -0.9700280642755074 0
    outer loop
      vertex 23.668346405029297 25.667335510253906 -46
      vertex 23.506515502929688 25.62679672241211 -48
      vertex 23.668346405029297 25.667335510253906 -48
    endloop
  endfacet
  facet normal -0.2429929104272639 -0.9700280642755074 0
    outer loop
      vertex 24.331653594970703 25.667335510253906 -48
      vertex 24.493484497070312 25.62679672241211 -46
      vertex 24.331653594970703 25.667335510253906 -46
    endloop
  endfacet
  facet normal -0.2429929104272639 -0.9700280642755074 0
    outer loop
      vertex 24.493484497070312 25.62679672241211 -46
      vertex 24.331653594970703 25.667335510253906 -48
      vertex 24.493484497070312 25.62679672241211 -48
    endloop
  endfacet
  facet normal -0.8577258690192519 0.5141073172161326 0
    outer loop
      vertex 25.413497924804688 23.055530548095703 -48
      vertex 25.499265670776367 23.198623657226562 -46
      vertex 25.499265670776367 23.198623657226562 -48
    endloop
  endfacet
  facet normal -0.8577258690192519 0.5141073172161326 0
    outer loop
      vertex 25.499265670776367 23.198623657226562 -46
      vertex 25.413497924804688 23.055530548095703 -48
      vertex 25.413497924804688 23.055530548095703 -46
    endloop
  endfacet
  facet normal -0.1467301428590135 0.9891765591523959 0
    outer loop
      vertex 24.331653594970703 22.332664489746094 -48
      vertex 24.166629791259766 22.308185577392578 -46
      vertex 24.331653594970703 22.332664489746094 -46
    endloop
  endfacet
  facet normal -0.1467301428590135 0.9891765591523959 0
    outer loop
      vertex 24.166629791259766 22.308185577392578 -46
      vertex 24.331653594970703 22.332664489746094 -48
      vertex 24.166629791259766 22.308185577392578 -48
    endloop
  endfacet
  facet normal 0.740953706279256 0.6715561072248796 0
    outer loop
      vertex 22.79791831970215 22.79791831970215 -46
      vertex 22.685882568359375 22.921531677246094 -48
      vertex 22.685882568359375 22.921531677246094 -46
    endloop
  endfacet
  facet normal 0.740953706279256 0.6715561072248796 0
    outer loop
      vertex 22.685882568359375 22.921531677246094 -48
      vertex 22.79791831970215 22.79791831970215 -46
      vertex 22.79791831970215 22.79791831970215 -48
    endloop
  endfacet
  facet normal -0.7409480173854458 0.6715623839469994 0
    outer loop
      vertex 25.20207977294922 22.79791831970215 -48
      vertex 25.314117431640625 22.921531677246094 -46
      vertex 25.314117431640625 22.921531677246094 -48
    endloop
  endfacet
  facet normal -0.7409480173854458 0.6715623839469994 0
    outer loop
      vertex 25.314117431640625 22.921531677246094 -46
      vertex 25.20207977294922 22.79791831970215 -48
      vertex 25.20207977294922 22.79791831970215 -46
    endloop
  endfacet
  facet normal -0.8032070800589995 0.5956999131635794 0
    outer loop
      vertex 25.314117431640625 22.921531677246094 -48
      vertex 25.413497924804688 23.055530548095703 -46
      vertex 25.413497924804688 23.055530548095703 -48
    endloop
  endfacet
  facet normal -0.8032070800589995 0.5956999131635794 0
    outer loop
      vertex 25.413497924804688 23.055530548095703 -46
      vertex 25.314117431640625 22.921531677246094 -48
      vertex 25.314117431640625 22.921531677246094 -46
    endloop
  endfacet
  facet normal -0.903990728486731 0.42755205859641177 0
    outer loop
      vertex 25.499265670776367 23.198623657226562 -48
      vertex 25.570594787597656 23.349437713623047 -46
      vertex 25.570594787597656 23.349437713623047 -48
    endloop
  endfacet
  facet normal -0.903990728486731 0.42755205859641177 0
    outer loop
      vertex 25.570594787597656 23.349437713623047 -46
      vertex 25.499265670776367 23.198623657226562 -48
      vertex 25.499265670776367 23.198623657226562 -46
    endloop
  endfacet
  facet normal -0.9987953552635227 0.049069728998775666 0
    outer loop
      vertex 25.691814422607422 23.833370208740234 -48
      vertex 25.700000762939453 24 -46
      vertex 25.700000762939453 24 -48
    endloop
  endfacet
  facet normal -0.9987953552635227 0.049069728998775666 0
    outer loop
      vertex 25.700000762939453 24 -46
      vertex 25.691814422607422 23.833370208740234 -48
      vertex 25.691814422607422 23.833370208740234 -46
    endloop
  endfacet
  facet normal 0.5956999131635794 -0.8032070800589995 0
    outer loop
      vertex 22.921531677246094 25.314117431640625 -48
      vertex 23.055530548095703 25.413497924804688 -46
      vertex 22.921531677246094 25.314117431640625 -46
    endloop
  endfacet
  facet normal 0.5956999131635794 -0.8032070800589995 0
    outer loop
      vertex 23.055530548095703 25.413497924804688 -46
      vertex 22.921531677246094 25.314117431640625 -48
      vertex 23.055530548095703 25.413497924804688 -48
    endloop
  endfacet
  facet normal 0.049069728998775666 0.9987953552635227 0
    outer loop
      vertex 24 22.299999237060547 -48
      vertex 23.833370208740234 22.308185577392578 -46
      vertex 24 22.299999237060547 -46
    endloop
  endfacet
  facet normal 0.049069728998775666 0.9987953552635227 0
    outer loop
      vertex 23.833370208740234 22.308185577392578 -46
      vertex 24 22.299999237060547 -48
      vertex 23.833370208740234 22.308185577392578 -48
    endloop
  endfacet
  facet normal -0.9700280642755074 0.2429929104272639 0
    outer loop
      vertex 25.62679672241211 23.506515502929688 -48
      vertex 25.667335510253906 23.668346405029297 -46
      vertex 25.667335510253906 23.668346405029297 -48
    endloop
  endfacet
  facet normal -0.9700280642755074 0.2429929104272639 0
    outer loop
      vertex 25.667335510253906 23.668346405029297 -46
      vertex 25.62679672241211 23.506515502929688 -48
      vertex 25.62679672241211 23.506515502929688 -46
    endloop
  endfacet
  facet normal 0.42755205859641177 -0.903990728486731 0
    outer loop
      vertex 23.198623657226562 25.499265670776367 -48
      vertex 23.349437713623047 25.570594787597656 -46
      vertex 23.198623657226562 25.499265670776367 -46
    endloop
  endfacet
  facet normal 0.42755205859641177 -0.903990728486731 0
    outer loop
      vertex 23.349437713623047 25.570594787597656 -46
      vertex 23.198623657226562 25.499265670776367 -48
      vertex 23.349437713623047 25.570594787597656 -48
    endloop
  endfacet
  facet normal 0.8032070800589995 0.5956999131635794 0
    outer loop
      vertex 22.685882568359375 22.921531677246094 -46
      vertex 22.586502075195312 23.055530548095703 -48
      vertex 22.586502075195312 23.055530548095703 -46
    endloop
  endfacet
  facet normal 0.8032070800589995 0.5956999131635794 0
    outer loop
      vertex 22.586502075195312 23.055530548095703 -48
      vertex 22.685882568359375 22.921531677246094 -46
      vertex 22.685882568359375 22.921531677246094 -48
    endloop
  endfacet
  facet normal 0.8032070800589995 -0.5956999131635794 0
    outer loop
      vertex 22.586502075195312 24.944469451904297 -46
      vertex 22.685882568359375 25.078468322753906 -48
      vertex 22.685882568359375 25.078468322753906 -46
    endloop
  endfacet
  facet normal 0.8032070800589995 -0.5956999131635794 0
    outer loop
      vertex 22.685882568359375 25.078468322753906 -48
      vertex 22.586502075195312 24.944469451904297 -46
      vertex 22.586502075195312 24.944469451904297 -48
    endloop
  endfacet
  facet normal -0.6715617961641807 0.7409485501252698 0
    outer loop
      vertex 25.20207977294922 22.79791831970215 -48
      vertex 25.078468322753906 22.685882568359375 -46
      vertex 25.20207977294922 22.79791831970215 -46
    endloop
  endfacet
  facet normal -0.6715617961641807 0.7409485501252698 0
    outer loop
      vertex 25.078468322753906 22.685882568359375 -46
      vertex 25.20207977294922 22.79791831970215 -48
      vertex 25.078468322753906 22.685882568359375 -48
    endloop
  endfacet
  facet normal 0.3368824305283478 -0.9415467210931772 0
    outer loop
      vertex 23.349437713623047 25.570594787597656 -48
      vertex 23.506515502929688 25.62679672241211 -46
      vertex 23.349437713623047 25.570594787597656 -46
    endloop
  endfacet
  facet normal 0.3368824305283478 -0.9415467210931772 0
    outer loop
      vertex 23.506515502929688 25.62679672241211 -46
      vertex 23.349437713623047 25.570594787597656 -48
      vertex 23.506515502929688 25.62679672241211 -48
    endloop
  endfacet
  facet normal -0.049069728998775666 0.9987953552635227 0
    outer loop
      vertex 24.166629791259766 22.308185577392578 -48
      vertex 24 22.299999237060547 -46
      vertex 24.166629791259766 22.308185577392578 -46
    endloop
  endfacet
  facet normal -0.049069728998775666 0.9987953552635227 0
    outer loop
      vertex 24 22.299999237060547 -46
      vertex 24.166629791259766 22.308185577392578 -48
      vertex 24 22.299999237060547 -48
    endloop
  endfacet
  facet normal 0.33689256587060307 0.9415430946383291 0
    outer loop
      vertex 23.506515502929688 22.373201370239258 -48
      vertex 23.349437713623047 22.429405212402344 -46
      vertex 23.506515502929688 22.373201370239258 -46
    endloop
  endfacet
  facet normal 0.33689256587060307 0.9415430946383291 0
    outer loop
      vertex 23.349437713623047 22.429405212402344 -46
      vertex 23.506515502929688 22.373201370239258 -48
      vertex 23.349437713623047 22.429405212402344 -48
    endloop
  endfacet
  facet normal 0.7409485501252698 -0.6715617961641807 0
    outer loop
      vertex 22.685882568359375 25.078468322753906 -46
      vertex 22.79791831970215 25.20207977294922 -48
      vertex 22.79791831970215 25.20207977294922 -46
    endloop
  endfacet
  facet normal 0.7409485501252698 -0.6715617961641807 0
    outer loop
      vertex 22.79791831970215 25.20207977294922 -48
      vertex 22.685882568359375 25.078468322753906 -46
      vertex 22.685882568359375 25.078468322753906 -48
    endloop
  endfacet
  facet normal -0.4275564774458279 -0.9039886385315444 0
    outer loop
      vertex 24.650562286376953 25.570594787597656 -48
      vertex 24.801374435424805 25.499265670776367 -46
      vertex 24.650562286376953 25.570594787597656 -46
    endloop
  endfacet
  facet normal -0.4275564774458279 -0.9039886385315444 0
    outer loop
      vertex 24.801374435424805 25.499265670776367 -46
      vertex 24.650562286376953 25.570594787597656 -48
      vertex 24.801374435424805 25.499265670776367 -48
    endloop
  endfacet
  facet normal -0.9891765591523959 -0.1467301428590135 0
    outer loop
      vertex 25.691814422607422 24.166629791259766 -48
      vertex 25.667335510253906 24.331653594970703 -46
      vertex 25.667335510253906 24.331653594970703 -48
    endloop
  endfacet
  facet normal -0.9891765591523959 -0.1467301428590135 0
    outer loop
      vertex 25.667335510253906 24.331653594970703 -46
      vertex 25.691814422607422 24.166629791259766 -48
      vertex 25.691814422607422 24.166629791259766 -46
    endloop
  endfacet
  facet normal -0.9415467210931772 -0.3368824305283478 0
    outer loop
      vertex 25.62679672241211 24.493484497070312 -48
      vertex 25.570594787597656 24.650562286376953 -46
      vertex 25.570594787597656 24.650562286376953 -48
    endloop
  endfacet
  facet normal -0.9415467210931772 -0.3368824305283478 0
    outer loop
      vertex 25.570594787597656 24.650562286376953 -46
      vertex 25.62679672241211 24.493484497070312 -48
      vertex 25.62679672241211 24.493484497070312 -46
    endloop
  endfacet
  facet normal 0.1467301428590135 -0.9891765591523959 0
    outer loop
      vertex 23.668346405029297 25.667335510253906 -48
      vertex 23.833370208740234 25.691814422607422 -46
      vertex 23.668346405029297 25.667335510253906 -46
    endloop
  endfacet
  facet normal 0.1467301428590135 -0.9891765591523959 0
    outer loop
      vertex 23.833370208740234 25.691814422607422 -46
      vertex 23.668346405029297 25.667335510253906 -48
      vertex 23.833370208740234 25.691814422607422 -48
    endloop
  endfacet
  facet normal 0.4275427156604017 0.9039951472689048 0
    outer loop
      vertex 23.349437713623047 22.429405212402344 -48
      vertex 23.198623657226562 22.500732421875 -46
      vertex 23.349437713623047 22.429405212402344 -46
    endloop
  endfacet
  facet normal 0.4275427156604017 0.9039951472689048 0
    outer loop
      vertex 23.198623657226562 22.500732421875 -46
      vertex 23.349437713623047 22.429405212402344 -48
      vertex 23.198623657226562 22.500732421875 -48
    endloop
  endfacet
  facet normal 0.9891765591523959 0.1467301428590135 0
    outer loop
      vertex 22.332664489746094 23.668346405029297 -46
      vertex 22.308185577392578 23.833370208740234 -48
      vertex 22.308185577392578 23.833370208740234 -46
    endloop
  endfacet
  facet normal 0.9891765591523959 0.1467301428590135 0
    outer loop
      vertex 22.308185577392578 23.833370208740234 -48
      vertex 22.332664489746094 23.668346405029297 -46
      vertex 22.332664489746094 23.668346405029297 -48
    endloop
  endfacet
  facet normal 0.5141073172161326 -0.8577258690192519 0
    outer loop
      vertex 23.055530548095703 25.413497924804688 -48
      vertex 23.198623657226562 25.499265670776367 -46
      vertex 23.055530548095703 25.413497924804688 -46
    endloop
  endfacet
  facet normal 0.5141073172161326 -0.8577258690192519 0
    outer loop
      vertex 23.198623657226562 25.499265670776367 -46
      vertex 23.055530548095703 25.413497924804688 -48
      vertex 23.198623657226562 25.499265670776367 -48
    endloop
  endfacet
  facet normal -0.4275471344564557 0.9039930573948416 0
    outer loop
      vertex 24.801374435424805 22.500732421875 -48
      vertex 24.650562286376953 22.429405212402344 -46
      vertex 24.801374435424805 22.500732421875 -46
    endloop
  endfacet
  facet normal -0.4275471344564557 0.9039930573948416 0
    outer loop
      vertex 24.650562286376953 22.429405212402344 -46
      vertex 24.801374435424805 22.500732421875 -48
      vertex 24.650562286376953 22.429405212402344 -48
    endloop
  endfacet
  facet normal -0.9700280642755074 -0.2429929104272639 0
    outer loop
      vertex 25.667335510253906 24.331653594970703 -48
      vertex 25.62679672241211 24.493484497070312 -46
      vertex 25.62679672241211 24.493484497070312 -48
    endloop
  endfacet
  facet normal -0.9700280642755074 -0.2429929104272639 0
    outer loop
      vertex 25.62679672241211 24.493484497070312 -46
      vertex 25.667335510253906 24.331653594970703 -48
      vertex 25.667335510253906 24.331653594970703 -46
    endloop
  endfacet
  facet normal 0.9987953552635227 -0.049069728998775666 0
    outer loop
      vertex 22.299999237060547 24 -46
      vertex 22.308185577392578 24.166629791259766 -48
      vertex 22.308185577392578 24.166629791259766 -46
    endloop
  endfacet
  facet normal 0.9987953552635227 -0.049069728998775666 0
    outer loop
      vertex 22.308185577392578 24.166629791259766 -48
      vertex 22.299999237060547 24 -46
      vertex 22.299999237060547 24 -48
    endloop
  endfacet
  facet normal -0.2429821526305163 0.9700307590499594 0
    outer loop
      vertex 24.493484497070312 22.373201370239258 -48
      vertex 24.331653594970703 22.332664489746094 -46
      vertex 24.493484497070312 22.373201370239258 -46
    endloop
  endfacet
  facet normal -0.2429821526305163 0.9700307590499594 0
    outer loop
      vertex 24.331653594970703 22.332664489746094 -46
      vertex 24.493484497070312 22.373201370239258 -48
      vertex 24.331653594970703 22.332664489746094 -48
    endloop
  endfacet
  facet normal -0.33689256587060307 0.9415430946383291 0
    outer loop
      vertex 24.650562286376953 22.429405212402344 -48
      vertex 24.493484497070312 22.373201370239258 -46
      vertex 24.650562286376953 22.429405212402344 -46
    endloop
  endfacet
  facet normal -0.33689256587060307 0.9415430946383291 0
    outer loop
      vertex 24.493484497070312 22.373201370239258 -46
      vertex 24.650562286376953 22.429405212402344 -48
      vertex 24.493484497070312 22.373201370239258 -48
    endloop
  endfacet
  facet normal 0.9700307590499594 0.2429821526305163 0
    outer loop
      vertex 22.373201370239258 23.506515502929688 -46
      vertex 22.332664489746094 23.668346405029297 -48
      vertex 22.332664489746094 23.668346405029297 -46
    endloop
  endfacet
  facet normal 0.9700307590499594 0.2429821526305163 0
    outer loop
      vertex 22.332664489746094 23.668346405029297 -48
      vertex 22.373201370239258 23.506515502929688 -46
      vertex 22.373201370239258 23.506515502929688 -48
    endloop
  endfacet
  facet normal -0.5141106868107811 0.8577238493285277 0
    outer loop
      vertex 24.944469451904297 22.586502075195312 -48
      vertex 24.801374435424805 22.500732421875 -46
      vertex 24.944469451904297 22.586502075195312 -46
    endloop
  endfacet
  facet normal -0.5141106868107811 0.8577238493285277 0
    outer loop
      vertex 24.801374435424805 22.500732421875 -46
      vertex 24.944469451904297 22.586502075195312 -48
      vertex 24.801374435424805 22.500732421875 -48
    endloop
  endfacet
  facet normal -0.049069728998775666 -0.9987953552635227 0
    outer loop
      vertex 24 25.700000762939453 -48
      vertex 24.166629791259766 25.691814422607422 -46
      vertex 24 25.700000762939453 -46
    endloop
  endfacet
  facet normal -0.049069728998775666 -0.9987953552635227 0
    outer loop
      vertex 24.166629791259766 25.691814422607422 -46
      vertex 24 25.700000762939453 -48
      vertex 24.166629791259766 25.691814422607422 -48
    endloop
  endfacet
  facet normal -0.9039886385315444 -0.4275564774458279 0
    outer loop
      vertex 25.570594787597656 24.650562286376953 -48
      vertex 25.499265670776367 24.801374435424805 -46
      vertex 25.499265670776367 24.801374435424805 -48
    endloop
  endfacet
  facet normal -0.9039886385315444 -0.4275564774458279 0
    outer loop
      vertex 25.499265670776367 24.801374435424805 -46
      vertex 25.570594787597656 24.650562286376953 -48
      vertex 25.570594787597656 24.650562286376953 -46
    endloop
  endfacet
  facet normal -0.8032070800589995 -0.5956999131635794 0
    outer loop
      vertex 25.413497924804688 24.944469451904297 -48
      vertex 25.314117431640625 25.078468322753906 -46
      vertex 25.314117431640625 25.078468322753906 -48
    endloop
  endfacet
  facet normal -0.8032070800589995 -0.5956999131635794 0
    outer loop
      vertex 25.314117431640625 25.078468322753906 -46
      vertex 25.413497924804688 24.944469451904297 -48
      vertex 25.413497924804688 24.944469451904297 -46
    endloop
  endfacet
  facet normal 0.9700307590499594 -0.2429821526305163 0
    outer loop
      vertex 22.332664489746094 24.331653594970703 -46
      vertex 22.373201370239258 24.493484497070312 -48
      vertex 22.373201370239258 24.493484497070312 -46
    endloop
  endfacet
  facet normal 0.9700307590499594 -0.2429821526305163 0
    outer loop
      vertex 22.373201370239258 24.493484497070312 -48
      vertex 22.332664489746094 24.331653594970703 -46
      vertex 22.332664489746094 24.331653594970703 -48
    endloop
  endfacet
  facet normal 0.2429821526305163 0.9700307590499594 0
    outer loop
      vertex 23.668346405029297 22.332664489746094 -48
      vertex 23.506515502929688 22.373201370239258 -46
      vertex 23.668346405029297 22.332664489746094 -46
    endloop
  endfacet
  facet normal 0.2429821526305163 0.9700307590499594 0
    outer loop
      vertex 23.506515502929688 22.373201370239258 -46
      vertex 23.668346405029297 22.332664489746094 -48
      vertex 23.506515502929688 22.373201370239258 -48
    endloop
  endfacet
  facet normal 0.1467301428590135 0.9891765591523959 0
    outer loop
      vertex 23.833370208740234 22.308185577392578 -48
      vertex 23.668346405029297 22.332664489746094 -46
      vertex 23.833370208740234 22.308185577392578 -46
    endloop
  endfacet
  facet normal 0.1467301428590135 0.9891765591523959 0
    outer loop
      vertex 23.668346405029297 22.332664489746094 -46
      vertex 23.833370208740234 22.308185577392578 -48
      vertex 23.668346405029297 22.332664489746094 -48
    endloop
  endfacet
  facet normal 0.5956999131635794 0.8032070800589995 0
    outer loop
      vertex 23.055530548095703 22.586502075195312 -48
      vertex 22.921531677246094 22.685882568359375 -46
      vertex 23.055530548095703 22.586502075195312 -46
    endloop
  endfacet
  facet normal 0.5956999131635794 0.8032070800589995 0
    outer loop
      vertex 22.921531677246094 22.685882568359375 -46
      vertex 23.055530548095703 22.586502075195312 -48
      vertex 22.921531677246094 22.685882568359375 -48
    endloop
  endfacet
  facet normal 0.5141157283212192 0.8577208274798637 0
    outer loop
      vertex 23.198623657226562 22.500732421875 -48
      vertex 23.055530548095703 22.586502075195312 -46
      vertex 23.198623657226562 22.500732421875 -46
    endloop
  endfacet
  facet normal 0.5141157283212192 0.8577208274798637 0
    outer loop
      vertex 23.055530548095703 22.586502075195312 -46
      vertex 23.198623657226562 22.500732421875 -48
      vertex 23.055530548095703 22.586502075195312 -48
    endloop
  endfacet
  facet normal 0.8577208274798637 0.5141157283212192 0
    outer loop
      vertex 22.586502075195312 23.055530548095703 -46
      vertex 22.500732421875 23.198623657226562 -48
      vertex 22.500732421875 23.198623657226562 -46
    endloop
  endfacet
  facet normal 0.8577208274798637 0.5141157283212192 0
    outer loop
      vertex 22.500732421875 23.198623657226562 -48
      vertex 22.586502075195312 23.055530548095703 -46
      vertex 22.586502075195312 23.055530548095703 -48
    endloop
  endfacet
  facet normal -0.5956999131635794 0.8032070800589995 0
    outer loop
      vertex 25.078468322753906 22.685882568359375 -48
      vertex 24.944469451904297 22.586502075195312 -46
      vertex 25.078468322753906 22.685882568359375 -46
    endloop
  endfacet
  facet normal -0.5956999131635794 0.8032070800589995 0
    outer loop
      vertex 24.944469451904297 22.586502075195312 -46
      vertex 25.078468322753906 22.685882568359375 -48
      vertex 24.944469451904297 22.586502075195312 -48
    endloop
  endfacet
  facet normal 0.6715623839469994 -0.7409480173854458 0
    outer loop
      vertex 22.79791831970215 25.20207977294922 -48
      vertex 22.921531677246094 25.314117431640625 -46
      vertex 22.79791831970215 25.20207977294922 -46
    endloop
  endfacet
  facet normal 0.6715623839469994 -0.7409480173854458 0
    outer loop
      vertex 22.921531677246094 25.314117431640625 -46
      vertex 22.79791831970215 25.20207977294922 -48
      vertex 22.921531677246094 25.314117431640625 -48
    endloop
  endfacet
  facet normal -0.5956999131635794 -0.8032070800589995 0
    outer loop
      vertex 24.944469451904297 25.413497924804688 -48
      vertex 25.078468322753906 25.314117431640625 -46
      vertex 24.944469451904297 25.413497924804688 -46
    endloop
  endfacet
  facet normal -0.5956999131635794 -0.8032070800589995 0
    outer loop
      vertex 25.078468322753906 25.314117431640625 -46
      vertex 24.944469451904297 25.413497924804688 -48
      vertex 25.078468322753906 25.314117431640625 -48
    endloop
  endfacet
  facet normal -0.7071067811865475 0.7071067811865475 0
    outer loop
      vertex -30 24.3431453704834 -48
      vertex -24.3431453704834 30 -46
      vertex -24.3431453704834 30 -48
    endloop
  endfacet
  facet normal -0.7071067811865475 0.7071067811865475 0
    outer loop
      vertex -24.3431453704834 30 -46
      vertex -30 24.3431453704834 -48
      vertex -30 24.3431453704834 -46
    endloop
  endfacet
  facet normal 0 0 -1
    outer loop
      vertex -22.429405212402344 -23.349437713623047 -48
      vertex -17.057357788085938 -21.299999237060547 -48
      vertex -22.373201370239258 -23.506515502929688 -48
    endloop
  endfacet
  facet normal 0 0 -1
    outer loop
      vertex -21.299999237060547 17.057357788085938 -48
      vertex -22.308185577392578 23.833370208740234 -48
      vertex -22.299999237060547 24 -48
    endloop
  endfacet
  facet normal 0 0 -1
    outer loop
      vertex -22.500732421875 -23.198623657226562 -48
      vertex -17.057357788085938 -21.299999237060547 -48
      vertex -22.429405212402344 -23.349437713623047 -48
    endloop
  endfacet
  facet normal 0 0 -1
    outer loop
      vertex -21.299999237060547 17.057357788085938 -48
      vertex -22.332664489746094 23.668346405029297 -48
      vertex -22.308185577392578 23.833370208740234 -48
    endloop
  endfacet
  facet normal 0 0 -1
    outer loop
      vertex -22.586502075195312 -23.055530548095703 -48
      vertex -17.057357788085938 -21.299999237060547 -48
      vertex -22.500732421875 -23.198623657226562 -48
    endloop
  endfacet
  facet normal 0 0 -1
    outer loop
      vertex -21.299999237060547 17.057357788085938 -48
      vertex -22.373201370239258 23.506515502929688 -48
      vertex -22.332664489746094 23.668346405029297 -48
    endloop
  endfacet
  facet normal 0 0 -1
    outer loop
      vertex -22.685882568359375 -22.921531677246094 -48
      vertex -17.057357788085938 -21.299999237060547 -48
      vertex -22.586502075195312 -23.055530548095703 -48
    endloop
  endfacet
  facet normal 0 0 -1
    outer loop
      vertex -21.299999237060547 17.057357788085938 -48
      vertex -22.429405212402344 23.349437713623047 -48
      vertex -22.373201370239258 23.506515502929688 -48
    endloop
  endfacet
  facet normal 0 0 -1
    outer loop
      vertex -22.79791831970215 -22.79791831970215 -48
      vertex -17.057357788085938 -21.299999237060547 -48
      vertex -22.685882568359375 -22.921531677246094 -48
    endloop
  endfacet
  facet normal 0 0 -1
    outer loop
      vertex -21.299999237060547 17.057357788085938 -48
      vertex -22.500732421875 23.198623657226562 -48
      vertex -22.429405212402344 23.349437713623047 -48
    endloop
  endfacet
  facet normal 0 0 -1
    outer loop
      vertex -17.057357788085938 -21.299999237060547 -48
      vertex -22.79791831970215 -22.79791831970215 -48
      vertex -21.299999237060547 -17.057357788085938 -48
    endloop
  endfacet
  facet normal 0 0 -1
    outer loop
      vertex -21.299999237060547 17.057357788085938 -48
      vertex -22.586502075195312 23.055530548095703 -48
      vertex -22.500732421875 23.198623657226562 -48
    endloop
  endfacet
  facet normal 0 0 -1
    outer loop
      vertex -22.921531677246094 -22.685882568359375 -48
      vertex -21.299999237060547 -17.057357788085938 -48
      vertex -22.79791831970215 -22.79791831970215 -48
    endloop
  endfacet
  facet normal 0 0 -1
    outer loop
      vertex -21.299999237060547 17.057357788085938 -48
      vertex -22.685882568359375 22.921531677246094 -48
      vertex -22.586502075195312 23.055530548095703 -48
    endloop
  endfacet
  facet normal 0 0 -1
    outer loop
      vertex -23.055530548095703 -22.586502075195312 -48
      vertex -21.299999237060547 -17.057357788085938 -48
      vertex -22.921531677246094 -22.685882568359375 -48
    endloop
  endfacet
  facet normal 0 0 -1
    outer loop
      vertex -21.299999237060547 17.057357788085938 -48
      vertex -22.79791831970215 22.79791831970215 -48
      vertex -22.685882568359375 22.921531677246094 -48
    endloop
  endfacet
  facet normal 0 0 -1
    outer loop
      vertex -23.198623657226562 -22.500732421875 -48
      vertex -21.299999237060547 -17.057357788085938 -48
      vertex -23.055530548095703 -22.586502075195312 -48
    endloop
  endfacet
  facet normal 0 0 -1
    outer loop
      vertex -21.299999237060547 17.057357788085938 -48
      vertex -22.921531677246094 22.685882568359375 -48
      vertex -22.79791831970215 22.79791831970215 -48
    endloop
  endfacet
  facet normal 0 0 -1
    outer loop
      vertex -23.349437713623047 -22.429405212402344 -48
      vertex -21.299999237060547 -17.057357788085938 -48
      vertex -23.198623657226562 -22.500732421875 -48
    endloop
  endfacet
  facet normal 0 0 -1
    outer loop
      vertex -21.299999237060547 17.057357788085938 -48
      vertex -23.055530548095703 22.586502075195312 -48
      vertex -22.921531677246094 22.685882568359375 -48
    endloop
  endfacet
  facet normal 0 0 -1
    outer loop
      vertex -23.506515502929688 -22.373201370239258 -48
      vertex -21.299999237060547 -17.057357788085938 -48
      vertex -23.349437713623047 -22.429405212402344 -48
    endloop
  endfacet
  facet normal 0 0 -1
    outer loop
      vertex -21.299999237060547 17.057357788085938 -48
      vertex -23.198623657226562 22.500732421875 -48
      vertex -23.055530548095703 22.586502075195312 -48
    endloop
  endfacet
  facet normal 0 0 -1
    outer loop
      vertex -23.668346405029297 -22.332664489746094 -48
      vertex -21.299999237060547 -17.057357788085938 -48
      vertex -23.506515502929688 -22.373201370239258 -48
    endloop
  endfacet
  facet normal 0 0 -1
    outer loop
      vertex -21.299999237060547 17.057357788085938 -48
      vertex -23.349437713623047 22.429405212402344 -48
      vertex -23.198623657226562 22.500732421875 -48
    endloop
  endfacet
  facet normal 0 0 -1
    outer loop
      vertex -23.833370208740234 -22.308185577392578 -48
      vertex -21.299999237060547 -17.057357788085938 -48
      vertex -23.668346405029297 -22.332664489746094 -48
    endloop
  endfacet
  facet normal 0 0 -1
    outer loop
      vertex -21.299999237060547 17.057357788085938 -48
      vertex -23.506515502929688 22.373201370239258 -48
      vertex -23.349437713623047 22.429405212402344 -48
    endloop
  endfacet
  facet normal 0 0 -1
    outer loop
      vertex -24 -22.299999237060547 -48
      vertex -21.299999237060547 -17.057357788085938 -48
      vertex -23.833370208740234 -22.308185577392578 -48
    endloop
  endfacet
  facet normal 0 0 -1
    outer loop
      vertex -21.299999237060547 17.057357788085938 -48
      vertex -23.668346405029297 22.332664489746094 -48
      vertex -23.506515502929688 22.373201370239258 -48
    endloop
  endfacet
  facet normal 0 0 -1
    outer loop
      vertex -24.166629791259766 -22.308185577392578 -48
      vertex -21.299999237060547 -17.057357788085938 -48
      vertex -24 -22.299999237060547 -48
    endloop
  endfacet
  facet normal 0 0 -1
    outer loop
      vertex -21.299999237060547 17.057357788085938 -48
      vertex -23.833370208740234 22.308185577392578 -48
      vertex -23.668346405029297 22.332664489746094 -48
    endloop
  endfacet
  facet normal 0 0 -1
    outer loop
      vertex -24.331653594970703 -22.332664489746094 -48
      vertex -21.299999237060547 -17.057357788085938 -48
      vertex -24.166629791259766 -22.308185577392578 -48
    endloop
  endfacet
  facet normal 0 0 -1
    outer loop
      vertex -21.299999237060547 17.057357788085938 -48
      vertex -24 22.299999237060547 -48
      vertex -23.833370208740234 22.308185577392578 -48
    endloop
  endfacet
  facet normal 0 0 -1
    outer loop
      vertex -24.493484497070312 -22.373201370239258 -48
      vertex -21.299999237060547 -17.057357788085938 -48
      vertex -24.331653594970703 -22.332664489746094 -48
    endloop
  endfacet
  facet normal 0 0 -1
    outer loop
      vertex -21.299999237060547 17.057357788085938 -48
      vertex -24.166629791259766 22.308185577392578 -48
      vertex -24 22.299999237060547 -48
    endloop
  endfacet
  facet normal 0 0 -1
    outer loop
      vertex -24.650562286376953 -22.429405212402344 -48
      vertex -21.299999237060547 -17.057357788085938 -48
      vertex -24.493484497070312 -22.373201370239258 -48
    endloop
  endfacet
  facet normal 0 0 -1
    outer loop
      vertex -21.299999237060547 17.057357788085938 -48
      vertex -24.331653594970703 22.332664489746094 -48
      vertex -24.166629791259766 22.308185577392578 -48
    endloop
  endfacet
  facet normal 0 0 -1
    outer loop
      vertex -24.801374435424805 -22.500732421875 -48
      vertex -21.299999237060547 -17.057357788085938 -48
      vertex -24.650562286376953 -22.429405212402344 -48
    endloop
  endfacet
  facet normal 0 0 -1
    outer loop
      vertex -21.299999237060547 17.057357788085938 -48
      vertex -24.493484497070312 22.373201370239258 -48
      vertex -24.331653594970703 22.332664489746094 -48
    endloop
  endfacet
  facet normal 0 0 -1
    outer loop
      vertex -24.944469451904297 -22.586502075195312 -48
      vertex -21.299999237060547 -17.057357788085938 -48
      vertex -24.801374435424805 -22.500732421875 -48
    endloop
  endfacet
  facet normal 0 0 -1
    outer loop
      vertex -21.299999237060547 17.057357788085938 -48
      vertex -24.650562286376953 22.429405212402344 -48
      vertex -24.493484497070312 22.373201370239258 -48
    endloop
  endfacet
  facet normal 0 0 -1
    outer loop
      vertex -21.299999237060547 -17.057357788085938 -48
      vertex -30 -24.3431453704834 -48
      vertex -21.299999237060547 17.057357788085938 -48
    endloop
  endfacet
  facet normal 0 0 -1
    outer loop
      vertex -21.299999237060547 17.057357788085938 -48
      vertex -24.801374435424805 22.500732421875 -48
      vertex -24.650562286376953 22.429405212402344 -48
    endloop
  endfacet
  facet normal 0 0 -1
    outer loop
      vertex -21.299999237060547 -17.057357788085938 -48
      vertex -24.944469451904297 -22.586502075195312 -48
      vertex -30 -24.3431453704834 -48
    endloop
  endfacet
  facet normal 0 0 -1
    outer loop
      vertex -30 24.3431453704834 -48
      vertex -21.299999237060547 17.057357788085938 -48
      vertex -30 -24.3431453704834 -48
    endloop
  endfacet
  facet normal 0 0 -1
    outer loop
      vertex -30 -24.3431453704834 -48
      vertex -24.944469451904297 -22.586502075195312 -48
      vertex -25.078468322753906 -22.685882568359375 -48
    endloop
  endfacet
  facet normal 0 0 -1
    outer loop
      vertex -24.944469451904297 22.586502075195312 -48
      vertex -21.299999237060547 17.057357788085938 -48
      vertex -30 24.3431453704834 -48
    endloop
  endfacet
  facet normal 0 0 -1
    outer loop
      vertex -30 -24.3431453704834 -48
      vertex -25.078468322753906 -22.685882568359375 -48
      vertex -25.20207977294922 -22.79791831970215 -48
    endloop
  endfacet
  facet normal 0 0 -1
    outer loop
      vertex -21.299999237060547 17.057357788085938 -48
      vertex -24.944469451904297 22.586502075195312 -48
      vertex -24.801374435424805 22.500732421875 -48
    endloop
  endfacet
  facet normal 0 0 -1
    outer loop
      vertex -30 -24.3431453704834 -48
      vertex -25.20207977294922 -22.79791831970215 -48
      vertex -25.314117431640625 -22.921531677246094 -48
    endloop
  endfacet
  facet normal 0 0 -1
    outer loop
      vertex -24.944469451904297 22.586502075195312 -48
      vertex -30 24.3431453704834 -48
      vertex -25.078468322753906 22.685882568359375 -48
    endloop
  endfacet
  facet normal 0 0 -1
    outer loop
      vertex -30 -24.3431453704834 -48
      vertex -25.314117431640625 -22.921531677246094 -48
      vertex -25.413497924804688 -23.055530548095703 -48
    endloop
  endfacet
  facet normal 0 0 -1
    outer loop
      vertex -25.078468322753906 22.685882568359375 -48
      vertex -30 24.3431453704834 -48
      vertex -25.20207977294922 22.79791831970215 -48
    endloop
  endfacet
  facet normal 0 0 -1
    outer loop
      vertex -30 -24.3431453704834 -48
      vertex -25.413497924804688 -23.055530548095703 -48
      vertex -25.499265670776367 -23.198623657226562 -48
    endloop
  endfacet
  facet normal 0 0 -1
    outer loop
      vertex -25.20207977294922 22.79791831970215 -48
      vertex -30 24.3431453704834 -48
      vertex -25.314117431640625 22.921531677246094 -48
    endloop
  endfacet
  facet normal 0 0 -1
    outer loop
      vertex -30 -24.3431453704834 -48
      vertex -25.499265670776367 -23.198623657226562 -48
      vertex -25.570594787597656 -23.349437713623047 -48
    endloop
  endfacet
  facet normal 0 0 -1
    outer loop
      vertex -25.314117431640625 22.921531677246094 -48
      vertex -30 24.3431453704834 -48
      vertex -25.413497924804688 23.055530548095703 -48
    endloop
  endfacet
  facet normal 0 0 -1
    outer loop
      vertex -30 -24.3431453704834 -48
      vertex -25.570594787597656 -23.349437713623047 -48
      vertex -25.62679672241211 -23.506515502929688 -48
    endloop
  endfacet
  facet normal 0 0 -1
    outer loop
      vertex -25.413497924804688 23.055530548095703 -48
      vertex -30 24.3431453704834 -48
      vertex -25.499265670776367 23.198623657226562 -48
    endloop
  endfacet
  facet normal 0 0 -1
    outer loop
      vertex -30 -24.3431453704834 -48
      vertex -25.62679672241211 -23.506515502929688 -48
      vertex -25.667335510253906 -23.668346405029297 -48
    endloop
  endfacet
  facet normal 0 0 -1
    outer loop
      vertex -25.499265670776367 23.198623657226562 -48
      vertex -30 24.3431453704834 -48
      vertex -25.570594787597656 23.349437713623047 -48
    endloop
  endfacet
  facet normal 0 0 -1
    outer loop
      vertex -30 -24.3431453704834 -48
      vertex -25.667335510253906 -23.668346405029297 -48
      vertex -25.691814422607422 -23.833370208740234 -48
    endloop
  endfacet
  facet normal 0 0 -1
    outer loop
      vertex -25.570594787597656 23.349437713623047 -48
      vertex -30 24.3431453704834 -48
      vertex -25.62679672241211 23.506515502929688 -48
    endloop
  endfacet
  facet normal 0 0 -1
    outer loop
      vertex -30 -24.3431453704834 -48
      vertex -25.691814422607422 -23.833370208740234 -48
      vertex -25.700000762939453 -24 -48
    endloop
  endfacet
  facet normal 0 0 -1
    outer loop
      vertex -25.62679672241211 23.506515502929688 -48
      vertex -30 24.3431453704834 -48
      vertex -25.667335510253906 23.668346405029297 -48
    endloop
  endfacet
  facet normal 0 0 -1
    outer loop
      vertex 25.62679672241211 -23.506515502929688 -48
      vertex 30 -24.3431453704834 -48
      vertex 25.667335510253906 -23.668346405029297 -48
    endloop
  endfacet
  facet normal 0 0 -1
    outer loop
      vertex 30 24.3431453704834 -48
      vertex 25.691814422607422 23.833370208740234 -48
      vertex 25.700000762939453 24 -48
    endloop
  endfacet
  facet normal 0 0 -1
    outer loop
      vertex 25.570594787597656 -23.349437713623047 -48
      vertex 30 -24.3431453704834 -48
      vertex 25.62679672241211 -23.506515502929688 -48
    endloop
  endfacet
  facet normal 0 0 -1
    outer loop
      vertex 30 24.3431453704834 -48
      vertex 25.667335510253906 23.668346405029297 -48
      vertex 25.691814422607422 23.833370208740234 -48
    endloop
  endfacet
  facet normal 0 0 -1
    outer loop
      vertex 25.499265670776367 -23.198623657226562 -48
      vertex 30 -24.3431453704834 -48
      vertex 25.570594787597656 -23.349437713623047 -48
    endloop
  endfacet
  facet normal 0 0 -1
    outer loop
      vertex 30 24.3431453704834 -48
      vertex 25.62679672241211 23.506515502929688 -48
      vertex 25.667335510253906 23.668346405029297 -48
    endloop
  endfacet
  facet normal 0 0 -1
    outer loop
      vertex 25.413497924804688 -23.055530548095703 -48
      vertex 30 -24.3431453704834 -48
      vertex 25.499265670776367 -23.198623657226562 -48
    endloop
  endfacet
  facet normal 0 0 -1
    outer loop
      vertex 30 24.3431453704834 -48
      vertex 25.570594787597656 23.349437713623047 -48
      vertex 25.62679672241211 23.506515502929688 -48
    endloop
  endfacet
  facet normal 0 0 -1
    outer loop
      vertex 25.314117431640625 -22.921531677246094 -48
      vertex 30 -24.3431453704834 -48
      vertex 25.413497924804688 -23.055530548095703 -48
    endloop
  endfacet
  facet normal 0 0 -1
    outer loop
      vertex 30 24.3431453704834 -48
      vertex 25.499265670776367 23.198623657226562 -48
      vertex 25.570594787597656 23.349437713623047 -48
    endloop
  endfacet
  facet normal 0 0 -1
    outer loop
      vertex 25.20207977294922 -22.79791831970215 -48
      vertex 30 -24.3431453704834 -48
      vertex 25.314117431640625 -22.921531677246094 -48
    endloop
  endfacet
  facet normal 0 0 -1
    outer loop
      vertex 30 24.3431453704834 -48
      vertex 25.413497924804688 23.055530548095703 -48
      vertex 25.499265670776367 23.198623657226562 -48
    endloop
  endfacet
  facet normal 0 0 -1
    outer loop
      vertex 30 -24.3431453704834 -48
      vertex 21.299999237060547 -17.057357788085938 -48
      vertex 30 24.3431453704834 -48
    endloop
  endfacet
  facet normal 0 0 -1
    outer loop
      vertex 30 24.3431453704834 -48
      vertex 25.314117431640625 22.921531677246094 -48
      vertex 25.413497924804688 23.055530548095703 -48
    endloop
  endfacet
  facet normal 0 0 -1
    outer loop
      vertex 25.078468322753906 -22.685882568359375 -48
      vertex 30 -24.3431453704834 -48
      vertex 25.20207977294922 -22.79791831970215 -48
    endloop
  endfacet
  facet normal 0 0 -1
    outer loop
      vertex 21.299999237060547 17.057357788085938 -48
      vertex 30 24.3431453704834 -48
      vertex 21.299999237060547 -17.057357788085938 -48
    endloop
  endfacet
  facet normal 0 0 -1
    outer loop
      vertex 24.944469451904297 -22.586502075195312 -48
      vertex 30 -24.3431453704834 -48
      vertex 25.078468322753906 -22.685882568359375 -48
    endloop
  endfacet
  facet normal 0 0 -1
    outer loop
      vertex 24.944469451904297 22.586502075195312 -48
      vertex 30 24.3431453704834 -48
      vertex 21.299999237060547 17.057357788085938 -48
    endloop
  endfacet
  facet normal 0 0 -1
    outer loop
      vertex 30 -24.3431453704834 -48
      vertex 24.944469451904297 -22.586502075195312 -48
      vertex 21.299999237060547 -17.057357788085938 -48
    endloop
  endfacet
  facet normal 0 0 -1
    outer loop
      vertex 30 24.3431453704834 -48
      vertex 25.20207977294922 22.79791831970215 -48
      vertex 25.314117431640625 22.921531677246094 -48
    endloop
  endfacet
  facet normal 0 0 -1
    outer loop
      vertex 21.299999237060547 -17.057357788085938 -48
      vertex 24.944469451904297 -22.586502075195312 -48
      vertex 24.801374435424805 -22.500732421875 -48
    endloop
  endfacet
  facet normal 0 0 -1
    outer loop
      vertex 30 24.3431453704834 -48
      vertex 25.078468322753906 22.685882568359375 -48
      vertex 25.20207977294922 22.79791831970215 -48
    endloop
  endfacet
  facet normal 0 0 -1
    outer loop
      vertex 21.299999237060547 -17.057357788085938 -48
      vertex 24.801374435424805 -22.500732421875 -48
      vertex 24.650562286376953 -22.429405212402344 -48
    endloop
  endfacet
  facet normal 0 0 -1
    outer loop
      vertex 30 24.3431453704834 -48
      vertex 24.944469451904297 22.586502075195312 -48
      vertex 25.078468322753906 22.685882568359375 -48
    endloop
  endfacet
  facet normal 0 0 -1
    outer loop
      vertex 21.299999237060547 -17.057357788085938 -48
      vertex 24.650562286376953 -22.429405212402344 -48
      vertex 24.493484497070312 -22.373201370239258 -48
    endloop
  endfacet
  facet normal 0 0 -1
    outer loop
      vertex 24.944469451904297 22.586502075195312 -48
      vertex 21.299999237060547 17.057357788085938 -48
      vertex 24.801374435424805 22.500732421875 -48
    endloop
  endfacet
  facet normal 0 0 -1
    outer loop
      vertex 21.299999237060547 -17.057357788085938 -48
      vertex 24.493484497070312 -22.373201370239258 -48
      vertex 24.331653594970703 -22.332664489746094 -48
    endloop
  endfacet
  facet normal 0 0 -1
    outer loop
      vertex 24.801374435424805 22.500732421875 -48
      vertex 21.299999237060547 17.057357788085938 -48
      vertex 24.650562286376953 22.429405212402344 -48
    endloop
  endfacet
  facet normal 0 0 -1
    outer loop
      vertex 21.299999237060547 -17.057357788085938 -48
      vertex 24.331653594970703 -22.332664489746094 -48
      vertex 24.166629791259766 -22.308185577392578 -48
    endloop
  endfacet
  facet normal 0 0 -1
    outer loop
      vertex 24.650562286376953 22.429405212402344 -48
      vertex 21.299999237060547 17.057357788085938 -48
      vertex 24.493484497070312 22.373201370239258 -48
    endloop
  endfacet
  facet normal 0 0 -1
    outer loop
      vertex 21.299999237060547 -17.057357788085938 -48
      vertex 24.166629791259766 -22.308185577392578 -48
      vertex 24 -22.299999237060547 -48
    endloop
  endfacet
  facet normal 0 0 -1
    outer loop
      vertex 24.493484497070312 22.373201370239258 -48
      vertex 21.299999237060547 17.057357788085938 -48
      vertex 24.331653594970703 22.332664489746094 -48
    endloop
  endfacet
  facet normal 0 0 -1
    outer loop
      vertex 21.299999237060547 -17.057357788085938 -48
      vertex 24 -22.299999237060547 -48
      vertex 23.833370208740234 -22.308185577392578 -48
    endloop
  endfacet
  facet normal 0 0 -1
    outer loop
      vertex 24.331653594970703 22.332664489746094 -48
      vertex 21.299999237060547 17.057357788085938 -48
      vertex 24.166629791259766 22.308185577392578 -48
    endloop
  endfacet
  facet normal 0 0 -1
    outer loop
      vertex 21.299999237060547 -17.057357788085938 -48
      vertex 23.833370208740234 -22.308185577392578 -48
      vertex 23.668346405029297 -22.332664489746094 -48
    endloop
  endfacet
  facet normal 0 0 -1
    outer loop
      vertex 24.166629791259766 22.308185577392578 -48
      vertex 21.299999237060547 17.057357788085938 -48
      vertex 24 22.299999237060547 -48
    endloop
  endfacet
  facet normal 0 0 -1
    outer loop
      vertex 21.299999237060547 -17.057357788085938 -48
      vertex 23.668346405029297 -22.332664489746094 -48
      vertex 23.506515502929688 -22.373201370239258 -48
    endloop
  endfacet
  facet normal 0 0 -1
    outer loop
      vertex 24 22.299999237060547 -48
      vertex 21.299999237060547 17.057357788085938 -48
      vertex 23.833370208740234 22.308185577392578 -48
    endloop
  endfacet
  facet normal 0 0 -1
    outer loop
      vertex 21.299999237060547 -17.057357788085938 -48
      vertex 23.506515502929688 -22.373201370239258 -48
      vertex 23.349437713623047 -22.429405212402344 -48
    endloop
  endfacet
  facet normal 0 0 -1
    outer loop
      vertex 23.833370208740234 22.308185577392578 -48
      vertex 21.299999237060547 17.057357788085938 -48
      vertex 23.668346405029297 22.332664489746094 -48
    endloop
  endfacet
  facet normal 0 0 -1
    outer loop
      vertex 21.299999237060547 -17.057357788085938 -48
      vertex 23.349437713623047 -22.429405212402344 -48
      vertex 23.198623657226562 -22.500732421875 -48
    endloop
  endfacet
  facet normal 0 0 -1
    outer loop
      vertex 23.668346405029297 22.332664489746094 -48
      vertex 21.299999237060547 17.057357788085938 -48
      vertex 23.506515502929688 22.373201370239258 -48
    endloop
  endfacet
  facet normal 0 0 -1
    outer loop
      vertex 21.299999237060547 -17.057357788085938 -48
      vertex 23.198623657226562 -22.500732421875 -48
      vertex 23.055530548095703 -22.586502075195312 -48
    endloop
  endfacet
  facet normal 0 0 -1
    outer loop
      vertex 23.506515502929688 22.373201370239258 -48
      vertex 21.299999237060547 17.057357788085938 -48
      vertex 23.349437713623047 22.429405212402344 -48
    endloop
  endfacet
  facet normal 0 0 -1
    outer loop
      vertex 21.299999237060547 -17.057357788085938 -48
      vertex 23.055530548095703 -22.586502075195312 -48
      vertex 22.921531677246094 -22.685882568359375 -48
    endloop
  endfacet
  facet normal 0 0 -1
    outer loop
      vertex 23.349437713623047 22.429405212402344 -48
      vertex 21.299999237060547 17.057357788085938 -48
      vertex 23.198623657226562 22.500732421875 -48
    endloop
  endfacet
  facet normal 0 0 -1
    outer loop
      vertex 21.299999237060547 -17.057357788085938 -48
      vertex 22.921531677246094 -22.685882568359375 -48
      vertex 22.79791831970215 -22.79791831970215 -48
    endloop
  endfacet
  facet normal 0 0 -1
    outer loop
      vertex 23.198623657226562 22.500732421875 -48
      vertex 21.299999237060547 17.057357788085938 -48
      vertex 23.055530548095703 22.586502075195312 -48
    endloop
  endfacet
  facet normal 0 0 -1
    outer loop
      vertex 17.057357788085938 -21.299999237060547 -48
      vertex 22.79791831970215 -22.79791831970215 -48
      vertex 22.685882568359375 -22.921531677246094 -48
    endloop
  endfacet
  facet normal 0 0 -1
    outer loop
      vertex 23.055530548095703 22.586502075195312 -48
      vertex 21.299999237060547 17.057357788085938 -48
      vertex 22.921531677246094 22.685882568359375 -48
    endloop
  endfacet
  facet normal 0 0 -1
    outer loop
      vertex 17.057357788085938 -21.299999237060547 -48
      vertex 22.685882568359375 -22.921531677246094 -48
      vertex 22.586502075195312 -23.055530548095703 -48
    endloop
  endfacet
  facet normal 0 0 -1
    outer loop
      vertex 22.921531677246094 22.685882568359375 -48
      vertex 21.299999237060547 17.057357788085938 -48
      vertex 22.79791831970215 22.79791831970215 -48
    endloop
  endfacet
  facet normal 0 0 -1
    outer loop
      vertex 17.057357788085938 -21.299999237060547 -48
      vertex 22.586502075195312 -23.055530548095703 -48
      vertex 22.500732421875 -23.198623657226562 -48
    endloop
  endfacet
  facet normal 0 0 -1
    outer loop
      vertex 17.057357788085938 21.299999237060547 -48
      vertex 22.79791831970215 22.79791831970215 -48
      vertex 21.299999237060547 17.057357788085938 -48
    endloop
  endfacet
  facet normal 0 0 -1
    outer loop
      vertex 17.057357788085938 -21.299999237060547 -48
      vertex 22.500732421875 -23.198623657226562 -48
      vertex 22.429405212402344 -23.349437713623047 -48
    endloop
  endfacet
  facet normal 0 0 -1
    outer loop
      vertex 22.79791831970215 22.79791831970215 -48
      vertex 17.057357788085938 21.299999237060547 -48
      vertex 22.685882568359375 22.921531677246094 -48
    endloop
  endfacet
  facet normal 0 0 -1
    outer loop
      vertex 17.057357788085938 -21.299999237060547 -48
      vertex 22.429405212402344 -23.349437713623047 -48
      vertex 22.373201370239258 -23.506515502929688 -48
    endloop
  endfacet
  facet normal 0 0 -1
    outer loop
      vertex 22.685882568359375 22.921531677246094 -48
      vertex 17.057357788085938 21.299999237060547 -48
      vertex 22.586502075195312 23.055530548095703 -48
    endloop
  endfacet
  facet normal 0 0 -1
    outer loop
      vertex 17.057357788085938 -21.299999237060547 -48
      vertex 22.373201370239258 -23.506515502929688 -48
      vertex 22.332664489746094 -23.668346405029297 -48
    endloop
  endfacet
  facet normal 0 0 -1
    outer loop
      vertex 22.586502075195312 23.055530548095703 -48
      vertex 17.057357788085938 21.299999237060547 -48
      vertex 22.500732421875 23.198623657226562 -48
    endloop
  endfacet
  facet normal 0 0 -1
    outer loop
      vertex 17.057357788085938 -21.299999237060547 -48
      vertex 22.332664489746094 -23.668346405029297 -48
      vertex 22.308185577392578 -23.833370208740234 -48
    endloop
  endfacet
  facet normal 0 0 -1
    outer loop
      vertex 22.500732421875 23.198623657226562 -48
      vertex 17.057357788085938 21.299999237060547 -48
      vertex 22.429405212402344 23.349437713623047 -48
    endloop
  endfacet
  facet normal 0 0 -1
    outer loop
      vertex 17.057357788085938 -21.299999237060547 -48
      vertex 22.308185577392578 -23.833370208740234 -48
      vertex 22.299999237060547 -24 -48
    endloop
  endfacet
  facet normal 0 0 -1
    outer loop
      vertex 22.429405212402344 23.349437713623047 -48
      vertex 17.057357788085938 21.299999237060547 -48
      vertex 22.373201370239258 23.506515502929688 -48
    endloop
  endfacet
  facet normal 0 0 -1
    outer loop
      vertex 25.691814422607422 -23.833370208740234 -48
      vertex 30 -24.3431453704834 -48
      vertex 25.700000762939453 -24 -48
    endloop
  endfacet
  facet normal 0 0 -1
    outer loop
      vertex 30 -24.3431453704834 -48
      vertex 25.691814422607422 -24.166629791259766 -48
      vertex 25.700000762939453 -24 -48
    endloop
  endfacet
  facet normal 0 0 -1
    outer loop
      vertex 30 -24.3431453704834 -48
      vertex 25.667335510253906 -24.331653594970703 -48
      vertex 25.691814422607422 -24.166629791259766 -48
    endloop
  endfacet
  facet normal 0 0 -1
    outer loop
      vertex 30 -24.3431453704834 -48
      vertex 25.62679672241211 -24.493484497070312 -48
      vertex 25.667335510253906 -24.331653594970703 -48
    endloop
  endfacet
  facet normal 0 0 -1
    outer loop
      vertex 30 -24.3431453704834 -48
      vertex 25.570594787597656 -24.650562286376953 -48
      vertex 25.62679672241211 -24.493484497070312 -48
    endloop
  endfacet
  facet normal 0 0 -1
    outer loop
      vertex 30 -24.3431453704834 -48
      vertex 25.499265670776367 -24.801374435424805 -48
      vertex 25.570594787597656 -24.650562286376953 -48
    endloop
  endfacet
  facet normal 0 0 -1
    outer loop
      vertex 30 -24.3431453704834 -48
      vertex 25.413497924804688 -24.944469451904297 -48
      vertex 25.499265670776367 -24.801374435424805 -48
    endloop
  endfacet
  facet normal 0 0 -1
    outer loop
      vertex 30 -24.3431453704834 -48
      vertex 25.314117431640625 -25.078468322753906 -48
      vertex 25.413497924804688 -24.944469451904297 -48
    endloop
  endfacet
  facet normal 0 0 -1
    outer loop
      vertex 30 -24.3431453704834 -48
      vertex 25.20207977294922 -25.20207977294922 -48
      vertex 25.314117431640625 -25.078468322753906 -48
    endloop
  endfacet
  facet normal 0 0 -1
    outer loop
      vertex 24.3431453704834 -30 -48
      vertex 25.20207977294922 -25.20207977294922 -48
      vertex 30 -24.3431453704834 -48
    endloop
  endfacet
  facet normal 0 0 -1
    outer loop
      vertex 25.20207977294922 -25.20207977294922 -48
      vertex 24.3431453704834 -30 -48
      vertex 25.078468322753906 -25.314117431640625 -48
    endloop
  endfacet
  facet normal 0 0 -1
    outer loop
      vertex 25.078468322753906 -25.314117431640625 -48
      vertex 24.3431453704834 -30 -48
      vertex 24.944469451904297 -25.413497924804688 -48
    endloop
  endfacet
  facet normal 0 0 -1
    outer loop
      vertex 24.944469451904297 -25.413497924804688 -48
      vertex 24.3431453704834 -30 -48
      vertex 24.801374435424805 -25.499265670776367 -48
    endloop
  endfacet
  facet normal 0 0 -1
    outer loop
      vertex 24.801374435424805 -25.499265670776367 -48
      vertex 24.3431453704834 -30 -48
      vertex 24.650562286376953 -25.570594787597656 -48
    endloop
  endfacet
  facet normal 0 0 -1
    outer loop
      vertex 24.650562286376953 -25.570594787597656 -48
      vertex 24.3431453704834 -30 -48
      vertex 24.493484497070312 -25.62679672241211 -48
    endloop
  endfacet
  facet normal 0 0 -1
    outer loop
      vertex 24.3431453704834 -30 -48
      vertex 24.331653594970703 -25.667335510253906 -48
      vertex 24.493484497070312 -25.62679672241211 -48
    endloop
  endfacet
  facet normal 0 0 -1
    outer loop
      vertex 24.3431453704834 -30 -48
      vertex 24.166629791259766 -25.691814422607422 -48
      vertex 24.331653594970703 -25.667335510253906 -48
    endloop
  endfacet
  facet normal 0 0 -1
    outer loop
      vertex 24.3431453704834 -30 -48
      vertex 24 -25.700000762939453 -48
      vertex 24.166629791259766 -25.691814422607422 -48
    endloop
  endfacet
  facet normal 0 0 -1
    outer loop
      vertex 24.3431453704834 -30 -48
      vertex 23.833370208740234 -25.691814422607422 -48
      vertex 24 -25.700000762939453 -48
    endloop
  endfacet
  facet normal 0 0 -1
    outer loop
      vertex 24.3431453704834 -30 -48
      vertex 23.668346405029297 -25.667335510253906 -48
      vertex 23.833370208740234 -25.691814422607422 -48
    endloop
  endfacet
  facet normal 0 0 -1
    outer loop
      vertex 24.3431453704834 -30 -48
      vertex 23.506515502929688 -25.62679672241211 -48
      vertex 23.668346405029297 -25.667335510253906 -48
    endloop
  endfacet
  facet normal 0 0 -1
    outer loop
      vertex 24.3431453704834 -30 -48
      vertex 23.349437713623047 -25.570594787597656 -48
      vertex 23.506515502929688 -25.62679672241211 -48
    endloop
  endfacet
  facet normal 0 0 -1
    outer loop
      vertex 24.3431453704834 -30 -48
      vertex 23.198623657226562 -25.499265670776367 -48
      vertex 23.349437713623047 -25.570594787597656 -48
    endloop
  endfacet
  facet normal 0 0 -1
    outer loop
      vertex 24.3431453704834 -30 -48
      vertex 23.055530548095703 -25.413497924804688 -48
      vertex 23.198623657226562 -25.499265670776367 -48
    endloop
  endfacet
  facet normal 0 0 -1
    outer loop
      vertex 24.3431453704834 -30 -48
      vertex 22.921531677246094 -25.314117431640625 -48
      vertex 23.055530548095703 -25.413497924804688 -48
    endloop
  endfacet
  facet normal 0 0 -1
    outer loop
      vertex 24.3431453704834 -30 -48
      vertex 22.79791831970215 -25.20207977294922 -48
      vertex 22.921531677246094 -25.314117431640625 -48
    endloop
  endfacet
  facet normal 0 0 -1
    outer loop
      vertex 24.3431453704834 -30 -48
      vertex 22.685882568359375 -25.078468322753906 -48
      vertex 22.79791831970215 -25.20207977294922 -48
    endloop
  endfacet
  facet normal 0 0 -1
    outer loop
      vertex 24.3431453704834 -30 -48
      vertex 22.586502075195312 -24.944469451904297 -48
      vertex 22.685882568359375 -25.078468322753906 -48
    endloop
  endfacet
  facet normal 0 0 -1
    outer loop
      vertex 17.057357788085938 -21.299999237060547 -48
      vertex 22.586502075195312 -24.944469451904297 -48
      vertex 24.3431453704834 -30 -48
    endloop
  endfacet
  facet normal 0 0 -1
    outer loop
      vertex 22.586502075195312 -24.944469451904297 -48
      vertex 17.057357788085938 -21.299999237060547 -48
      vertex 22.500732421875 -24.801374435424805 -48
    endloop
  endfacet
  facet normal 0 0 -1
    outer loop
      vertex 22.500732421875 -24.801374435424805 -48
      vertex 17.057357788085938 -21.299999237060547 -48
      vertex 22.429405212402344 -24.650562286376953 -48
    endloop
  endfacet
  facet normal 0 0 -1
    outer loop
      vertex 22.373201370239258 23.506515502929688 -48
      vertex 17.057357788085938 21.299999237060547 -48
      vertex 22.332664489746094 23.668346405029297 -48
    endloop
  endfacet
  facet normal 0 0 -1
    outer loop
      vertex 17.057357788085938 -21.299999237060547 -48
      vertex 22.299999237060547 -24 -48
      vertex 22.308185577392578 -24.166629791259766 -48
    endloop
  endfacet
  facet normal 0 0 -1
    outer loop
      vertex 22.79791831970215 -22.79791831970215 -48
      vertex 17.057357788085938 -21.299999237060547 -48
      vertex 21.299999237060547 -17.057357788085938 -48
    endloop
  endfacet
  facet normal 0 0 -1
    outer loop
      vertex 22.332664489746094 -24.331653594970703 -48
      vertex 17.057357788085938 -21.299999237060547 -48
      vertex 22.308185577392578 -24.166629791259766 -48
    endloop
  endfacet
  facet normal 0 0 -1
    outer loop
      vertex 22.373201370239258 -24.493484497070312 -48
      vertex 17.057357788085938 -21.299999237060547 -48
      vertex 22.332664489746094 -24.331653594970703 -48
    endloop
  endfacet
  facet normal 0 0 -1
    outer loop
      vertex 22.429405212402344 -24.650562286376953 -48
      vertex 17.057357788085938 -21.299999237060547 -48
      vertex 22.373201370239258 -24.493484497070312 -48
    endloop
  endfacet
  facet normal 0 0 -1
    outer loop
      vertex 24.3431453704834 -30 -48
      vertex -17.057357788085938 -21.299999237060547 -48
      vertex 17.057357788085938 -21.299999237060547 -48
    endloop
  endfacet
  facet normal 0 0 -1
    outer loop
      vertex -22.332664489746094 -23.668346405029297 -48
      vertex -17.057357788085938 -21.299999237060547 -48
      vertex -22.308185577392578 -23.833370208740234 -48
    endloop
  endfacet
  facet normal 0 0 -1
    outer loop
      vertex -22.308185577392578 -23.833370208740234 -48
      vertex -17.057357788085938 -21.299999237060547 -48
      vertex -22.299999237060547 -24 -48
    endloop
  endfacet
  facet normal 0 0 -1
    outer loop
      vertex -24.3431453704834 -30 -48
      vertex -17.057357788085938 -21.299999237060547 -48
      vertex 24.3431453704834 -30 -48
    endloop
  endfacet
  facet normal 0 0 -1
    outer loop
      vertex -17.057357788085938 -21.299999237060547 -48
      vertex -22.308185577392578 -24.166629791259766 -48
      vertex -22.299999237060547 -24 -48
    endloop
  endfacet
  facet normal 0 0 -1
    outer loop
      vertex -17.057357788085938 -21.299999237060547 -48
      vertex -22.332664489746094 -24.331653594970703 -48
      vertex -22.308185577392578 -24.166629791259766 -48
    endloop
  endfacet
  facet normal 0 0 -1
    outer loop
      vertex -17.057357788085938 -21.299999237060547 -48
      vertex -22.373201370239258 -24.493484497070312 -48
      vertex -22.332664489746094 -24.331653594970703 -48
    endloop
  endfacet
  facet normal 0 0 -1
    outer loop
      vertex -17.057357788085938 -21.299999237060547 -48
      vertex -22.429405212402344 -24.650562286376953 -48
      vertex -22.373201370239258 -24.493484497070312 -48
    endloop
  endfacet
  facet normal 0 0 -1
    outer loop
      vertex -17.057357788085938 -21.299999237060547 -48
      vertex -22.500732421875 -24.801374435424805 -48
      vertex -22.429405212402344 -24.650562286376953 -48
    endloop
  endfacet
  facet normal 0 0 -1
    outer loop
      vertex -22.586502075195312 -24.944469451904297 -48
      vertex -17.057357788085938 -21.299999237060547 -48
      vertex -24.3431453704834 -30 -48
    endloop
  endfacet
  facet normal 0 0 -1
    outer loop
      vertex -17.057357788085938 -21.299999237060547 -48
      vertex -22.586502075195312 -24.944469451904297 -48
      vertex -22.500732421875 -24.801374435424805 -48
    endloop
  endfacet
  facet normal 0 0 -1
    outer loop
      vertex -22.586502075195312 -24.944469451904297 -48
      vertex -24.3431453704834 -30 -48
      vertex -22.685882568359375 -25.078468322753906 -48
    endloop
  endfacet
  facet normal 0 0 -1
    outer loop
      vertex -22.685882568359375 -25.078468322753906 -48
      vertex -24.3431453704834 -30 -48
      vertex -22.79791831970215 -25.20207977294922 -48
    endloop
  endfacet
  facet normal 0 0 -1
    outer loop
      vertex -22.79791831970215 -25.20207977294922 -48
      vertex -24.3431453704834 -30 -48
      vertex -22.921531677246094 -25.314117431640625 -48
    endloop
  endfacet
  facet normal 0 0 -1
    outer loop
      vertex -22.921531677246094 -25.314117431640625 -48
      vertex -24.3431453704834 -30 -48
      vertex -23.055530548095703 -25.413497924804688 -48
    endloop
  endfacet
  facet normal 0 0 -1
    outer loop
      vertex -23.055530548095703 -25.413497924804688 -48
      vertex -24.3431453704834 -30 -48
      vertex -23.198623657226562 -25.499265670776367 -48
    endloop
  endfacet
  facet normal 0 0 -1
    outer loop
      vertex -23.198623657226562 -25.499265670776367 -48
      vertex -24.3431453704834 -30 -48
      vertex -23.349437713623047 -25.570594787597656 -48
    endloop
  endfacet
  facet normal 0 0 -1
    outer loop
      vertex -23.349437713623047 -25.570594787597656 -48
      vertex -24.3431453704834 -30 -48
      vertex -23.506515502929688 -25.62679672241211 -48
    endloop
  endfacet
  facet normal 0 0 -1
    outer loop
      vertex -23.506515502929688 -25.62679672241211 -48
      vertex -24.3431453704834 -30 -48
      vertex -23.668346405029297 -25.667335510253906 -48
    endloop
  endfacet
  facet normal 0 0 -1
    outer loop
      vertex -23.668346405029297 -25.667335510253906 -48
      vertex -24.3431453704834 -30 -48
      vertex -23.833370208740234 -25.691814422607422 -48
    endloop
  endfacet
  facet normal 0 0 -1
    outer loop
      vertex -23.833370208740234 -25.691814422607422 -48
      vertex -24.3431453704834 -30 -48
      vertex -24 -25.700000762939453 -48
    endloop
  endfacet
  facet normal 0 0 -1
    outer loop
      vertex -24 -25.700000762939453 -48
      vertex -24.3431453704834 -30 -48
      vertex -24.166629791259766 -25.691814422607422 -48
    endloop
  endfacet
  facet normal 0 0 -1
    outer loop
      vertex -24.3431453704834 -30 -48
      vertex -24.331653594970703 -25.667335510253906 -48
      vertex -24.166629791259766 -25.691814422607422 -48
    endloop
  endfacet
  facet normal 0 0 -1
    outer loop
      vertex -24.3431453704834 -30 -48
      vertex -24.493484497070312 -25.62679672241211 -48
      vertex -24.331653594970703 -25.667335510253906 -48
    endloop
  endfacet
  facet normal 0 0 -1
    outer loop
      vertex -24.3431453704834 -30 -48
      vertex -24.650562286376953 -25.570594787597656 -48
      vertex -24.493484497070312 -25.62679672241211 -48
    endloop
  endfacet
  facet normal 0 0 -1
    outer loop
      vertex -24.3431453704834 -30 -48
      vertex -24.801374435424805 -25.499265670776367 -48
      vertex -24.650562286376953 -25.570594787597656 -48
    endloop
  endfacet
  facet normal 0 0 -1
    outer loop
      vertex -24.3431453704834 -30 -48
      vertex -24.944469451904297 -25.413497924804688 -48
      vertex -24.801374435424805 -25.499265670776367 -48
    endloop
  endfacet
  facet normal 0 0 -1
    outer loop
      vertex -24.3431453704834 -30 -48
      vertex -25.078468322753906 -25.314117431640625 -48
      vertex -24.944469451904297 -25.413497924804688 -48
    endloop
  endfacet
  facet normal 0 0 -1
    outer loop
      vertex -24.3431453704834 -30 -48
      vertex -25.20207977294922 -25.20207977294922 -48
      vertex -25.078468322753906 -25.314117431640625 -48
    endloop
  endfacet
  facet normal 0 0 -1
    outer loop
      vertex -30 -24.3431453704834 -48
      vertex -25.20207977294922 -25.20207977294922 -48
      vertex -24.3431453704834 -30 -48
    endloop
  endfacet
  facet normal 0 0 -1
    outer loop
      vertex -25.20207977294922 -25.20207977294922 -48
      vertex -30 -24.3431453704834 -48
      vertex -25.314117431640625 -25.078468322753906 -48
    endloop
  endfacet
  facet normal 0 0 -1
    outer loop
      vertex -25.314117431640625 -25.078468322753906 -48
      vertex -30 -24.3431453704834 -48
      vertex -25.413497924804688 -24.944469451904297 -48
    endloop
  endfacet
  facet normal 0 0 -1
    outer loop
      vertex -25.413497924804688 -24.944469451904297 -48
      vertex -30 -24.3431453704834 -48
      vertex -25.499265670776367 -24.801374435424805 -48
    endloop
  endfacet
  facet normal 0 0 -1
    outer loop
      vertex -25.499265670776367 -24.801374435424805 -48
      vertex -30 -24.3431453704834 -48
      vertex -25.570594787597656 -24.650562286376953 -48
    endloop
  endfacet
  facet normal 0 0 -1
    outer loop
      vertex -25.570594787597656 -24.650562286376953 -48
      vertex -30 -24.3431453704834 -48
      vertex -25.62679672241211 -24.493484497070312 -48
    endloop
  endfacet
  facet normal 0 0 -1
    outer loop
      vertex -25.667335510253906 23.668346405029297 -48
      vertex -30 24.3431453704834 -48
      vertex -25.691814422607422 23.833370208740234 -48
    endloop
  endfacet
  facet normal 0 0 -1
    outer loop
      vertex -25.691814422607422 -24.166629791259766 -48
      vertex -30 -24.3431453704834 -48
      vertex -25.700000762939453 -24 -48
    endloop
  endfacet
  facet normal 0 0 -1
    outer loop
      vertex -25.667335510253906 -24.331653594970703 -48
      vertex -30 -24.3431453704834 -48
      vertex -25.691814422607422 -24.166629791259766 -48
    endloop
  endfacet
  facet normal 0 0 -1
    outer loop
      vertex -25.62679672241211 -24.493484497070312 -48
      vertex -30 -24.3431453704834 -48
      vertex -25.667335510253906 -24.331653594970703 -48
    endloop
  endfacet
  facet normal 0 0 -1
    outer loop
      vertex 25.667335510253906 -23.668346405029297 -48
      vertex 30 -24.3431453704834 -48
      vertex 25.691814422607422 -23.833370208740234 -48
    endloop
  endfacet
  facet normal 0 0 -1
    outer loop
      vertex 25.691814422607422 24.166629791259766 -48
      vertex 30 24.3431453704834 -48
      vertex 25.700000762939453 24 -48
    endloop
  endfacet
  facet normal 0 0 -1
    outer loop
      vertex 25.667335510253906 24.331653594970703 -48
      vertex 30 24.3431453704834 -48
      vertex 25.691814422607422 24.166629791259766 -48
    endloop
  endfacet
  facet normal 0 0 -1
    outer loop
      vertex 25.62679672241211 24.493484497070312 -48
      vertex 30 24.3431453704834 -48
      vertex 25.667335510253906 24.331653594970703 -48
    endloop
  endfacet
  facet normal 0 0 -1
    outer loop
      vertex 25.570594787597656 24.650562286376953 -48
      vertex 30 24.3431453704834 -48
      vertex 25.62679672241211 24.493484497070312 -48
    endloop
  endfacet
  facet normal 0 0 -1
    outer loop
      vertex 25.499265670776367 24.801374435424805 -48
      vertex 30 24.3431453704834 -48
      vertex 25.570594787597656 24.650562286376953 -48
    endloop
  endfacet
  facet normal 0 0 -1
    outer loop
      vertex 25.413497924804688 24.944469451904297 -48
      vertex 30 24.3431453704834 -48
      vertex 25.499265670776367 24.801374435424805 -48
    endloop
  endfacet
  facet normal 0 0 -1
    outer loop
      vertex 25.314117431640625 25.078468322753906 -48
      vertex 30 24.3431453704834 -48
      vertex 25.413497924804688 24.944469451904297 -48
    endloop
  endfacet
  facet normal 0 0 -1
    outer loop
      vertex 25.20207977294922 25.20207977294922 -48
      vertex 30 24.3431453704834 -48
      vertex 25.314117431640625 25.078468322753906 -48
    endloop
  endfacet
  facet normal 0 0 -1
    outer loop
      vertex 24.3431453704834 30 -48
      vertex 25.20207977294922 25.20207977294922 -48
      vertex 25.078468322753906 25.314117431640625 -48
    endloop
  endfacet
  facet normal 0 0 -1
    outer loop
      vertex 24.3431453704834 30 -48
      vertex 25.078468322753906 25.314117431640625 -48
      vertex 24.944469451904297 25.413497924804688 -48
    endloop
  endfacet
  facet normal 0 0 -1
    outer loop
      vertex 24.3431453704834 30 -48
      vertex 24.944469451904297 25.413497924804688 -48
      vertex 24.801374435424805 25.499265670776367 -48
    endloop
  endfacet
  facet normal 0 0 -1
    outer loop
      vertex 24.3431453704834 30 -48
      vertex 24.801374435424805 25.499265670776367 -48
      vertex 24.650562286376953 25.570594787597656 -48
    endloop
  endfacet
  facet normal 0 0 -1
    outer loop
      vertex 24.3431453704834 30 -48
      vertex 24.650562286376953 25.570594787597656 -48
      vertex 24.493484497070312 25.62679672241211 -48
    endloop
  endfacet
  facet normal 0 0 -1
    outer loop
      vertex 25.20207977294922 25.20207977294922 -48
      vertex 24.3431453704834 30 -48
      vertex 30 24.3431453704834 -48
    endloop
  endfacet
  facet normal 0 0 -1
    outer loop
      vertex 24.331653594970703 25.667335510253906 -48
      vertex 24.3431453704834 30 -48
      vertex 24.493484497070312 25.62679672241211 -48
    endloop
  endfacet
  facet normal 0 0 -1
    outer loop
      vertex 24.166629791259766 25.691814422607422 -48
      vertex 24.3431453704834 30 -48
      vertex 24.331653594970703 25.667335510253906 -48
    endloop
  endfacet
  facet normal 0 0 -1
    outer loop
      vertex 24 25.700000762939453 -48
      vertex 24.3431453704834 30 -48
      vertex 24.166629791259766 25.691814422607422 -48
    endloop
  endfacet
  facet normal 0 0 -1
    outer loop
      vertex 23.833370208740234 25.691814422607422 -48
      vertex 24.3431453704834 30 -48
      vertex 24 25.700000762939453 -48
    endloop
  endfacet
  facet normal 0 0 -1
    outer loop
      vertex 23.668346405029297 25.667335510253906 -48
      vertex 24.3431453704834 30 -48
      vertex 23.833370208740234 25.691814422607422 -48
    endloop
  endfacet
  facet normal 0 0 -1
    outer loop
      vertex 23.506515502929688 25.62679672241211 -48
      vertex 24.3431453704834 30 -48
      vertex 23.668346405029297 25.667335510253906 -48
    endloop
  endfacet
  facet normal 0 0 -1
    outer loop
      vertex 23.349437713623047 25.570594787597656 -48
      vertex 24.3431453704834 30 -48
      vertex 23.506515502929688 25.62679672241211 -48
    endloop
  endfacet
  facet normal 0 0 -1
    outer loop
      vertex 23.198623657226562 25.499265670776367 -48
      vertex 24.3431453704834 30 -48
      vertex 23.349437713623047 25.570594787597656 -48
    endloop
  endfacet
  facet normal 0 0 -1
    outer loop
      vertex 23.055530548095703 25.413497924804688 -48
      vertex 24.3431453704834 30 -48
      vertex 23.198623657226562 25.499265670776367 -48
    endloop
  endfacet
  facet normal 0 0 -1
    outer loop
      vertex 22.921531677246094 25.314117431640625 -48
      vertex 24.3431453704834 30 -48
      vertex 23.055530548095703 25.413497924804688 -48
    endloop
  endfacet
  facet normal 0 0 -1
    outer loop
      vertex 22.79791831970215 25.20207977294922 -48
      vertex 24.3431453704834 30 -48
      vertex 22.921531677246094 25.314117431640625 -48
    endloop
  endfacet
  facet normal 0 0 -1
    outer loop
      vertex 22.685882568359375 25.078468322753906 -48
      vertex 24.3431453704834 30 -48
      vertex 22.79791831970215 25.20207977294922 -48
    endloop
  endfacet
  facet normal 0 0 -1
    outer loop
      vertex 22.586502075195312 24.944469451904297 -48
      vertex 24.3431453704834 30 -48
      vertex 22.685882568359375 25.078468322753906 -48
    endloop
  endfacet
  facet normal 0 0 -1
    outer loop
      vertex 17.057357788085938 21.299999237060547 -48
      vertex 22.586502075195312 24.944469451904297 -48
      vertex 22.500732421875 24.801374435424805 -48
    endloop
  endfacet
  facet normal 0 0 -1
    outer loop
      vertex 17.057357788085938 21.299999237060547 -48
      vertex 22.500732421875 24.801374435424805 -48
      vertex 22.429405212402344 24.650562286376953 -48
    endloop
  endfacet
  facet normal 0 0 -1
    outer loop
      vertex 17.057357788085938 21.299999237060547 -48
      vertex 22.429405212402344 24.650562286376953 -48
      vertex 22.373201370239258 24.493484497070312 -48
    endloop
  endfacet
  facet normal 0 0 -1
    outer loop
      vertex 22.332664489746094 23.668346405029297 -48
      vertex 17.057357788085938 21.299999237060547 -48
      vertex 22.308185577392578 23.833370208740234 -48
    endloop
  endfacet
  facet normal 0 0 -1
    outer loop
      vertex 22.308185577392578 23.833370208740234 -48
      vertex 17.057357788085938 21.299999237060547 -48
      vertex 22.299999237060547 24 -48
    endloop
  endfacet
  facet normal 0 0 -1
    outer loop
      vertex 22.299999237060547 24 -48
      vertex 17.057357788085938 21.299999237060547 -48
      vertex 22.308185577392578 24.166629791259766 -48
    endloop
  endfacet
  facet normal 0 0 -1
    outer loop
      vertex 17.057357788085938 21.299999237060547 -48
      vertex 22.332664489746094 24.331653594970703 -48
      vertex 22.308185577392578 24.166629791259766 -48
    endloop
  endfacet
  facet normal 0 0 -1
    outer loop
      vertex 17.057357788085938 21.299999237060547 -48
      vertex 22.373201370239258 24.493484497070312 -48
      vertex 22.332664489746094 24.331653594970703 -48
    endloop
  endfacet
  facet normal 0 0 -1
    outer loop
      vertex 22.586502075195312 24.944469451904297 -48
      vertex 17.057357788085938 21.299999237060547 -48
      vertex 24.3431453704834 30 -48
    endloop
  endfacet
  facet normal 0 0 -1
    outer loop
      vertex -17.057357788085938 21.299999237060547 -48
      vertex 24.3431453704834 30 -48
      vertex 17.057357788085938 21.299999237060547 -48
    endloop
  endfacet
  facet normal 0 0 -1
    outer loop
      vertex -22.373201370239258 -23.506515502929688 -48
      vertex -17.057357788085938 -21.299999237060547 -48
      vertex -22.332664489746094 -23.668346405029297 -48
    endloop
  endfacet
  facet normal 0 0 -1
    outer loop
      vertex -22.299999237060547 24 -48
      vertex -17.057357788085938 21.299999237060547 -48
      vertex -21.299999237060547 17.057357788085938 -48
    endloop
  endfacet
  facet normal 0 0 -1
    outer loop
      vertex -22.308185577392578 24.166629791259766 -48
      vertex -17.057357788085938 21.299999237060547 -48
      vertex -22.299999237060547 24 -48
    endloop
  endfacet
  facet normal 0 0 -1
    outer loop
      vertex -22.332664489746094 24.331653594970703 -48
      vertex -17.057357788085938 21.299999237060547 -48
      vertex -22.308185577392578 24.166629791259766 -48
    endloop
  endfacet
  facet normal 0 0 -1
    outer loop
      vertex -22.373201370239258 24.493484497070312 -48
      vertex -17.057357788085938 21.299999237060547 -48
      vertex -22.332664489746094 24.331653594970703 -48
    endloop
  endfacet
  facet normal 0 0 -1
    outer loop
      vertex -22.429405212402344 24.650562286376953 -48
      vertex -17.057357788085938 21.299999237060547 -48
      vertex -22.373201370239258 24.493484497070312 -48
    endloop
  endfacet
  facet normal 0 0 -1
    outer loop
      vertex -22.500732421875 24.801374435424805 -48
      vertex -17.057357788085938 21.299999237060547 -48
      vertex -22.429405212402344 24.650562286376953 -48
    endloop
  endfacet
  facet normal 0 0 -1
    outer loop
      vertex -22.586502075195312 24.944469451904297 -48
      vertex -17.057357788085938 21.299999237060547 -48
      vertex -22.500732421875 24.801374435424805 -48
    endloop
  endfacet
  facet normal 0 0 -1
    outer loop
      vertex -17.057357788085938 21.299999237060547 -48
      vertex -22.586502075195312 24.944469451904297 -48
      vertex -24.3431453704834 30 -48
    endloop
  endfacet
  facet normal 0 0 -1
    outer loop
      vertex -24.3431453704834 30 -48
      vertex -22.586502075195312 24.944469451904297 -48
      vertex -22.685882568359375 25.078468322753906 -48
    endloop
  endfacet
  facet normal 0 0 -1
    outer loop
      vertex -24.3431453704834 30 -48
      vertex -22.685882568359375 25.078468322753906 -48
      vertex -22.79791831970215 25.20207977294922 -48
    endloop
  endfacet
  facet normal 0 0 -1
    outer loop
      vertex -24.3431453704834 30 -48
      vertex -22.79791831970215 25.20207977294922 -48
      vertex -22.921531677246094 25.314117431640625 -48
    endloop
  endfacet
  facet normal 0 0 -1
    outer loop
      vertex -24.3431453704834 30 -48
      vertex -22.921531677246094 25.314117431640625 -48
      vertex -23.055530548095703 25.413497924804688 -48
    endloop
  endfacet
  facet normal 0 0 -1
    outer loop
      vertex -24.3431453704834 30 -48
      vertex -23.055530548095703 25.413497924804688 -48
      vertex -23.198623657226562 25.499265670776367 -48
    endloop
  endfacet
  facet normal 0 0 -1
    outer loop
      vertex -24.3431453704834 30 -48
      vertex -23.198623657226562 25.499265670776367 -48
      vertex -23.349437713623047 25.570594787597656 -48
    endloop
  endfacet
  facet normal 0 0 -1
    outer loop
      vertex -24.3431453704834 30 -48
      vertex -23.349437713623047 25.570594787597656 -48
      vertex -23.506515502929688 25.62679672241211 -48
    endloop
  endfacet
  facet normal 0 0 -1
    outer loop
      vertex -24.3431453704834 30 -48
      vertex -23.506515502929688 25.62679672241211 -48
      vertex -23.668346405029297 25.667335510253906 -48
    endloop
  endfacet
  facet normal 0 0 -1
    outer loop
      vertex -24.3431453704834 30 -48
      vertex -23.668346405029297 25.667335510253906 -48
      vertex -23.833370208740234 25.691814422607422 -48
    endloop
  endfacet
  facet normal 0 0 -1
    outer loop
      vertex -24.3431453704834 30 -48
      vertex -23.833370208740234 25.691814422607422 -48
      vertex -24 25.700000762939453 -48
    endloop
  endfacet
  facet normal 0 0 -1
    outer loop
      vertex -24.3431453704834 30 -48
      vertex -24 25.700000762939453 -48
      vertex -24.166629791259766 25.691814422607422 -48
    endloop
  endfacet
  facet normal 0 0 -1
    outer loop
      vertex -17.057357788085938 21.299999237060547 -48
      vertex -24.3431453704834 30 -48
      vertex 24.3431453704834 30 -48
    endloop
  endfacet
  facet normal 0 0 -1
    outer loop
      vertex -24.331653594970703 25.667335510253906 -48
      vertex -24.3431453704834 30 -48
      vertex -24.166629791259766 25.691814422607422 -48
    endloop
  endfacet
  facet normal 0 0 -1
    outer loop
      vertex -24.493484497070312 25.62679672241211 -48
      vertex -24.3431453704834 30 -48
      vertex -24.331653594970703 25.667335510253906 -48
    endloop
  endfacet
  facet normal 0 0 -1
    outer loop
      vertex -24.650562286376953 25.570594787597656 -48
      vertex -24.3431453704834 30 -48
      vertex -24.493484497070312 25.62679672241211 -48
    endloop
  endfacet
  facet normal 0 0 -1
    outer loop
      vertex -24.801374435424805 25.499265670776367 -48
      vertex -24.3431453704834 30 -48
      vertex -24.650562286376953 25.570594787597656 -48
    endloop
  endfacet
  facet normal 0 0 -1
    outer loop
      vertex -24.944469451904297 25.413497924804688 -48
      vertex -24.3431453704834 30 -48
      vertex -24.801374435424805 25.499265670776367 -48
    endloop
  endfacet
  facet normal 0 0 -1
    outer loop
      vertex -25.078468322753906 25.314117431640625 -48
      vertex -24.3431453704834 30 -48
      vertex -24.944469451904297 25.413497924804688 -48
    endloop
  endfacet
  facet normal 0 0 -1
    outer loop
      vertex -25.20207977294922 25.20207977294922 -48
      vertex -24.3431453704834 30 -48
      vertex -25.078468322753906 25.314117431640625 -48
    endloop
  endfacet
  facet normal 0 0 -1
    outer loop
      vertex -30 24.3431453704834 -48
      vertex -25.20207977294922 25.20207977294922 -48
      vertex -25.314117431640625 25.078468322753906 -48
    endloop
  endfacet
  facet normal 0 0 -1
    outer loop
      vertex -30 24.3431453704834 -48
      vertex -25.314117431640625 25.078468322753906 -48
      vertex -25.413497924804688 24.944469451904297 -48
    endloop
  endfacet
  facet normal 0 0 -1
    outer loop
      vertex -30 24.3431453704834 -48
      vertex -25.413497924804688 24.944469451904297 -48
      vertex -25.499265670776367 24.801374435424805 -48
    endloop
  endfacet
  facet normal 0 0 -1
    outer loop
      vertex -30 24.3431453704834 -48
      vertex -25.499265670776367 24.801374435424805 -48
      vertex -25.570594787597656 24.650562286376953 -48
    endloop
  endfacet
  facet normal 0 0 -1
    outer loop
      vertex -30 24.3431453704834 -48
      vertex -25.570594787597656 24.650562286376953 -48
      vertex -25.62679672241211 24.493484497070312 -48
    endloop
  endfacet
  facet normal 0 0 -1
    outer loop
      vertex -30 24.3431453704834 -48
      vertex -25.62679672241211 24.493484497070312 -48
      vertex -25.667335510253906 24.331653594970703 -48
    endloop
  endfacet
  facet normal 0 0 -1
    outer loop
      vertex -25.691814422607422 23.833370208740234 -48
      vertex -30 24.3431453704834 -48
      vertex -25.700000762939453 24 -48
    endloop
  endfacet
  facet normal 0 0 -1
    outer loop
      vertex -25.20207977294922 25.20207977294922 -48
      vertex -30 24.3431453704834 -48
      vertex -24.3431453704834 30 -48
    endloop
  endfacet
  facet normal 0 0 -1
    outer loop
      vertex -25.691814422607422 24.166629791259766 -48
      vertex -30 24.3431453704834 -48
      vertex -25.667335510253906 24.331653594970703 -48
    endloop
  endfacet
  facet normal 0 0 -1
    outer loop
      vertex -25.700000762939453 24 -48
      vertex -30 24.3431453704834 -48
      vertex -25.691814422607422 24.166629791259766 -48
    endloop
  endfacet
  facet normal -0.7071067811865475 -0.7071067811865475 0
    outer loop
      vertex -24.3431453704834 -30 -48
      vertex -30 -24.3431453704834 -46
      vertex -30 -24.3431453704834 -48
    endloop
  endfacet
  facet normal -0.7071067811865475 -0.7071067811865475 0
    outer loop
      vertex -30 -24.3431453704834 -46
      vertex -24.3431453704834 -30 -48
      vertex -24.3431453704834 -30 -46
    endloop
  endfacet
  facet normal 0.7071067811865475 0.7071067811865475 0
    outer loop
      vertex 30 24.3431453704834 -46
      vertex 24.3431453704834 30 -48
      vertex 24.3431453704834 30 -46
    endloop
  endfacet
  facet normal 0.7071067811865475 0.7071067811865475 0
    outer loop
      vertex 24.3431453704834 30 -48
      vertex 30 24.3431453704834 -46
      vertex 30 24.3431453704834 -48
    endloop
  endfacet
  facet normal 1 0 0
    outer loop
      vertex 30 -24.3431453704834 -46
      vertex 30 24.3431453704834 -48
      vertex 30 24.3431453704834 -46
    endloop
  endfacet
  facet normal 1 0 0
    outer loop
      vertex 30 24.3431453704834 -48
      vertex 30 -24.3431453704834 -46
      vertex 30 -24.3431453704834 -48
    endloop
  endfacet
  facet normal 0 1 0
    outer loop
      vertex 24.3431453704834 30 -48
      vertex -24.3431453704834 30 -46
      vertex 24.3431453704834 30 -46
    endloop
  endfacet
  facet normal 0 1 0
    outer loop
      vertex -24.3431453704834 30 -46
      vertex 24.3431453704834 30 -48
      vertex -24.3431453704834 30 -48
    endloop
  endfacet
  facet normal -1 0 0
    outer loop
      vertex -30 -24.3431453704834 -48
      vertex -30 24.3431453704834 -46
      vertex -30 24.3431453704834 -48
    endloop
  endfacet
  facet normal -1 0 0
    outer loop
      vertex -30 24.3431453704834 -46
      vertex -30 -24.3431453704834 -48
      vertex -30 -24.3431453704834 -46
    endloop
  endfacet
  facet normal 0 0 1
    outer loop
      vertex -22.429405212402344 23.349437713623047 -46
      vertex -17.057357788085938 21.299999237060547 -46
      vertex -22.373201370239258 23.506515502929688 -46
    endloop
  endfacet
  facet normal 0 0 1
    outer loop
      vertex -21.299999237060547 -17.057357788085938 -46
      vertex -22.308185577392578 -23.833370208740234 -46
      vertex -22.299999237060547 -24 -46
    endloop
  endfacet
  facet normal 0 0 1
    outer loop
      vertex -22.500732421875 23.198623657226562 -46
      vertex -17.057357788085938 21.299999237060547 -46
      vertex -22.429405212402344 23.349437713623047 -46
    endloop
  endfacet
  facet normal 0 0 1
    outer loop
      vertex -21.299999237060547 -17.057357788085938 -46
      vertex -22.332664489746094 -23.668346405029297 -46
      vertex -22.308185577392578 -23.833370208740234 -46
    endloop
  endfacet
  facet normal 0 0 1
    outer loop
      vertex -22.586502075195312 23.055530548095703 -46
      vertex -17.057357788085938 21.299999237060547 -46
      vertex -22.500732421875 23.198623657226562 -46
    endloop
  endfacet
  facet normal 0 0 1
    outer loop
      vertex -21.299999237060547 -17.057357788085938 -46
      vertex -22.373201370239258 -23.506515502929688 -46
      vertex -22.332664489746094 -23.668346405029297 -46
    endloop
  endfacet
  facet normal 0 0 1
    outer loop
      vertex -22.685882568359375 22.921531677246094 -46
      vertex -17.057357788085938 21.299999237060547 -46
      vertex -22.586502075195312 23.055530548095703 -46
    endloop
  endfacet
  facet normal 0 0 1
    outer loop
      vertex -21.299999237060547 -17.057357788085938 -46
      vertex -22.429405212402344 -23.349437713623047 -46
      vertex -22.373201370239258 -23.506515502929688 -46
    endloop
  endfacet
  facet normal 0 0 1
    outer loop
      vertex -22.79791831970215 22.79791831970215 -46
      vertex -17.057357788085938 21.299999237060547 -46
      vertex -22.685882568359375 22.921531677246094 -46
    endloop
  endfacet
  facet normal 0 0 1
    outer loop
      vertex -21.299999237060547 -17.057357788085938 -46
      vertex -22.500732421875 -23.198623657226562 -46
      vertex -22.429405212402344 -23.349437713623047 -46
    endloop
  endfacet
  facet normal 0 0 1
    outer loop
      vertex -17.057357788085938 21.299999237060547 -46
      vertex -22.79791831970215 22.79791831970215 -46
      vertex -21.299999237060547 17.057357788085938 -46
    endloop
  endfacet
  facet normal 0 0 1
    outer loop
      vertex -21.299999237060547 -17.057357788085938 -46
      vertex -22.586502075195312 -23.055530548095703 -46
      vertex -22.500732421875 -23.198623657226562 -46
    endloop
  endfacet
  facet normal 0 0 1
    outer loop
      vertex -22.921531677246094 22.685882568359375 -46
      vertex -21.299999237060547 17.057357788085938 -46
      vertex -22.79791831970215 22.79791831970215 -46
    endloop
  endfacet
  facet normal 0 0 1
    outer loop
      vertex -21.299999237060547 -17.057357788085938 -46
      vertex -22.685882568359375 -22.921531677246094 -46
      vertex -22.586502075195312 -23.055530548095703 -46
    endloop
  endfacet
  facet normal 0 0 1
    outer loop
      vertex -23.055530548095703 22.586502075195312 -46
      vertex -21.299999237060547 17.057357788085938 -46
      vertex -22.921531677246094 22.685882568359375 -46
    endloop
  endfacet
  facet normal 0 0 1
    outer loop
      vertex -21.299999237060547 -17.057357788085938 -46
      vertex -22.79791831970215 -22.79791831970215 -46
      vertex -22.685882568359375 -22.921531677246094 -46
    endloop
  endfacet
  facet normal 0 0 1
    outer loop
      vertex -23.198623657226562 22.500732421875 -46
      vertex -21.299999237060547 17.057357788085938 -46
      vertex -23.055530548095703 22.586502075195312 -46
    endloop
  endfacet
  facet normal 0 0 1
    outer loop
      vertex -21.299999237060547 -17.057357788085938 -46
      vertex -22.921531677246094 -22.685882568359375 -46
      vertex -22.79791831970215 -22.79791831970215 -46
    endloop
  endfacet
  facet normal 0 0 1
    outer loop
      vertex -23.349437713623047 22.429405212402344 -46
      vertex -21.299999237060547 17.057357788085938 -46
      vertex -23.198623657226562 22.500732421875 -46
    endloop
  endfacet
  facet normal 0 0 1
    outer loop
      vertex -21.299999237060547 -17.057357788085938 -46
      vertex -23.055530548095703 -22.586502075195312 -46
      vertex -22.921531677246094 -22.685882568359375 -46
    endloop
  endfacet
  facet normal 0 0 1
    outer loop
      vertex -23.506515502929688 22.373201370239258 -46
      vertex -21.299999237060547 17.057357788085938 -46
      vertex -23.349437713623047 22.429405212402344 -46
    endloop
  endfacet
  facet normal 0 0 1
    outer loop
      vertex -21.299999237060547 -17.057357788085938 -46
      vertex -23.198623657226562 -22.500732421875 -46
      vertex -23.055530548095703 -22.586502075195312 -46
    endloop
  endfacet
  facet normal 0 0 1
    outer loop
      vertex -23.668346405029297 22.332664489746094 -46
      vertex -21.299999237060547 17.057357788085938 -46
      vertex -23.506515502929688 22.373201370239258 -46
    endloop
  endfacet
  facet normal 0 0 1
    outer loop
      vertex -21.299999237060547 -17.057357788085938 -46
      vertex -23.349437713623047 -22.429405212402344 -46
      vertex -23.198623657226562 -22.500732421875 -46
    endloop
  endfacet
  facet normal 0 0 1
    outer loop
      vertex -23.833370208740234 22.308185577392578 -46
      vertex -21.299999237060547 17.057357788085938 -46
      vertex -23.668346405029297 22.332664489746094 -46
    endloop
  endfacet
  facet normal 0 0 1
    outer loop
      vertex -21.299999237060547 -17.057357788085938 -46
      vertex -23.506515502929688 -22.373201370239258 -46
      vertex -23.349437713623047 -22.429405212402344 -46
    endloop
  endfacet
  facet normal 0 0 1
    outer loop
      vertex -24 22.299999237060547 -46
      vertex -21.299999237060547 17.057357788085938 -46
      vertex -23.833370208740234 22.308185577392578 -46
    endloop
  endfacet
  facet normal 0 0 1
    outer loop
      vertex -21.299999237060547 -17.057357788085938 -46
      vertex -23.668346405029297 -22.332664489746094 -46
      vertex -23.506515502929688 -22.373201370239258 -46
    endloop
  endfacet
  facet normal 0 0 1
    outer loop
      vertex -24.166629791259766 22.308185577392578 -46
      vertex -21.299999237060547 17.057357788085938 -46
      vertex -24 22.299999237060547 -46
    endloop
  endfacet
  facet normal 0 0 1
    outer loop
      vertex -21.299999237060547 -17.057357788085938 -46
      vertex -23.833370208740234 -22.308185577392578 -46
      vertex -23.668346405029297 -22.332664489746094 -46
    endloop
  endfacet
  facet normal 0 0 1
    outer loop
      vertex -24.331653594970703 22.332664489746094 -46
      vertex -21.299999237060547 17.057357788085938 -46
      vertex -24.166629791259766 22.308185577392578 -46
    endloop
  endfacet
  facet normal 0 0 1
    outer loop
      vertex -21.299999237060547 -17.057357788085938 -46
      vertex -24 -22.299999237060547 -46
      vertex -23.833370208740234 -22.308185577392578 -46
    endloop
  endfacet
  facet normal 0 0 1
    outer loop
      vertex -24.493484497070312 22.373201370239258 -46
      vertex -21.299999237060547 17.057357788085938 -46
      vertex -24.331653594970703 22.332664489746094 -46
    endloop
  endfacet
  facet normal 0 0 1
    outer loop
      vertex -21.299999237060547 -17.057357788085938 -46
      vertex -24.166629791259766 -22.308185577392578 -46
      vertex -24 -22.299999237060547 -46
    endloop
  endfacet
  facet normal 0 0 1
    outer loop
      vertex -24.650562286376953 22.429405212402344 -46
      vertex -21.299999237060547 17.057357788085938 -46
      vertex -24.493484497070312 22.373201370239258 -46
    endloop
  endfacet
  facet normal 0 0 1
    outer loop
      vertex -21.299999237060547 -17.057357788085938 -46
      vertex -24.331653594970703 -22.332664489746094 -46
      vertex -24.166629791259766 -22.308185577392578 -46
    endloop
  endfacet
  facet normal 0 0 1
    outer loop
      vertex -24.801374435424805 22.500732421875 -46
      vertex -21.299999237060547 17.057357788085938 -46
      vertex -24.650562286376953 22.429405212402344 -46
    endloop
  endfacet
  facet normal 0 0 1
    outer loop
      vertex -21.299999237060547 -17.057357788085938 -46
      vertex -24.493484497070312 -22.373201370239258 -46
      vertex -24.331653594970703 -22.332664489746094 -46
    endloop
  endfacet
  facet normal 0 0 1
    outer loop
      vertex -24.944469451904297 22.586502075195312 -46
      vertex -21.299999237060547 17.057357788085938 -46
      vertex -24.801374435424805 22.500732421875 -46
    endloop
  endfacet
  facet normal 0 0 1
    outer loop
      vertex -21.299999237060547 -17.057357788085938 -46
      vertex -24.650562286376953 -22.429405212402344 -46
      vertex -24.493484497070312 -22.373201370239258 -46
    endloop
  endfacet
  facet normal 0 0 1
    outer loop
      vertex -21.299999237060547 17.057357788085938 -46
      vertex -30 24.3431453704834 -46
      vertex -21.299999237060547 -17.057357788085938 -46
    endloop
  endfacet
  facet normal 0 0 1
    outer loop
      vertex -21.299999237060547 -17.057357788085938 -46
      vertex -24.801374435424805 -22.500732421875 -46
      vertex -24.650562286376953 -22.429405212402344 -46
    endloop
  endfacet
  facet normal 0 0 1
    outer loop
      vertex -21.299999237060547 17.057357788085938 -46
      vertex -24.944469451904297 22.586502075195312 -46
      vertex -30 24.3431453704834 -46
    endloop
  endfacet
  facet normal 0 0 1
    outer loop
      vertex -30 -24.3431453704834 -46
      vertex -21.299999237060547 -17.057357788085938 -46
      vertex -30 24.3431453704834 -46
    endloop
  endfacet
  facet normal 0 0 1
    outer loop
      vertex -30 24.3431453704834 -46
      vertex -24.944469451904297 22.586502075195312 -46
      vertex -25.078468322753906 22.685882568359375 -46
    endloop
  endfacet
  facet normal 0 0 1
    outer loop
      vertex -24.944469451904297 -22.586502075195312 -46
      vertex -21.299999237060547 -17.057357788085938 -46
      vertex -30 -24.3431453704834 -46
    endloop
  endfacet
  facet normal 0 0 1
    outer loop
      vertex -30 24.3431453704834 -46
      vertex -25.078468322753906 22.685882568359375 -46
      vertex -25.20207977294922 22.79791831970215 -46
    endloop
  endfacet
  facet normal 0 0 1
    outer loop
      vertex -21.299999237060547 -17.057357788085938 -46
      vertex -24.944469451904297 -22.586502075195312 -46
      vertex -24.801374435424805 -22.500732421875 -46
    endloop
  endfacet
  facet normal 0 0 1
    outer loop
      vertex -30 24.3431453704834 -46
      vertex -25.20207977294922 22.79791831970215 -46
      vertex -25.314117431640625 22.921531677246094 -46
    endloop
  endfacet
  facet normal 0 0 1
    outer loop
      vertex -24.944469451904297 -22.586502075195312 -46
      vertex -30 -24.3431453704834 -46
      vertex -25.078468322753906 -22.685882568359375 -46
    endloop
  endfacet
  facet normal 0 0 1
    outer loop
      vertex -30 24.3431453704834 -46
      vertex -25.314117431640625 22.921531677246094 -46
      vertex -25.413497924804688 23.055530548095703 -46
    endloop
  endfacet
  facet normal 0 0 1
    outer loop
      vertex -25.078468322753906 -22.685882568359375 -46
      vertex -30 -24.3431453704834 -46
      vertex -25.20207977294922 -22.79791831970215 -46
    endloop
  endfacet
  facet normal 0 0 1
    outer loop
      vertex -30 24.3431453704834 -46
      vertex -25.413497924804688 23.055530548095703 -46
      vertex -25.499265670776367 23.198623657226562 -46
    endloop
  endfacet
  facet normal 0 0 1
    outer loop
      vertex -25.20207977294922 -22.79791831970215 -46
      vertex -30 -24.3431453704834 -46
      vertex -25.314117431640625 -22.921531677246094 -46
    endloop
  endfacet
  facet normal 0 0 1
    outer loop
      vertex -30 24.3431453704834 -46
      vertex -25.499265670776367 23.198623657226562 -46
      vertex -25.570594787597656 23.349437713623047 -46
    endloop
  endfacet
  facet normal 0 0 1
    outer loop
      vertex -25.314117431640625 -22.921531677246094 -46
      vertex -30 -24.3431453704834 -46
      vertex -25.413497924804688 -23.055530548095703 -46
    endloop
  endfacet
  facet normal 0 0 1
    outer loop
      vertex -30 24.3431453704834 -46
      vertex -25.570594787597656 23.349437713623047 -46
      vertex -25.62679672241211 23.506515502929688 -46
    endloop
  endfacet
  facet normal 0 0 1
    outer loop
      vertex -25.413497924804688 -23.055530548095703 -46
      vertex -30 -24.3431453704834 -46
      vertex -25.499265670776367 -23.198623657226562 -46
    endloop
  endfacet
  facet normal 0 0 1
    outer loop
      vertex -30 24.3431453704834 -46
      vertex -25.62679672241211 23.506515502929688 -46
      vertex -25.667335510253906 23.668346405029297 -46
    endloop
  endfacet
  facet normal 0 0 1
    outer loop
      vertex -25.499265670776367 -23.198623657226562 -46
      vertex -30 -24.3431453704834 -46
      vertex -25.570594787597656 -23.349437713623047 -46
    endloop
  endfacet
  facet normal 0 0 1
    outer loop
      vertex -30 24.3431453704834 -46
      vertex -25.667335510253906 23.668346405029297 -46
      vertex -25.691814422607422 23.833370208740234 -46
    endloop
  endfacet
  facet normal 0 0 1
    outer loop
      vertex -25.570594787597656 -23.349437713623047 -46
      vertex -30 -24.3431453704834 -46
      vertex -25.62679672241211 -23.506515502929688 -46
    endloop
  endfacet
  facet normal 0 0 1
    outer loop
      vertex -30 24.3431453704834 -46
      vertex -25.691814422607422 23.833370208740234 -46
      vertex -25.700000762939453 24 -46
    endloop
  endfacet
  facet normal 0 0 1
    outer loop
      vertex -25.62679672241211 -23.506515502929688 -46
      vertex -30 -24.3431453704834 -46
      vertex -25.667335510253906 -23.668346405029297 -46
    endloop
  endfacet
  facet normal 0 0 1
    outer loop
      vertex 25.62679672241211 23.506515502929688 -46
      vertex 30 24.3431453704834 -46
      vertex 25.667335510253906 23.668346405029297 -46
    endloop
  endfacet
  facet normal 0 0 1
    outer loop
      vertex 30 -24.3431453704834 -46
      vertex 25.691814422607422 -23.833370208740234 -46
      vertex 25.700000762939453 -24 -46
    endloop
  endfacet
  facet normal 0 0 1
    outer loop
      vertex 25.570594787597656 23.349437713623047 -46
      vertex 30 24.3431453704834 -46
      vertex 25.62679672241211 23.506515502929688 -46
    endloop
  endfacet
  facet normal 0 0 1
    outer loop
      vertex 30 -24.3431453704834 -46
      vertex 25.667335510253906 -23.668346405029297 -46
      vertex 25.691814422607422 -23.833370208740234 -46
    endloop
  endfacet
  facet normal 0 0 1
    outer loop
      vertex 25.499265670776367 23.198623657226562 -46
      vertex 30 24.3431453704834 -46
      vertex 25.570594787597656 23.349437713623047 -46
    endloop
  endfacet
  facet normal 0 0 1
    outer loop
      vertex 30 -24.3431453704834 -46
      vertex 25.62679672241211 -23.506515502929688 -46
      vertex 25.667335510253906 -23.668346405029297 -46
    endloop
  endfacet
  facet normal 0 0 1
    outer loop
      vertex 25.413497924804688 23.055530548095703 -46
      vertex 30 24.3431453704834 -46
      vertex 25.499265670776367 23.198623657226562 -46
    endloop
  endfacet
  facet normal 0 0 1
    outer loop
      vertex 30 -24.3431453704834 -46
      vertex 25.570594787597656 -23.349437713623047 -46
      vertex 25.62679672241211 -23.506515502929688 -46
    endloop
  endfacet
  facet normal 0 0 1
    outer loop
      vertex 25.314117431640625 22.921531677246094 -46
      vertex 30 24.3431453704834 -46
      vertex 25.413497924804688 23.055530548095703 -46
    endloop
  endfacet
  facet normal 0 0 1
    outer loop
      vertex 30 -24.3431453704834 -46
      vertex 25.499265670776367 -23.198623657226562 -46
      vertex 25.570594787597656 -23.349437713623047 -46
    endloop
  endfacet
  facet normal 0 0 1
    outer loop
      vertex 25.20207977294922 22.79791831970215 -46
      vertex 30 24.3431453704834 -46
      vertex 25.314117431640625 22.921531677246094 -46
    endloop
  endfacet
  facet normal 0 0 1
    outer loop
      vertex 30 -24.3431453704834 -46
      vertex 25.413497924804688 -23.055530548095703 -46
      vertex 25.499265670776367 -23.198623657226562 -46
    endloop
  endfacet
  facet normal 0 0 1
    outer loop
      vertex 30 24.3431453704834 -46
      vertex 21.299999237060547 17.057357788085938 -46
      vertex 30 -24.3431453704834 -46
    endloop
  endfacet
  facet normal 0 0 1
    outer loop
      vertex 30 -24.3431453704834 -46
      vertex 25.314117431640625 -22.921531677246094 -46
      vertex 25.413497924804688 -23.055530548095703 -46
    endloop
  endfacet
  facet normal 0 0 1
    outer loop
      vertex 25.078468322753906 22.685882568359375 -46
      vertex 30 24.3431453704834 -46
      vertex 25.20207977294922 22.79791831970215 -46
    endloop
  endfacet
  facet normal 0 0 1
    outer loop
      vertex 21.299999237060547 -17.057357788085938 -46
      vertex 30 -24.3431453704834 -46
      vertex 21.299999237060547 17.057357788085938 -46
    endloop
  endfacet
  facet normal 0 0 1
    outer loop
      vertex 24.944469451904297 22.586502075195312 -46
      vertex 30 24.3431453704834 -46
      vertex 25.078468322753906 22.685882568359375 -46
    endloop
  endfacet
  facet normal 0 0 1
    outer loop
      vertex 24.944469451904297 -22.586502075195312 -46
      vertex 30 -24.3431453704834 -46
      vertex 21.299999237060547 -17.057357788085938 -46
    endloop
  endfacet
  facet normal 0 0 1
    outer loop
      vertex 30 24.3431453704834 -46
      vertex 24.944469451904297 22.586502075195312 -46
      vertex 21.299999237060547 17.057357788085938 -46
    endloop
  endfacet
  facet normal 0 0 1
    outer loop
      vertex 30 -24.3431453704834 -46
      vertex 25.20207977294922 -22.79791831970215 -46
      vertex 25.314117431640625 -22.921531677246094 -46
    endloop
  endfacet
  facet normal 0 0 1
    outer loop
      vertex 21.299999237060547 17.057357788085938 -46
      vertex 24.944469451904297 22.586502075195312 -46
      vertex 24.801374435424805 22.500732421875 -46
    endloop
  endfacet
  facet normal 0 0 1
    outer loop
      vertex 30 -24.3431453704834 -46
      vertex 25.078468322753906 -22.685882568359375 -46
      vertex 25.20207977294922 -22.79791831970215 -46
    endloop
  endfacet
  facet normal 0 0 1
    outer loop
      vertex 21.299999237060547 17.057357788085938 -46
      vertex 24.801374435424805 22.500732421875 -46
      vertex 24.650562286376953 22.429405212402344 -46
    endloop
  endfacet
  facet normal 0 0 1
    outer loop
      vertex 30 -24.3431453704834 -46
      vertex 24.944469451904297 -22.586502075195312 -46
      vertex 25.078468322753906 -22.685882568359375 -46
    endloop
  endfacet
  facet normal 0 0 1
    outer loop
      vertex 21.299999237060547 17.057357788085938 -46
      vertex 24.650562286376953 22.429405212402344 -46
      vertex 24.493484497070312 22.373201370239258 -46
    endloop
  endfacet
  facet normal 0 0 1
    outer loop
      vertex 24.944469451904297 -22.586502075195312 -46
      vertex 21.299999237060547 -17.057357788085938 -46
      vertex 24.801374435424805 -22.500732421875 -46
    endloop
  endfacet
  facet normal 0 0 1
    outer loop
      vertex 21.299999237060547 17.057357788085938 -46
      vertex 24.493484497070312 22.373201370239258 -46
      vertex 24.331653594970703 22.332664489746094 -46
    endloop
  endfacet
  facet normal 0 0 1
    outer loop
      vertex 24.801374435424805 -22.500732421875 -46
      vertex 21.299999237060547 -17.057357788085938 -46
      vertex 24.650562286376953 -22.429405212402344 -46
    endloop
  endfacet
  facet normal 0 0 1
    outer loop
      vertex 21.299999237060547 17.057357788085938 -46
      vertex 24.331653594970703 22.332664489746094 -46
      vertex 24.166629791259766 22.308185577392578 -46
    endloop
  endfacet
  facet normal 0 0 1
    outer loop
      vertex 24.650562286376953 -22.429405212402344 -46
      vertex 21.299999237060547 -17.057357788085938 -46
      vertex 24.493484497070312 -22.373201370239258 -46
    endloop
  endfacet
  facet normal 0 0 1
    outer loop
      vertex 21.299999237060547 17.057357788085938 -46
      vertex 24.166629791259766 22.308185577392578 -46
      vertex 24 22.299999237060547 -46
    endloop
  endfacet
  facet normal 0 0 1
    outer loop
      vertex 24.493484497070312 -22.373201370239258 -46
      vertex 21.299999237060547 -17.057357788085938 -46
      vertex 24.331653594970703 -22.332664489746094 -46
    endloop
  endfacet
  facet normal 0 0 1
    outer loop
      vertex 21.299999237060547 17.057357788085938 -46
      vertex 24 22.299999237060547 -46
      vertex 23.833370208740234 22.308185577392578 -46
    endloop
  endfacet
  facet normal 0 0 1
    outer loop
      vertex 24.331653594970703 -22.332664489746094 -46
      vertex 21.299999237060547 -17.057357788085938 -46
      vertex 24.166629791259766 -22.308185577392578 -46
    endloop
  endfacet
  facet normal 0 0 1
    outer loop
      vertex 21.299999237060547 17.057357788085938 -46
      vertex 23.833370208740234 22.308185577392578 -46
      vertex 23.668346405029297 22.332664489746094 -46
    endloop
  endfacet
  facet normal 0 0 1
    outer loop
      vertex 24.166629791259766 -22.308185577392578 -46
      vertex 21.299999237060547 -17.057357788085938 -46
      vertex 24 -22.299999237060547 -46
    endloop
  endfacet
  facet normal 0 0 1
    outer loop
      vertex 21.299999237060547 17.057357788085938 -46
      vertex 23.668346405029297 22.332664489746094 -46
      vertex 23.506515502929688 22.373201370239258 -46
    endloop
  endfacet
  facet normal 0 0 1
    outer loop
      vertex 24 -22.299999237060547 -46
      vertex 21.299999237060547 -17.057357788085938 -46
      vertex 23.833370208740234 -22.308185577392578 -46
    endloop
  endfacet
  facet normal 0 0 1
    outer loop
      vertex 21.299999237060547 17.057357788085938 -46
      vertex 23.506515502929688 22.373201370239258 -46
      vertex 23.349437713623047 22.429405212402344 -46
    endloop
  endfacet
  facet normal 0 0 1
    outer loop
      vertex 23.833370208740234 -22.308185577392578 -46
      vertex 21.299999237060547 -17.057357788085938 -46
      vertex 23.668346405029297 -22.332664489746094 -46
    endloop
  endfacet
  facet normal 0 0 1
    outer loop
      vertex 21.299999237060547 17.057357788085938 -46
      vertex 23.349437713623047 22.429405212402344 -46
      vertex 23.198623657226562 22.500732421875 -46
    endloop
  endfacet
  facet normal 0 0 1
    outer loop
      vertex 23.668346405029297 -22.332664489746094 -46
      vertex 21.299999237060547 -17.057357788085938 -46
      vertex 23.506515502929688 -22.373201370239258 -46
    endloop
  endfacet
  facet normal 0 0 1
    outer loop
      vertex 21.299999237060547 17.057357788085938 -46
      vertex 23.198623657226562 22.500732421875 -46
      vertex 23.055530548095703 22.586502075195312 -46
    endloop
  endfacet
  facet normal 0 0 1
    outer loop
      vertex 23.506515502929688 -22.373201370239258 -46
      vertex 21.299999237060547 -17.057357788085938 -46
      vertex 23.349437713623047 -22.429405212402344 -46
    endloop
  endfacet
  facet normal 0 0 1
    outer loop
      vertex 21.299999237060547 17.057357788085938 -46
      vertex 23.055530548095703 22.586502075195312 -46
      vertex 22.921531677246094 22.685882568359375 -46
    endloop
  endfacet
  facet normal 0 0 1
    outer loop
      vertex 23.349437713623047 -22.429405212402344 -46
      vertex 21.299999237060547 -17.057357788085938 -46
      vertex 23.198623657226562 -22.500732421875 -46
    endloop
  endfacet
  facet normal 0 0 1
    outer loop
      vertex 21.299999237060547 17.057357788085938 -46
      vertex 22.921531677246094 22.685882568359375 -46
      vertex 22.79791831970215 22.79791831970215 -46
    endloop
  endfacet
  facet normal 0 0 1
    outer loop
      vertex 23.198623657226562 -22.500732421875 -46
      vertex 21.299999237060547 -17.057357788085938 -46
      vertex 23.055530548095703 -22.586502075195312 -46
    endloop
  endfacet
  facet normal 0 0 1
    outer loop
      vertex 17.057357788085938 21.299999237060547 -46
      vertex 22.79791831970215 22.79791831970215 -46
      vertex 22.685882568359375 22.921531677246094 -46
    endloop
  endfacet
  facet normal 0 0 1
    outer loop
      vertex 23.055530548095703 -22.586502075195312 -46
      vertex 21.299999237060547 -17.057357788085938 -46
      vertex 22.921531677246094 -22.685882568359375 -46
    endloop
  endfacet
  facet normal 0 0 1
    outer loop
      vertex 17.057357788085938 21.299999237060547 -46
      vertex 22.685882568359375 22.921531677246094 -46
      vertex 22.586502075195312 23.055530548095703 -46
    endloop
  endfacet
  facet normal 0 0 1
    outer loop
      vertex 22.921531677246094 -22.685882568359375 -46
      vertex 21.299999237060547 -17.057357788085938 -46
      vertex 22.79791831970215 -22.79791831970215 -46
    endloop
  endfacet
  facet normal 0 0 1
    outer loop
      vertex 17.057357788085938 21.299999237060547 -46
      vertex 22.586502075195312 23.055530548095703 -46
      vertex 22.500732421875 23.198623657226562 -46
    endloop
  endfacet
  facet normal 0 0 1
    outer loop
      vertex 17.057357788085938 -21.299999237060547 -46
      vertex 22.79791831970215 -22.79791831970215 -46
      vertex 21.299999237060547 -17.057357788085938 -46
    endloop
  endfacet
  facet normal 0 0 1
    outer loop
      vertex 17.057357788085938 21.299999237060547 -46
      vertex 22.500732421875 23.198623657226562 -46
      vertex 22.429405212402344 23.349437713623047 -46
    endloop
  endfacet
  facet normal 0 0 1
    outer loop
      vertex 22.79791831970215 -22.79791831970215 -46
      vertex 17.057357788085938 -21.299999237060547 -46
      vertex 22.685882568359375 -22.921531677246094 -46
    endloop
  endfacet
  facet normal 0 0 1
    outer loop
      vertex 17.057357788085938 21.299999237060547 -46
      vertex 22.429405212402344 23.349437713623047 -46
      vertex 22.373201370239258 23.506515502929688 -46
    endloop
  endfacet
  facet normal 0 0 1
    outer loop
      vertex 22.685882568359375 -22.921531677246094 -46
      vertex 17.057357788085938 -21.299999237060547 -46
      vertex 22.586502075195312 -23.055530548095703 -46
    endloop
  endfacet
  facet normal 0 0 1
    outer loop
      vertex 17.057357788085938 21.299999237060547 -46
      vertex 22.373201370239258 23.506515502929688 -46
      vertex 22.332664489746094 23.668346405029297 -46
    endloop
  endfacet
  facet normal 0 0 1
    outer loop
      vertex 22.586502075195312 -23.055530548095703 -46
      vertex 17.057357788085938 -21.299999237060547 -46
      vertex 22.500732421875 -23.198623657226562 -46
    endloop
  endfacet
  facet normal 0 0 1
    outer loop
      vertex 17.057357788085938 21.299999237060547 -46
      vertex 22.332664489746094 23.668346405029297 -46
      vertex 22.308185577392578 23.833370208740234 -46
    endloop
  endfacet
  facet normal 0 0 1
    outer loop
      vertex 22.500732421875 -23.198623657226562 -46
      vertex 17.057357788085938 -21.299999237060547 -46
      vertex 22.429405212402344 -23.349437713623047 -46
    endloop
  endfacet
  facet normal 0 0 1
    outer loop
      vertex 17.057357788085938 21.299999237060547 -46
      vertex 22.308185577392578 23.833370208740234 -46
      vertex 22.299999237060547 24 -46
    endloop
  endfacet
  facet normal 0 0 1
    outer loop
      vertex 22.429405212402344 -23.349437713623047 -46
      vertex 17.057357788085938 -21.299999237060547 -46
      vertex 22.373201370239258 -23.506515502929688 -46
    endloop
  endfacet
  facet normal 0 0 1
    outer loop
      vertex 25.691814422607422 23.833370208740234 -46
      vertex 30 24.3431453704834 -46
      vertex 25.700000762939453 24 -46
    endloop
  endfacet
  facet normal 0 0 1
    outer loop
      vertex 30 24.3431453704834 -46
      vertex 25.691814422607422 24.166629791259766 -46
      vertex 25.700000762939453 24 -46
    endloop
  endfacet
  facet normal 0 0 1
    outer loop
      vertex 30 24.3431453704834 -46
      vertex 25.667335510253906 24.331653594970703 -46
      vertex 25.691814422607422 24.166629791259766 -46
    endloop
  endfacet
  facet normal 0 0 1
    outer loop
      vertex 30 24.3431453704834 -46
      vertex 25.62679672241211 24.493484497070312 -46
      vertex 25.667335510253906 24.331653594970703 -46
    endloop
  endfacet
  facet normal 0 0 1
    outer loop
      vertex 30 24.3431453704834 -46
      vertex 25.570594787597656 24.650562286376953 -46
      vertex 25.62679672241211 24.493484497070312 -46
    endloop
  endfacet
  facet normal 0 0 1
    outer loop
      vertex 30 24.3431453704834 -46
      vertex 25.499265670776367 24.801374435424805 -46
      vertex 25.570594787597656 24.650562286376953 -46
    endloop
  endfacet
  facet normal 0 0 1
    outer loop
      vertex 30 24.3431453704834 -46
      vertex 25.413497924804688 24.944469451904297 -46
      vertex 25.499265670776367 24.801374435424805 -46
    endloop
  endfacet
  facet normal 0 0 1
    outer loop
      vertex 30 24.3431453704834 -46
      vertex 25.314117431640625 25.078468322753906 -46
      vertex 25.413497924804688 24.944469451904297 -46
    endloop
  endfacet
  facet normal 0 0 1
    outer loop
      vertex 30 24.3431453704834 -46
      vertex 25.20207977294922 25.20207977294922 -46
      vertex 25.314117431640625 25.078468322753906 -46
    endloop
  endfacet
  facet normal 0 0 1
    outer loop
      vertex 24.3431453704834 30 -46
      vertex 25.20207977294922 25.20207977294922 -46
      vertex 30 24.3431453704834 -46
    endloop
  endfacet
  facet normal 0 0 1
    outer loop
      vertex 25.20207977294922 25.20207977294922 -46
      vertex 24.3431453704834 30 -46
      vertex 25.078468322753906 25.314117431640625 -46
    endloop
  endfacet
  facet normal 0 0 1
    outer loop
      vertex 25.078468322753906 25.314117431640625 -46
      vertex 24.3431453704834 30 -46
      vertex 24.944469451904297 25.413497924804688 -46
    endloop
  endfacet
  facet normal 0 0 1
    outer loop
      vertex 24.944469451904297 25.413497924804688 -46
      vertex 24.3431453704834 30 -46
      vertex 24.801374435424805 25.499265670776367 -46
    endloop
  endfacet
  facet normal 0 0 1
    outer loop
      vertex 24.801374435424805 25.499265670776367 -46
      vertex 24.3431453704834 30 -46
      vertex 24.650562286376953 25.570594787597656 -46
    endloop
  endfacet
  facet normal 0 0 1
    outer loop
      vertex 24.650562286376953 25.570594787597656 -46
      vertex 24.3431453704834 30 -46
      vertex 24.493484497070312 25.62679672241211 -46
    endloop
  endfacet
  facet normal 0 0 1
    outer loop
      vertex 24.3431453704834 30 -46
      vertex 24.331653594970703 25.667335510253906 -46
      vertex 24.493484497070312 25.62679672241211 -46
    endloop
  endfacet
  facet normal 0 0 1
    outer loop
      vertex 24.3431453704834 30 -46
      vertex 24.166629791259766 25.691814422607422 -46
      vertex 24.331653594970703 25.667335510253906 -46
    endloop
  endfacet
  facet normal 0 0 1
    outer loop
      vertex 24.3431453704834 30 -46
      vertex 24 25.700000762939453 -46
      vertex 24.166629791259766 25.691814422607422 -46
    endloop
  endfacet
  facet normal 0 0 1
    outer loop
      vertex 24.3431453704834 30 -46
      vertex 23.833370208740234 25.691814422607422 -46
      vertex 24 25.700000762939453 -46
    endloop
  endfacet
  facet normal 0 0 1
    outer loop
      vertex 24.3431453704834 30 -46
      vertex 23.668346405029297 25.667335510253906 -46
      vertex 23.833370208740234 25.691814422607422 -46
    endloop
  endfacet
  facet normal 0 0 1
    outer loop
      vertex 24.3431453704834 30 -46
      vertex 23.506515502929688 25.62679672241211 -46
      vertex 23.668346405029297 25.667335510253906 -46
    endloop
  endfacet
  facet normal 0 0 1
    outer loop
      vertex 24.3431453704834 30 -46
      vertex 23.349437713623047 25.570594787597656 -46
      vertex 23.506515502929688 25.62679672241211 -46
    endloop
  endfacet
  facet normal 0 0 1
    outer loop
      vertex 24.3431453704834 30 -46
      vertex 23.198623657226562 25.499265670776367 -46
      vertex 23.349437713623047 25.570594787597656 -46
    endloop
  endfacet
  facet normal 0 0 1
    outer loop
      vertex 24.3431453704834 30 -46
      vertex 23.055530548095703 25.413497924804688 -46
      vertex 23.198623657226562 25.499265670776367 -46
    endloop
  endfacet
  facet normal 0 0 1
    outer loop
      vertex 24.3431453704834 30 -46
      vertex 22.921531677246094 25.314117431640625 -46
      vertex 23.055530548095703 25.413497924804688 -46
    endloop
  endfacet
  facet normal 0 0 1
    outer loop
      vertex 24.3431453704834 30 -46
      vertex 22.79791831970215 25.20207977294922 -46
      vertex 22.921531677246094 25.314117431640625 -46
    endloop
  endfacet
  facet normal 0 0 1
    outer loop
      vertex 24.3431453704834 30 -46
      vertex 22.685882568359375 25.078468322753906 -46
      vertex 22.79791831970215 25.20207977294922 -46
    endloop
  endfacet
  facet normal 0 0 1
    outer loop
      vertex 24.3431453704834 30 -46
      vertex 22.586502075195312 24.944469451904297 -46
      vertex 22.685882568359375 25.078468322753906 -46
    endloop
  endfacet
  facet normal 0 0 1
    outer loop
      vertex 17.057357788085938 21.299999237060547 -46
      vertex 22.586502075195312 24.944469451904297 -46
      vertex 24.3431453704834 30 -46
    endloop
  endfacet
  facet normal 0 0 1
    outer loop
      vertex 22.586502075195312 24.944469451904297 -46
      vertex 17.057357788085938 21.299999237060547 -46
      vertex 22.500732421875 24.801374435424805 -46
    endloop
  endfacet
  facet normal 0 0 1
    outer loop
      vertex 22.500732421875 24.801374435424805 -46
      vertex 17.057357788085938 21.299999237060547 -46
      vertex 22.429405212402344 24.650562286376953 -46
    endloop
  endfacet
  facet normal 0 0 1
    outer loop
      vertex 22.373201370239258 -23.506515502929688 -46
      vertex 17.057357788085938 -21.299999237060547 -46
      vertex 22.332664489746094 -23.668346405029297 -46
    endloop
  endfacet
  facet normal 0 0 1
    outer loop
      vertex 17.057357788085938 21.299999237060547 -46
      vertex 22.299999237060547 24 -46
      vertex 22.308185577392578 24.166629791259766 -46
    endloop
  endfacet
  facet normal 0 0 1
    outer loop
      vertex 22.79791831970215 22.79791831970215 -46
      vertex 17.057357788085938 21.299999237060547 -46
      vertex 21.299999237060547 17.057357788085938 -46
    endloop
  endfacet
  facet normal 0 0 1
    outer loop
      vertex 22.332664489746094 24.331653594970703 -46
      vertex 17.057357788085938 21.299999237060547 -46
      vertex 22.308185577392578 24.166629791259766 -46
    endloop
  endfacet
  facet normal 0 0 1
    outer loop
      vertex 22.373201370239258 24.493484497070312 -46
      vertex 17.057357788085938 21.299999237060547 -46
      vertex 22.332664489746094 24.331653594970703 -46
    endloop
  endfacet
  facet normal 0 0 1
    outer loop
      vertex 22.429405212402344 24.650562286376953 -46
      vertex 17.057357788085938 21.299999237060547 -46
      vertex 22.373201370239258 24.493484497070312 -46
    endloop
  endfacet
  facet normal 0 0 1
    outer loop
      vertex 24.3431453704834 30 -46
      vertex -17.057357788085938 21.299999237060547 -46
      vertex 17.057357788085938 21.299999237060547 -46
    endloop
  endfacet
  facet normal 0 0 1
    outer loop
      vertex -22.332664489746094 23.668346405029297 -46
      vertex -17.057357788085938 21.299999237060547 -46
      vertex -22.308185577392578 23.833370208740234 -46
    endloop
  endfacet
  facet normal 0 0 1
    outer loop
      vertex -22.308185577392578 23.833370208740234 -46
      vertex -17.057357788085938 21.299999237060547 -46
      vertex -22.299999237060547 24 -46
    endloop
  endfacet
  facet normal 0 0 1
    outer loop
      vertex -24.3431453704834 30 -46
      vertex -17.057357788085938 21.299999237060547 -46
      vertex 24.3431453704834 30 -46
    endloop
  endfacet
  facet normal 0 0 1
    outer loop
      vertex -17.057357788085938 21.299999237060547 -46
      vertex -22.308185577392578 24.166629791259766 -46
      vertex -22.299999237060547 24 -46
    endloop
  endfacet
  facet normal 0 0 1
    outer loop
      vertex -17.057357788085938 21.299999237060547 -46
      vertex -22.332664489746094 24.331653594970703 -46
      vertex -22.308185577392578 24.166629791259766 -46
    endloop
  endfacet
  facet normal 0 0 1
    outer loop
      vertex -17.057357788085938 21.299999237060547 -46
      vertex -22.373201370239258 24.493484497070312 -46
      vertex -22.332664489746094 24.331653594970703 -46
    endloop
  endfacet
  facet normal 0 0 1
    outer loop
      vertex -17.057357788085938 21.299999237060547 -46
      vertex -22.429405212402344 24.650562286376953 -46
      vertex -22.373201370239258 24.493484497070312 -46
    endloop
  endfacet
  facet normal 0 0 1
    outer loop
      vertex -17.057357788085938 21.299999237060547 -46
      vertex -22.500732421875 24.801374435424805 -46
      vertex -22.429405212402344 24.650562286376953 -46
    endloop
  endfacet
  facet normal 0 0 1
    outer loop
      vertex -22.586502075195312 24.944469451904297 -46
      vertex -17.057357788085938 21.299999237060547 -46
      vertex -24.3431453704834 30 -46
    endloop
  endfacet
  facet normal 0 0 1
    outer loop
      vertex -17.057357788085938 21.299999237060547 -46
      vertex -22.586502075195312 24.944469451904297 -46
      vertex -22.500732421875 24.801374435424805 -46
    endloop
  endfacet
  facet normal 0 0 1
    outer loop
      vertex -22.586502075195312 24.944469451904297 -46
      vertex -24.3431453704834 30 -46
      vertex -22.685882568359375 25.078468322753906 -46
    endloop
  endfacet
  facet normal 0 0 1
    outer loop
      vertex -22.685882568359375 25.078468322753906 -46
      vertex -24.3431453704834 30 -46
      vertex -22.79791831970215 25.20207977294922 -46
    endloop
  endfacet
  facet normal 0 0 1
    outer loop
      vertex -22.79791831970215 25.20207977294922 -46
      vertex -24.3431453704834 30 -46
      vertex -22.921531677246094 25.314117431640625 -46
    endloop
  endfacet
  facet normal 0 0 1
    outer loop
      vertex -22.921531677246094 25.314117431640625 -46
      vertex -24.3431453704834 30 -46
      vertex -23.055530548095703 25.413497924804688 -46
    endloop
  endfacet
  facet normal 0 0 1
    outer loop
      vertex -23.055530548095703 25.413497924804688 -46
      vertex -24.3431453704834 30 -46
      vertex -23.198623657226562 25.499265670776367 -46
    endloop
  endfacet
  facet normal 0 0 1
    outer loop
      vertex -23.198623657226562 25.499265670776367 -46
      vertex -24.3431453704834 30 -46
      vertex -23.349437713623047 25.570594787597656 -46
    endloop
  endfacet
  facet normal 0 0 1
    outer loop
      vertex -23.349437713623047 25.570594787597656 -46
      vertex -24.3431453704834 30 -46
      vertex -23.506515502929688 25.62679672241211 -46
    endloop
  endfacet
  facet normal 0 0 1
    outer loop
      vertex -23.506515502929688 25.62679672241211 -46
      vertex -24.3431453704834 30 -46
      vertex -23.668346405029297 25.667335510253906 -46
    endloop
  endfacet
  facet normal 0 0 1
    outer loop
      vertex -23.668346405029297 25.667335510253906 -46
      vertex -24.3431453704834 30 -46
      vertex -23.833370208740234 25.691814422607422 -46
    endloop
  endfacet
  facet normal 0 0 1
    outer loop
      vertex -23.833370208740234 25.691814422607422 -46
      vertex -24.3431453704834 30 -46
      vertex -24 25.700000762939453 -46
    endloop
  endfacet
  facet normal 0 0 1
    outer loop
      vertex -24 25.700000762939453 -46
      vertex -24.3431453704834 30 -46
      vertex -24.166629791259766 25.691814422607422 -46
    endloop
  endfacet
  facet normal 0 0 1
    outer loop
      vertex -24.3431453704834 30 -46
      vertex -24.331653594970703 25.667335510253906 -46
      vertex -24.166629791259766 25.691814422607422 -46
    endloop
  endfacet
  facet normal 0 0 1
    outer loop
      vertex -24.3431453704834 30 -46
      vertex -24.493484497070312 25.62679672241211 -46
      vertex -24.331653594970703 25.667335510253906 -46
    endloop
  endfacet
  facet normal 0 0 1
    outer loop
      vertex -24.3431453704834 30 -46
      vertex -24.650562286376953 25.570594787597656 -46
      vertex -24.493484497070312 25.62679672241211 -46
    endloop
  endfacet
  facet normal 0 0 1
    outer loop
      vertex -24.3431453704834 30 -46
      vertex -24.801374435424805 25.499265670776367 -46
      vertex -24.650562286376953 25.570594787597656 -46
    endloop
  endfacet
  facet normal 0 0 1
    outer loop
      vertex -24.3431453704834 30 -46
      vertex -24.944469451904297 25.413497924804688 -46
      vertex -24.801374435424805 25.499265670776367 -46
    endloop
  endfacet
  facet normal 0 0 1
    outer loop
      vertex -24.3431453704834 30 -46
      vertex -25.078468322753906 25.314117431640625 -46
      vertex -24.944469451904297 25.413497924804688 -46
    endloop
  endfacet
  facet normal 0 0 1
    outer loop
      vertex -24.3431453704834 30 -46
      vertex -25.20207977294922 25.20207977294922 -46
      vertex -25.078468322753906 25.314117431640625 -46
    endloop
  endfacet
  facet normal 0 0 1
    outer loop
      vertex -30 24.3431453704834 -46
      vertex -25.20207977294922 25.20207977294922 -46
      vertex -24.3431453704834 30 -46
    endloop
  endfacet
  facet normal 0 0 1
    outer loop
      vertex -25.20207977294922 25.20207977294922 -46
      vertex -30 24.3431453704834 -46
      vertex -25.314117431640625 25.078468322753906 -46
    endloop
  endfacet
  facet normal 0 0 1
    outer loop
      vertex -25.314117431640625 25.078468322753906 -46
      vertex -30 24.3431453704834 -46
      vertex -25.413497924804688 24.944469451904297 -46
    endloop
  endfacet
  facet normal 0 0 1
    outer loop
      vertex -25.413497924804688 24.944469451904297 -46
      vertex -30 24.3431453704834 -46
      vertex -25.499265670776367 24.801374435424805 -46
    endloop
  endfacet
  facet normal 0 0 1
    outer loop
      vertex -25.499265670776367 24.801374435424805 -46
      vertex -30 24.3431453704834 -46
      vertex -25.570594787597656 24.650562286376953 -46
    endloop
  endfacet
  facet normal 0 0 1
    outer loop
      vertex -25.570594787597656 24.650562286376953 -46
      vertex -30 24.3431453704834 -46
      vertex -25.62679672241211 24.493484497070312 -46
    endloop
  endfacet
  facet normal 0 0 1
    outer loop
      vertex -25.667335510253906 -23.668346405029297 -46
      vertex -30 -24.3431453704834 -46
      vertex -25.691814422607422 -23.833370208740234 -46
    endloop
  endfacet
  facet normal 0 0 1
    outer loop
      vertex -25.691814422607422 24.166629791259766 -46
      vertex -30 24.3431453704834 -46
      vertex -25.700000762939453 24 -46
    endloop
  endfacet
  facet normal 0 0 1
    outer loop
      vertex -25.667335510253906 24.331653594970703 -46
      vertex -30 24.3431453704834 -46
      vertex -25.691814422607422 24.166629791259766 -46
    endloop
  endfacet
  facet normal 0 0 1
    outer loop
      vertex -25.62679672241211 24.493484497070312 -46
      vertex -30 24.3431453704834 -46
      vertex -25.667335510253906 24.331653594970703 -46
    endloop
  endfacet
  facet normal 0 0 1
    outer loop
      vertex 25.667335510253906 23.668346405029297 -46
      vertex 30 24.3431453704834 -46
      vertex 25.691814422607422 23.833370208740234 -46
    endloop
  endfacet
  facet normal 0 0 1
    outer loop
      vertex 25.691814422607422 -24.166629791259766 -46
      vertex 30 -24.3431453704834 -46
      vertex 25.700000762939453 -24 -46
    endloop
  endfacet
  facet normal 0 0 1
    outer loop
      vertex 25.667335510253906 -24.331653594970703 -46
      vertex 30 -24.3431453704834 -46
      vertex 25.691814422607422 -24.166629791259766 -46
    endloop
  endfacet
  facet normal 0 0 1
    outer loop
      vertex 25.62679672241211 -24.493484497070312 -46
      vertex 30 -24.3431453704834 -46
      vertex 25.667335510253906 -24.331653594970703 -46
    endloop
  endfacet
  facet normal 0 0 1
    outer loop
      vertex 25.570594787597656 -24.650562286376953 -46
      vertex 30 -24.3431453704834 -46
      vertex 25.62679672241211 -24.493484497070312 -46
    endloop
  endfacet
  facet normal 0 0 1
    outer loop
      vertex 25.499265670776367 -24.801374435424805 -46
      vertex 30 -24.3431453704834 -46
      vertex 25.570594787597656 -24.650562286376953 -46
    endloop
  endfacet
  facet normal 0 0 1
    outer loop
      vertex 25.413497924804688 -24.944469451904297 -46
      vertex 30 -24.3431453704834 -46
      vertex 25.499265670776367 -24.801374435424805 -46
    endloop
  endfacet
  facet normal 0 0 1
    outer loop
      vertex 25.314117431640625 -25.078468322753906 -46
      vertex 30 -24.3431453704834 -46
      vertex 25.413497924804688 -24.944469451904297 -46
    endloop
  endfacet
  facet normal 0 0 1
    outer loop
      vertex 25.20207977294922 -25.20207977294922 -46
      vertex 30 -24.3431453704834 -46
      vertex 25.314117431640625 -25.078468322753906 -46
    endloop
  endfacet
  facet normal 0 0 1
    outer loop
      vertex 24.3431453704834 -30 -46
      vertex 25.20207977294922 -25.20207977294922 -46
      vertex 25.078468322753906 -25.314117431640625 -46
    endloop
  endfacet
  facet normal 0 0 1
    outer loop
      vertex 24.3431453704834 -30 -46
      vertex 25.078468322753906 -25.314117431640625 -46
      vertex 24.944469451904297 -25.413497924804688 -46
    endloop
  endfacet
  facet normal 0 0 1
    outer loop
      vertex 24.3431453704834 -30 -46
      vertex 24.944469451904297 -25.413497924804688 -46
      vertex 24.801374435424805 -25.499265670776367 -46
    endloop
  endfacet
  facet normal 0 0 1
    outer loop
      vertex 24.3431453704834 -30 -46
      vertex 24.801374435424805 -25.499265670776367 -46
      vertex 24.650562286376953 -25.570594787597656 -46
    endloop
  endfacet
  facet normal 0 0 1
    outer loop
      vertex 24.3431453704834 -30 -46
      vertex 24.650562286376953 -25.570594787597656 -46
      vertex 24.493484497070312 -25.62679672241211 -46
    endloop
  endfacet
  facet normal 0 0 1
    outer loop
      vertex 25.20207977294922 -25.20207977294922 -46
      vertex 24.3431453704834 -30 -46
      vertex 30 -24.3431453704834 -46
    endloop
  endfacet
  facet normal 0 0 1
    outer loop
      vertex 24.331653594970703 -25.667335510253906 -46
      vertex 24.3431453704834 -30 -46
      vertex 24.493484497070312 -25.62679672241211 -46
    endloop
  endfacet
  facet normal 0 0 1
    outer loop
      vertex 24.166629791259766 -25.691814422607422 -46
      vertex 24.3431453704834 -30 -46
      vertex 24.331653594970703 -25.667335510253906 -46
    endloop
  endfacet
  facet normal 0 0 1
    outer loop
      vertex 24 -25.700000762939453 -46
      vertex 24.3431453704834 -30 -46
      vertex 24.166629791259766 -25.691814422607422 -46
    endloop
  endfacet
  facet normal 0 0 1
    outer loop
      vertex 23.833370208740234 -25.691814422607422 -46
      vertex 24.3431453704834 -30 -46
      vertex 24 -25.700000762939453 -46
    endloop
  endfacet
  facet normal 0 0 1
    outer loop
      vertex 23.668346405029297 -25.667335510253906 -46
      vertex 24.3431453704834 -30 -46
      vertex 23.833370208740234 -25.691814422607422 -46
    endloop
  endfacet
  facet normal 0 0 1
    outer loop
      vertex 23.506515502929688 -25.62679672241211 -46
      vertex 24.3431453704834 -30 -46
      vertex 23.668346405029297 -25.667335510253906 -46
    endloop
  endfacet
  facet normal 0 0 1
    outer loop
      vertex 23.349437713623047 -25.570594787597656 -46
      vertex 24.3431453704834 -30 -46
      vertex 23.506515502929688 -25.62679672241211 -46
    endloop
  endfacet
  facet normal 0 0 1
    outer loop
      vertex 23.198623657226562 -25.499265670776367 -46
      vertex 24.3431453704834 -30 -46
      vertex 23.349437713623047 -25.570594787597656 -46
    endloop
  endfacet
  facet normal 0 0 1
    outer loop
      vertex 23.055530548095703 -25.413497924804688 -46
      vertex 24.3431453704834 -30 -46
      vertex 23.198623657226562 -25.499265670776367 -46
    endloop
  endfacet
  facet normal 0 0 1
    outer loop
      vertex 22.921531677246094 -25.314117431640625 -46
      vertex 24.3431453704834 -30 -46
      vertex 23.055530548095703 -25.413497924804688 -46
    endloop
  endfacet
  facet normal 0 0 1
    outer loop
      vertex 22.79791831970215 -25.20207977294922 -46
      vertex 24.3431453704834 -30 -46
      vertex 22.921531677246094 -25.314117431640625 -46
    endloop
  endfacet
  facet normal 0 0 1
    outer loop
      vertex 22.685882568359375 -25.078468322753906 -46
      vertex 24.3431453704834 -30 -46
      vertex 22.79791831970215 -25.20207977294922 -46
    endloop
  endfacet
  facet normal 0 0 1
    outer loop
      vertex 22.586502075195312 -24.944469451904297 -46
      vertex 24.3431453704834 -30 -46
      vertex 22.685882568359375 -25.078468322753906 -46
    endloop
  endfacet
  facet normal 0 0 1
    outer loop
      vertex 17.057357788085938 -21.299999237060547 -46
      vertex 22.586502075195312 -24.944469451904297 -46
      vertex 22.500732421875 -24.801374435424805 -46
    endloop
  endfacet
  facet normal 0 0 1
    outer loop
      vertex 17.057357788085938 -21.299999237060547 -46
      vertex 22.500732421875 -24.801374435424805 -46
      vertex 22.429405212402344 -24.650562286376953 -46
    endloop
  endfacet
  facet normal 0 0 1
    outer loop
      vertex 17.057357788085938 -21.299999237060547 -46
      vertex 22.429405212402344 -24.650562286376953 -46
      vertex 22.373201370239258 -24.493484497070312 -46
    endloop
  endfacet
  facet normal 0 0 1
    outer loop
      vertex 22.332664489746094 -23.668346405029297 -46
      vertex 17.057357788085938 -21.299999237060547 -46
      vertex 22.308185577392578 -23.833370208740234 -46
    endloop
  endfacet
  facet normal 0 0 1
    outer loop
      vertex 22.308185577392578 -23.833370208740234 -46
      vertex 17.057357788085938 -21.299999237060547 -46
      vertex 22.299999237060547 -24 -46
    endloop
  endfacet
  facet normal 0 0 1
    outer loop
      vertex 22.299999237060547 -24 -46
      vertex 17.057357788085938 -21.299999237060547 -46
      vertex 22.308185577392578 -24.166629791259766 -46
    endloop
  endfacet
  facet normal 0 0 1
    outer loop
      vertex 17.057357788085938 -21.299999237060547 -46
      vertex 22.332664489746094 -24.331653594970703 -46
      vertex 22.308185577392578 -24.166629791259766 -46
    endloop
  endfacet
  facet normal 0 0 1
    outer loop
      vertex 17.057357788085938 -21.299999237060547 -46
      vertex 22.373201370239258 -24.493484497070312 -46
      vertex 22.332664489746094 -24.331653594970703 -46
    endloop
  endfacet
  facet normal 0 0 1
    outer loop
      vertex 22.586502075195312 -24.944469451904297 -46
      vertex 17.057357788085938 -21.299999237060547 -46
      vertex 24.3431453704834 -30 -46
    endloop
  endfacet
  facet normal 0 0 1
    outer loop
      vertex -17.057357788085938 -21.299999237060547 -46
      vertex 24.3431453704834 -30 -46
      vertex 17.057357788085938 -21.299999237060547 -46
    endloop
  endfacet
  facet normal 0 0 1
    outer loop
      vertex -22.373201370239258 23.506515502929688 -46
      vertex -17.057357788085938 21.299999237060547 -46
      vertex -22.332664489746094 23.668346405029297 -46
    endloop
  endfacet
  facet normal 0 0 1
    outer loop
      vertex -22.299999237060547 -24 -46
      vertex -17.057357788085938 -21.299999237060547 -46
      vertex -21.299999237060547 -17.057357788085938 -46
    endloop
  endfacet
  facet normal 0 0 1
    outer loop
      vertex -22.308185577392578 -24.166629791259766 -46
      vertex -17.057357788085938 -21.299999237060547 -46
      vertex -22.299999237060547 -24 -46
    endloop
  endfacet
  facet normal 0 0 1
    outer loop
      vertex -22.332664489746094 -24.331653594970703 -46
      vertex -17.057357788085938 -21.299999237060547 -46
      vertex -22.308185577392578 -24.166629791259766 -46
    endloop
  endfacet
  facet normal 0 0 1
    outer loop
      vertex -22.373201370239258 -24.493484497070312 -46
      vertex -17.057357788085938 -21.299999237060547 -46
      vertex -22.332664489746094 -24.331653594970703 -46
    endloop
  endfacet
  facet normal 0 0 1
    outer loop
      vertex -22.429405212402344 -24.650562286376953 -46
      vertex -17.057357788085938 -21.299999237060547 -46
      vertex -22.373201370239258 -24.493484497070312 -46
    endloop
  endfacet
  facet normal 0 0 1
    outer loop
      vertex -22.500732421875 -24.801374435424805 -46
      vertex -17.057357788085938 -21.299999237060547 -46
      vertex -22.429405212402344 -24.650562286376953 -46
    endloop
  endfacet
  facet normal 0 0 1
    outer loop
      vertex -22.586502075195312 -24.944469451904297 -46
      vertex -17.057357788085938 -21.299999237060547 -46
      vertex -22.500732421875 -24.801374435424805 -46
    endloop
  endfacet
  facet normal 0 0 1
    outer loop
      vertex -17.057357788085938 -21.299999237060547 -46
      vertex -22.586502075195312 -24.944469451904297 -46
      vertex -24.3431453704834 -30 -46
    endloop
  endfacet
  facet normal 0 0 1
    outer loop
      vertex -24.3431453704834 -30 -46
      vertex -22.586502075195312 -24.944469451904297 -46
      vertex -22.685882568359375 -25.078468322753906 -46
    endloop
  endfacet
  facet normal 0 0 1
    outer loop
      vertex -24.3431453704834 -30 -46
      vertex -22.685882568359375 -25.078468322753906 -46
      vertex -22.79791831970215 -25.20207977294922 -46
    endloop
  endfacet
  facet normal 0 0 1
    outer loop
      vertex -24.3431453704834 -30 -46
      vertex -22.79791831970215 -25.20207977294922 -46
      vertex -22.921531677246094 -25.314117431640625 -46
    endloop
  endfacet
  facet normal 0 0 1
    outer loop
      vertex -24.3431453704834 -30 -46
      vertex -22.921531677246094 -25.314117431640625 -46
      vertex -23.055530548095703 -25.413497924804688 -46
    endloop
  endfacet
  facet normal 0 0 1
    outer loop
      vertex -24.3431453704834 -30 -46
      vertex -23.055530548095703 -25.413497924804688 -46
      vertex -23.198623657226562 -25.499265670776367 -46
    endloop
  endfacet
  facet normal 0 0 1
    outer loop
      vertex -24.3431453704834 -30 -46
      vertex -23.198623657226562 -25.499265670776367 -46
      vertex -23.349437713623047 -25.570594787597656 -46
    endloop
  endfacet
  facet normal 0 0 1
    outer loop
      vertex -24.3431453704834 -30 -46
      vertex -23.349437713623047 -25.570594787597656 -46
      vertex -23.506515502929688 -25.62679672241211 -46
    endloop
  endfacet
  facet normal 0 0 1
    outer loop
      vertex -24.3431453704834 -30 -46
      vertex -23.506515502929688 -25.62679672241211 -46
      vertex -23.668346405029297 -25.667335510253906 -46
    endloop
  endfacet
  facet normal 0 0 1
    outer loop
      vertex -24.3431453704834 -30 -46
      vertex -23.668346405029297 -25.667335510253906 -46
      vertex -23.833370208740234 -25.691814422607422 -46
    endloop
  endfacet
  facet normal 0 0 1
    outer loop
      vertex -24.3431453704834 -30 -46
      vertex -23.833370208740234 -25.691814422607422 -46
      vertex -24 -25.700000762939453 -46
    endloop
  endfacet
  facet normal 0 0 1
    outer loop
      vertex -24.3431453704834 -30 -46
      vertex -24 -25.700000762939453 -46
      vertex -24.166629791259766 -25.691814422607422 -46
    endloop
  endfacet
  facet normal 0 0 1
    outer loop
      vertex -17.057357788085938 -21.299999237060547 -46
      vertex -24.3431453704834 -30 -46
      vertex 24.3431453704834 -30 -46
    endloop
  endfacet
  facet normal 0 0 1
    outer loop
      vertex -24.331653594970703 -25.667335510253906 -46
      vertex -24.3431453704834 -30 -46
      vertex -24.166629791259766 -25.691814422607422 -46
    endloop
  endfacet
  facet normal 0 0 1
    outer loop
      vertex -24.493484497070312 -25.62679672241211 -46
      vertex -24.3431453704834 -30 -46
      vertex -24.331653594970703 -25.667335510253906 -46
    endloop
  endfacet
  facet normal 0 0 1
    outer loop
      vertex -24.650562286376953 -25.570594787597656 -46
      vertex -24.3431453704834 -30 -46
      vertex -24.493484497070312 -25.62679672241211 -46
    endloop
  endfacet
  facet normal 0 0 1
    outer loop
      vertex -24.801374435424805 -25.499265670776367 -46
      vertex -24.3431453704834 -30 -46
      vertex -24.650562286376953 -25.570594787597656 -46
    endloop
  endfacet
  facet normal 0 0 1
    outer loop
      vertex -24.944469451904297 -25.413497924804688 -46
      vertex -24.3431453704834 -30 -46
      vertex -24.801374435424805 -25.499265670776367 -46
    endloop
  endfacet
  facet normal 0 0 1
    outer loop
      vertex -25.078468322753906 -25.314117431640625 -46
      vertex -24.3431453704834 -30 -46
      vertex -24.944469451904297 -25.413497924804688 -46
    endloop
  endfacet
  facet normal 0 0 1
    outer loop
      vertex -25.20207977294922 -25.20207977294922 -46
      vertex -24.3431453704834 -30 -46
      vertex -25.078468322753906 -25.314117431640625 -46
    endloop
  endfacet
  facet normal 0 0 1
    outer loop
      vertex -30 -24.3431453704834 -46
      vertex -25.20207977294922 -25.20207977294922 -46
      vertex -25.314117431640625 -25.078468322753906 -46
    endloop
  endfacet
  facet normal 0 0 1
    outer loop
      vertex -30 -24.3431453704834 -46
      vertex -25.314117431640625 -25.078468322753906 -46
      vertex -25.413497924804688 -24.944469451904297 -46
    endloop
  endfacet
  facet normal 0 0 1
    outer loop
      vertex -30 -24.3431453704834 -46
      vertex -25.413497924804688 -24.944469451904297 -46
      vertex -25.499265670776367 -24.801374435424805 -46
    endloop
  endfacet
  facet normal 0 0 1
    outer loop
      vertex -30 -24.3431453704834 -46
      vertex -25.499265670776367 -24.801374435424805 -46
      vertex -25.570594787597656 -24.650562286376953 -46
    endloop
  endfacet
  facet normal 0 0 1
    outer loop
      vertex -30 -24.3431453704834 -46
      vertex -25.570594787597656 -24.650562286376953 -46
      vertex -25.62679672241211 -24.493484497070312 -46
    endloop
  endfacet
  facet normal 0 0 1
    outer loop
      vertex -30 -24.3431453704834 -46
      vertex -25.62679672241211 -24.493484497070312 -46
      vertex -25.667335510253906 -24.331653594970703 -46
    endloop
  endfacet
  facet normal 0 0 1
    outer loop
      vertex -25.691814422607422 -23.833370208740234 -46
      vertex -30 -24.3431453704834 -46
      vertex -25.700000762939453 -24 -46
    endloop
  endfacet
  facet normal 0 0 1
    outer loop
      vertex -25.20207977294922 -25.20207977294922 -46
      vertex -30 -24.3431453704834 -46
      vertex -24.3431453704834 -30 -46
    endloop
  endfacet
  facet normal 0 0 1
    outer loop
      vertex -25.691814422607422 -24.166629791259766 -46
      vertex -30 -24.3431453704834 -46
      vertex -25.667335510253906 -24.331653594970703 -46
    endloop
  endfacet
  facet normal 0 0 1
    outer loop
      vertex -25.700000762939453 -24 -46
      vertex -30 -24.3431453704834 -46
      vertex -25.691814422607422 -24.166629791259766 -46
    endloop
  endfacet
  facet normal 0 -1 0
    outer loop
      vertex -24.3431453704834 -30 -48
      vertex 24.3431453704834 -30 -46
      vertex -24.3431453704834 -30 -46
    endloop
  endfacet
  facet normal 0 -1 0
    outer loop
      vertex 24.3431453704834 -30 -46
      vertex -24.3431453704834 -30 -48
      vertex 24.3431453704834 -30 -48
    endloop
  endfacet
  facet normal 0.7071067811865475 -0.7071067811865475 0
    outer loop
      vertex 24.3431453704834 -30 -46
      vertex 30 -24.3431453704834 -48
      vertex 30 -24.3431453704834 -46
    endloop
  endfacet
  facet normal 0.7071067811865475 -0.7071067811865475 0
    outer loop
      vertex 30 -24.3431453704834 -48
      vertex 24.3431453704834 -30 -46
      vertex 24.3431453704834 -30 -48
    endloop
  endfacet
  facet normal 0.7071067811865475 -0.7071067811865475 0
    outer loop
      vertex -21.299999237060547 17.057357788085938 -46
      vertex -17.057357788085938 21.299999237060547 -48
      vertex -17.057357788085938 21.299999237060547 -46
    endloop
  endfacet
  facet normal 0.7071067811865475 -0.7071067811865475 0
    outer loop
      vertex -17.057357788085938 21.299999237060547 -48
      vertex -21.299999237060547 17.057357788085938 -46
      vertex -21.299999237060547 17.057357788085938 -48
    endloop
  endfacet
  facet normal 0.7071067811865475 0.7071067811865475 0
    outer loop
      vertex -17.057357788085938 -21.299999237060547 -46
      vertex -21.299999237060547 -17.057357788085938 -48
      vertex -21.299999237060547 -17.057357788085938 -46
    endloop
  endfacet
  facet normal 0.7071067811865475 0.7071067811865475 0
    outer loop
      vertex -21.299999237060547 -17.057357788085938 -48
      vertex -17.057357788085938 -21.299999237060547 -46
      vertex -17.057357788085938 -21.299999237060547 -48
    endloop
  endfacet
  facet normal -0.7071067811865475 -0.7071067811865475 0
    outer loop
      vertex 21.299999237060547 17.057357788085938 -48
      vertex 17.057357788085938 21.299999237060547 -46
      vertex 17.057357788085938 21.299999237060547 -48
    endloop
  endfacet
  facet normal -0.7071067811865475 -0.7071067811865475 0
    outer loop
      vertex 17.057357788085938 21.299999237060547 -46
      vertex 21.299999237060547 17.057357788085938 -48
      vertex 21.299999237060547 17.057357788085938 -46
    endloop
  endfacet
  facet normal -1 0 0
    outer loop
      vertex 21.299999237060547 -17.057357788085938 -48
      vertex 21.299999237060547 17.057357788085938 -46
      vertex 21.299999237060547 17.057357788085938 -48
    endloop
  endfacet
  facet normal -1 0 0
    outer loop
      vertex 21.299999237060547 17.057357788085938 -46
      vertex 21.299999237060547 -17.057357788085938 -48
      vertex 21.299999237060547 -17.057357788085938 -46
    endloop
  endfacet
  facet normal 0 -1 0
    outer loop
      vertex -17.057357788085938 21.299999237060547 -48
      vertex 17.057357788085938 21.299999237060547 -46
      vertex -17.057357788085938 21.299999237060547 -46
    endloop
  endfacet
  facet normal 0 -1 0
    outer loop
      vertex 17.057357788085938 21.299999237060547 -46
      vertex -17.057357788085938 21.299999237060547 -48
      vertex 17.057357788085938 21.299999237060547 -48
    endloop
  endfacet
  facet normal 1 0 0
    outer loop
      vertex -21.299999237060547 -17.057357788085938 -46
      vertex -21.299999237060547 17.057357788085938 -48
      vertex -21.299999237060547 17.057357788085938 -46
    endloop
  endfacet
  facet normal 1 0 0
    outer loop
      vertex -21.299999237060547 17.057357788085938 -48
      vertex -21.299999237060547 -17.057357788085938 -46
      vertex -21.299999237060547 -17.057357788085938 -48
    endloop
  endfacet
  facet normal 0 1 0
    outer loop
      vertex 17.057357788085938 -21.299999237060547 -48
      vertex -17.057357788085938 -21.299999237060547 -46
      vertex 17.057357788085938 -21.299999237060547 -46
    endloop
  endfacet
  facet normal 0 1 0
    outer loop
      vertex -17.057357788085938 -21.299999237060547 -46
      vertex 17.057357788085938 -21.299999237060547 -48
      vertex -17.057357788085938 -21.299999237060547 -48
    endloop
  endfacet
  facet normal -0.7071067811865475 0.7071067811865475 0
    outer loop
      vertex 17.057357788085938 -21.299999237060547 -48
      vertex 21.299999237060547 -17.057357788085938 -46
      vertex 21.299999237060547 -17.057357788085938 -48
    endloop
  endfacet
  facet normal -0.7071067811865475 0.7071067811865475 0
    outer loop
      vertex 21.299999237060547 -17.057357788085938 -46
      vertex 17.057357788085938 -21.299999237060547 -48
      vertex 17.057357788085938 -21.299999237060547 -46
    endloop
  endfacet
endsolid OpenSCAD_Model
